user_input,retrieved_contexts,response,faithfulness,answer_relevancy
How much does the Data Line 1.8 GB package cost?,"['Package: Data Line 1.8 GB The Data Line 1.8 GB is one of the e& Egypt Data Line\nIts price is 46 EGP before tax. The basic package is 1.8 GB, and with the ""Double\nthe Package"" offer, the customer gets a total of 3.6 GB on the first recharge. Package\nvalidity: one month. • Package Name: Data Line 1.8 GB within the e& Egypt Data Line packages. • Price of Data Line 1.8 GB: 46 EGP before tax. • Basic Quota in Data Line 1.8 GB: 1.8 GB. • Total Internet in Data Line 1.8 GB with Double Offer (first recharge): 3.6 GB. • Validity of Data Line 1.8 GB: One month. • Renewal of Data Line 1.8 GB: By sending the number 1 to 130, dialing *130#, or\nthrough the My e& Egypt app. • Compatible Devices for Data Line 1.8 GB: Portable MiFi devices and USB Modems\nonly.', 'Package: Data Line 8 GB The Data Line 8 GB is one of the e& Egypt Data Line packages. Its\nprice is 150 EGP before tax. The basic package is 8 GB, and with the ""Double the Package""\noffer, the customer gets a total of 16 GB on the first recharge. Package validity: three\nmonths. • Package Name: Data Line 8 GB within the e& Egypt Data Line packages. • Price of Data Line 8 GB: 150 EGP before tax. • Basic Quota in Data Line 8 GB: 8 GB.', 'Package: Data Line 72 GB The Data Line 72 GB is one of the e& Egypt Data Line packages.\nIts price is 900 EGP before tax. The basic package is 72 GB, and with the ""Double the\nPackage"" offer, the customer gets a total of 144 GB on the first recharge. Package validity:\nsix months. • Package Name: Data Line 72 GB within the e& Egypt Data Line packages. • Price of Data Line 72 GB: 900 EGP before tax. • Basic Quota in Data Line 72 GB: 72 GB. • Total Internet in Data Line 72 GB with Double Offer (first recharge): 144 GB. • Validity of Data Line 72 GB: Six months. • Renewal of Data Line 72 GB: By sending the number 1 to 130, dialing *130#, or\nthrough the My e& Egypt app. • Compatible Devices for Data Line 72 GB: Portable MiFi devices and USB Modems\nonly. 3. ""Double the Package"" Offer on the Data Line\nThe ""Double the Package"" offer on the e& Egypt Data Line is a promotional offer for every\nnew customer, doubling the internet quota on the first recharge. Offer Conditions:\n• The Double the Package offer on the e& Egypt Data Line is available on the first\nrecharge only for any of the Data Line packages. • The Double the Package offer on the e& Egypt Data Line does not repeat upon\nrenewing the package after the first recharge. • The validity of the Double the Package offer on the e& Egypt Data Line follows the\nvalidity of the basic package itself (1 month, 3 months, or 6 months depending on\nthe chosen package). Doubled Value per Package:\n• In the e& Egypt Data Line 1.8 GB package: The basic 1.8 GB becomes 3.6 GB on the\nfirst recharge only with the double offer. • In the e& Egypt Data Line 2.5 GB package: The basic 2.5 GB becomes 5 GB on the\nfirst recharge only with the double offer. • In the e& Egypt Data Line 3.5 GB package: The basic 3.5 GB becomes 7 GB on the\nfirst recharge only with the double offer. • In the e& Egypt Data Line 8 GB package: The basic 8 GB becomes 16 GB on the first\nrecharge only with the double offer. • In the e& Egypt Data Line 14 GB package: The basic 14 GB becomes 28 GB on the\nfirst recharge only with the double offer. • In the e& Egypt Data Line 25 GB package: The basic 25 GB becomes 50 GB on the\nfirst recharge only with the double offer. • In the e& Egypt Data Line 45 GB package: The basic 45 GB becomes 90 GB on the\nfirst recharge only with the double offer. • In the e& Egypt Data Line 72 GB package: The basic 72 GB becomes 144 GB on the\nfirst recharge only with the double offer. 4. Add-on Data Line Packages\nIn addition to the core packages, an e& Egypt Data Line customer can purchase small add-\non packages when extra internet is needed. Add-on Package: Extra 500 MB Extra 500 MB is an add-on package for the e& Egypt Data\nLine. Its price is 15 EGP. It grants the customer 500 MB of extra internet valid for one\nmonth. • Add-on Package Name: Extra 500 MB on the e& Egypt Data Line. • Price of Extra 500 MB: 15 EGP. • Extra Internet Volume in Extra 500 MB: 500 MB. • Validity of Extra 500 MB: One month. • How to Subscribe to Extra 500 MB: Send the number 1 in an SMS to 138. Add-on Package: Extra 1 GB Extra 1 GB is an add-on package for the e& Egypt Data Line. Its price is 29 EGP. It grants the customer 1 GB of extra internet valid for one month. • Add-on Package Name: Extra 1 GB on the e& Egypt Data Line. • Price of Extra 1 GB: 29 EGP. • Extra Internet Volume in Extra 1 GB: 1 GB. • Validity of Extra 1 GB: One month. • How to Subscribe to Extra 1 GB: Send the number 2 in an SMS to 138.', 'Package: Data Line 8 GB The Data Line 8 GB is one of the e& Egypt Data Line packages. Its\n• Total Internet in Data Line 8 GB with Double Offer (first recharge): 16 GB. • Validity of Data Line 8 GB: Three months. • Renewal of Data Line 8 GB: By sending the number 1 to 130, dialing *130#, or\nthrough the My e& Egypt app. • Compatible Devices for Data Line 8 GB: Portable MiFi devices and USB Modems\nonly.', 'Package: Data Line 2.5 GB The Data Line 2.5 GB is one of the e& Egypt Data Line\nIts price is 69 EGP before tax. The basic package is 2.5 GB, and with the ""Double\nthe Package"" offer, the customer gets a total of 5 GB on the first recharge. Package validity:\none month. • Package Name: Data Line 2.5 GB within the e& Egypt Data Line packages. • Price of Data Line 2.5 GB: 69 EGP before tax. • Basic Quota in Data Line 2.5 GB: 2.5 GB. • Total Internet in Data Line 2.5 GB with Double Offer (first recharge): 5 GB. • Validity of Data Line 2.5 GB: One month. • Renewal of Data Line 2.5 GB: By sending the number 1 to 130, dialing *130#, or\nthrough the My e& Egypt app. • Compatible Devices for Data Line 2.5 GB: Portable MiFi devices and USB Modems\nonly. Three-Month Validity Packages\nThe 3-month validity packages in the e& Egypt Data Line include 5 packages, offering better\nvalue for regular customers.', 'Package: Data Line 3.5 GB The Data Line 3.5 GB is one of the e& Egypt Data Line\nIts price is 92 EGP before tax. The basic package is 3.5 GB, and with the ""Double\nthe Package"" offer, the customer gets a total of 7 GB on the first recharge. Package validity:\nthree months. • Package Name: Data Line 3.5 GB within the e& Egypt Data Line packages. • Price of Data Line 3.5 GB: 92 EGP before tax. • Basic Quota in Data Line 3.5 GB: 3.5 GB. • Total Internet in Data Line 3.5 GB with Double Offer (first recharge): 7 GB. • Validity of Data Line 3.5 GB: Three months. • Renewal of Data Line 3.5 GB: By sending the number 1 to 130, dialing *130#, or\nthrough the My e& Egypt app. • Compatible Devices for Data Line 3.5 GB: Portable MiFi devices and USB Modems\nonly.', 'Package: Data Line 14 GB The Data Line 14 GB is one of the e& Egypt Data Line packages.\nIts price is 225 EGP before tax. The basic package is 14 GB, and with the ""Double the\nPackage"" offer, the customer gets a total of 28 GB on the first recharge. Package validity:\nthree months. • Package Name: Data Line 14 GB within the e& Egypt Data Line packages. • Price of Data Line 14 GB: 225 EGP before tax. • Basic Quota in Data Line 14 GB: 14 GB.', 'Package: Data Line 25 GB The Data Line 25 GB is one of the e& Egypt Data Line packages.\nIts price is 375 EGP before tax. The basic package is 25 GB, and with the ""Double the\nPackage"" offer, the customer gets a total of 50 GB on the first recharge. Package validity:\nthree months. • Package Name: Data Line 25 GB within the e& Egypt Data Line packages. • Price of Data Line 25 GB: 375 EGP before tax. • Basic Quota in Data Line 25 GB: 25 GB.', 'Package: Data Line 45 GB The Data Line 45 GB is one of the e& Egypt Data Line packages.\nIts price is 600 EGP before tax. The basic package is 45 GB, and with the ""Double the\nPackage"" offer, the customer gets a total of 90 GB on the first recharge. Package validity:\nthree months. • Package Name: Data Line 45 GB within the e& Egypt Data Line packages. • Price of Data Line 45 GB: 600 EGP before tax. • Basic Quota in Data Line 45 GB: 45 GB.', 'Package: Data Line 72 GB The Data Line 72 GB is one of the e& Egypt Data Line packages.\nFrequently Asked Questions about Data Line Packages\nThe following FAQs are phrased so that a retrieval system can independently fetch the\ncomplete answer:\n• What are the e& Egypt Data Line packages? The e& Egypt Data Line is an internet\nSIM card dedicated to MiFi and USB Modem devices. It includes 8 packages ranging\nin size from 1.8 GB to 72 GB, priced from 46 EGP to 900 EGP, with validities ranging\nbetween 1 month and 6 months. • Does the Data Line work on a mobile phone?', 'Package: Data Line 72 GB The Data Line 72 GB is one of the e& Egypt Data Line packages.\nThe\noffer does not repeat upon renewal. • What is the difference between the 1-month, 3-month, and 6-month validity\npackages? In the e& Egypt Data Line, there are 3 validity tiers: one month (two\npackages: 1.8 and 2.5 GB), 3 months (5 packages from 3.5 to 45 GB), and 6 months\n(one package: 72 GB). The longer the validity, the larger the internet quota and the\ngreater the savings. • How does the customer renew the Data Line package? To renew the e& Egypt\nData Line package, the customer uses one of the following methods: sending the\nnumber 1 in an SMS to 130, dialing the code *130#, or renewing through the My e&\nEgypt app. • What are the add-on packages for the Data Line? In the e& Egypt Data Line, there\nare two add-on packages: Extra 500 MB for 15 EGP (send 1 to 138), and Extra 1 GB\nfor 29 EGP (send 2 to 138). Both are valid for one month. • What is the largest package on the Data Line? The largest package on the e&\nEgypt Data Line is the Data Line 72 GB for 900 EGP before tax. The basic package is\n72 GB, and with the ""Double the Package"" offer it becomes 144 GB on the first\nrecharge, with a validity of 6 months. • What is the cheapest package on the Data Line? The cheapest package on the e&\nEgypt Data Line is the Data Line 1.8 GB for 46 EGP before tax. The basic package is\n1.8 GB, and with the ""Double the Package"" offer it becomes 3.6 GB on the first\nrecharge, with a validity of one month. • What is the difference between the Data Line and eHome Wireless? The e&\nEgypt Data Line is a portable internet SIM for MiFi and USB Modems, offering\nrelatively smaller quotas and shorter validities. eHome Wireless, on the other hand,\nis a fixed wireless home internet service with higher speeds and a dedicated router. The Data Line is for portable and occasional use, while eHome Wireless is for\npermanent home/office use. • Does a MiFi device require a special SIM card? Yes. A MiFi device requires an e&\nEgypt Data Line SIM card to work. The SIM card determines the package type and\nthe available internet quota. • Can the gigabytes from the ""Double the Package"" offer be used freely?', 'Package: Data Line 25 GB The Data Line 25 GB is one of the e& Egypt Data Line packages.\n• Total Internet in Data Line 25 GB with Double Offer (first recharge): 50 GB. • Validity of Data Line 25 GB: Three months. • Renewal of Data Line 25 GB: By sending the number 1 to 130, dialing *130#, or\nthrough the My e& Egypt app. • Compatible Devices for Data Line 25 GB: Portable MiFi devices and USB Modems\nonly.', 'Package: Data Line 14 GB The Data Line 14 GB is one of the e& Egypt Data Line packages.\n• Total Internet in Data Line 14 GB with Double Offer (first recharge): 28 GB. • Validity of Data Line 14 GB: Three months. • Renewal of Data Line 14 GB: By sending the number 1 to 130, dialing *130#, or\nthrough the My e& Egypt app. • Compatible Devices for Data Line 14 GB: Portable MiFi devices and USB Modems\nonly.', 'Package: Data Line 72 GB The Data Line 72 GB is one of the e& Egypt Data Line packages.\nNo. The e& Egypt Data Line\npackages are exclusively dedicated to MiFi and USB Modem devices only, and do\nnot work on mobile phones. • What is the ""Double the Package"" offer? The ""Double the Package"" offer on the e&\nEgypt Data Line doubles the internet quota on the first recharge only for every\ncustomer. For example, a 25 GB package becomes 50 GB on the first recharge.', 'Package: Data Line 45 GB The Data Line 45 GB is one of the e& Egypt Data Line packages.\n• Total Internet in Data Line 45 GB with Double Offer (first recharge): 90 GB. • Validity of Data Line 45 GB: Three months. • Renewal of Data Line 45 GB: By sending the number 1 to 130, dialing *130#, or\nthrough the My e& Egypt app. • Compatible Devices for Data Line 45 GB: Portable MiFi devices and USB Modems\nonly. Six-Month Validity Package\nThe 6-month validity package in the e& Egypt Data Line is the largest and most valuable,\ndedicated to customers who need heavy internet usage over a long term.']","The Data Line 1.8 GB package costs **46 EGP before tax**. 

- Basic Quota: 1.8 GB
- With ""Double the Package"" offer on the first recharge: 3.6 GB
- Validity: One month
- Compatible Devices: Portable MiFi devices and USB Modems only

You can renew it by sending the number 1 to 130, dialing `*130#`, or through the My e& Egypt app[1].",1.0,0.9683069088415542
What is the total internet I get on Data Line 1.8 GB with the Double the Package offer?,"['Package: Data Line 1.8 GB The Data Line 1.8 GB is one of the e& Egypt Data Line\nIts price is 46 EGP before tax. The basic package is 1.8 GB, and with the ""Double\nthe Package"" offer, the customer gets a total of 3.6 GB on the first recharge. Package\nvalidity: one month. • Package Name: Data Line 1.8 GB within the e& Egypt Data Line packages. • Price of Data Line 1.8 GB: 46 EGP before tax. • Basic Quota in Data Line 1.8 GB: 1.8 GB. • Total Internet in Data Line 1.8 GB with Double Offer (first recharge): 3.6 GB. • Validity of Data Line 1.8 GB: One month. • Renewal of Data Line 1.8 GB: By sending the number 1 to 130, dialing *130#, or\nthrough the My e& Egypt app. • Compatible Devices for Data Line 1.8 GB: Portable MiFi devices and USB Modems\nonly.', 'Package: Data Line 8 GB The Data Line 8 GB is one of the e& Egypt Data Line packages. Its\n• Total Internet in Data Line 8 GB with Double Offer (first recharge): 16 GB. • Validity of Data Line 8 GB: Three months. • Renewal of Data Line 8 GB: By sending the number 1 to 130, dialing *130#, or\nthrough the My e& Egypt app. • Compatible Devices for Data Line 8 GB: Portable MiFi devices and USB Modems\nonly.', 'Package: Data Line 8 GB The Data Line 8 GB is one of the e& Egypt Data Line packages. Its\nprice is 150 EGP before tax. The basic package is 8 GB, and with the ""Double the Package""\noffer, the customer gets a total of 16 GB on the first recharge. Package validity: three\nmonths. • Package Name: Data Line 8 GB within the e& Egypt Data Line packages. • Price of Data Line 8 GB: 150 EGP before tax. • Basic Quota in Data Line 8 GB: 8 GB.', 'Package: Data Line 3.5 GB The Data Line 3.5 GB is one of the e& Egypt Data Line\nIts price is 92 EGP before tax. The basic package is 3.5 GB, and with the ""Double\nthe Package"" offer, the customer gets a total of 7 GB on the first recharge. Package validity:\nthree months. • Package Name: Data Line 3.5 GB within the e& Egypt Data Line packages. • Price of Data Line 3.5 GB: 92 EGP before tax. • Basic Quota in Data Line 3.5 GB: 3.5 GB. • Total Internet in Data Line 3.5 GB with Double Offer (first recharge): 7 GB. • Validity of Data Line 3.5 GB: Three months. • Renewal of Data Line 3.5 GB: By sending the number 1 to 130, dialing *130#, or\nthrough the My e& Egypt app. • Compatible Devices for Data Line 3.5 GB: Portable MiFi devices and USB Modems\nonly.', 'Package: Data Line 2.5 GB The Data Line 2.5 GB is one of the e& Egypt Data Line\nIts price is 69 EGP before tax. The basic package is 2.5 GB, and with the ""Double\nthe Package"" offer, the customer gets a total of 5 GB on the first recharge. Package validity:\none month. • Package Name: Data Line 2.5 GB within the e& Egypt Data Line packages. • Price of Data Line 2.5 GB: 69 EGP before tax. • Basic Quota in Data Line 2.5 GB: 2.5 GB. • Total Internet in Data Line 2.5 GB with Double Offer (first recharge): 5 GB. • Validity of Data Line 2.5 GB: One month. • Renewal of Data Line 2.5 GB: By sending the number 1 to 130, dialing *130#, or\nthrough the My e& Egypt app. • Compatible Devices for Data Line 2.5 GB: Portable MiFi devices and USB Modems\nonly. Three-Month Validity Packages\nThe 3-month validity packages in the e& Egypt Data Line include 5 packages, offering better\nvalue for regular customers.', 'Package: Data Line 72 GB The Data Line 72 GB is one of the e& Egypt Data Line packages.\nIts price is 900 EGP before tax. The basic package is 72 GB, and with the ""Double the\nPackage"" offer, the customer gets a total of 144 GB on the first recharge. Package validity:\nsix months. • Package Name: Data Line 72 GB within the e& Egypt Data Line packages. • Price of Data Line 72 GB: 900 EGP before tax. • Basic Quota in Data Line 72 GB: 72 GB. • Total Internet in Data Line 72 GB with Double Offer (first recharge): 144 GB. • Validity of Data Line 72 GB: Six months. • Renewal of Data Line 72 GB: By sending the number 1 to 130, dialing *130#, or\nthrough the My e& Egypt app. • Compatible Devices for Data Line 72 GB: Portable MiFi devices and USB Modems\nonly. 3. ""Double the Package"" Offer on the Data Line\nThe ""Double the Package"" offer on the e& Egypt Data Line is a promotional offer for every\nnew customer, doubling the internet quota on the first recharge. Offer Conditions:\n• The Double the Package offer on the e& Egypt Data Line is available on the first\nrecharge only for any of the Data Line packages. • The Double the Package offer on the e& Egypt Data Line does not repeat upon\nrenewing the package after the first recharge. • The validity of the Double the Package offer on the e& Egypt Data Line follows the\nvalidity of the basic package itself (1 month, 3 months, or 6 months depending on\nthe chosen package). Doubled Value per Package:\n• In the e& Egypt Data Line 1.8 GB package: The basic 1.8 GB becomes 3.6 GB on the\nfirst recharge only with the double offer. • In the e& Egypt Data Line 2.5 GB package: The basic 2.5 GB becomes 5 GB on the\nfirst recharge only with the double offer. • In the e& Egypt Data Line 3.5 GB package: The basic 3.5 GB becomes 7 GB on the\nfirst recharge only with the double offer. • In the e& Egypt Data Line 8 GB package: The basic 8 GB becomes 16 GB on the first\nrecharge only with the double offer. • In the e& Egypt Data Line 14 GB package: The basic 14 GB becomes 28 GB on the\nfirst recharge only with the double offer. • In the e& Egypt Data Line 25 GB package: The basic 25 GB becomes 50 GB on the\nfirst recharge only with the double offer. • In the e& Egypt Data Line 45 GB package: The basic 45 GB becomes 90 GB on the\nfirst recharge only with the double offer. • In the e& Egypt Data Line 72 GB package: The basic 72 GB becomes 144 GB on the\nfirst recharge only with the double offer. 4. Add-on Data Line Packages\nIn addition to the core packages, an e& Egypt Data Line customer can purchase small add-\non packages when extra internet is needed. Add-on Package: Extra 500 MB Extra 500 MB is an add-on package for the e& Egypt Data\nLine. Its price is 15 EGP. It grants the customer 500 MB of extra internet valid for one\nmonth. • Add-on Package Name: Extra 500 MB on the e& Egypt Data Line. • Price of Extra 500 MB: 15 EGP. • Extra Internet Volume in Extra 500 MB: 500 MB. • Validity of Extra 500 MB: One month. • How to Subscribe to Extra 500 MB: Send the number 1 in an SMS to 138. Add-on Package: Extra 1 GB Extra 1 GB is an add-on package for the e& Egypt Data Line. Its price is 29 EGP. It grants the customer 1 GB of extra internet valid for one month. • Add-on Package Name: Extra 1 GB on the e& Egypt Data Line. • Price of Extra 1 GB: 29 EGP. • Extra Internet Volume in Extra 1 GB: 1 GB. • Validity of Extra 1 GB: One month. • How to Subscribe to Extra 1 GB: Send the number 2 in an SMS to 138.', 'Package: Data Line 14 GB The Data Line 14 GB is one of the e& Egypt Data Line packages.\n• Total Internet in Data Line 14 GB with Double Offer (first recharge): 28 GB. • Validity of Data Line 14 GB: Three months. • Renewal of Data Line 14 GB: By sending the number 1 to 130, dialing *130#, or\nthrough the My e& Egypt app. • Compatible Devices for Data Line 14 GB: Portable MiFi devices and USB Modems\nonly.', 'Package: Data Line 25 GB The Data Line 25 GB is one of the e& Egypt Data Line packages.\n• Total Internet in Data Line 25 GB with Double Offer (first recharge): 50 GB. • Validity of Data Line 25 GB: Three months. • Renewal of Data Line 25 GB: By sending the number 1 to 130, dialing *130#, or\nthrough the My e& Egypt app. • Compatible Devices for Data Line 25 GB: Portable MiFi devices and USB Modems\nonly.', 'Package: Data Line 45 GB The Data Line 45 GB is one of the e& Egypt Data Line packages.\n• Total Internet in Data Line 45 GB with Double Offer (first recharge): 90 GB. • Validity of Data Line 45 GB: Three months. • Renewal of Data Line 45 GB: By sending the number 1 to 130, dialing *130#, or\nthrough the My e& Egypt app. • Compatible Devices for Data Line 45 GB: Portable MiFi devices and USB Modems\nonly. Six-Month Validity Package\nThe 6-month validity package in the e& Egypt Data Line is the largest and most valuable,\ndedicated to customers who need heavy internet usage over a long term.', 'Package: Data Line 14 GB The Data Line 14 GB is one of the e& Egypt Data Line packages.\nIts price is 225 EGP before tax. The basic package is 14 GB, and with the ""Double the\nPackage"" offer, the customer gets a total of 28 GB on the first recharge. Package validity:\nthree months. • Package Name: Data Line 14 GB within the e& Egypt Data Line packages. • Price of Data Line 14 GB: 225 EGP before tax. • Basic Quota in Data Line 14 GB: 14 GB.', 'Package: Data Line 25 GB The Data Line 25 GB is one of the e& Egypt Data Line packages.\nIts price is 375 EGP before tax. The basic package is 25 GB, and with the ""Double the\nPackage"" offer, the customer gets a total of 50 GB on the first recharge. Package validity:\nthree months. • Package Name: Data Line 25 GB within the e& Egypt Data Line packages. • Price of Data Line 25 GB: 375 EGP before tax. • Basic Quota in Data Line 25 GB: 25 GB.', 'Package: Data Line 45 GB The Data Line 45 GB is one of the e& Egypt Data Line packages.\nIts price is 600 EGP before tax. The basic package is 45 GB, and with the ""Double the\nPackage"" offer, the customer gets a total of 90 GB on the first recharge. Package validity:\nthree months. • Package Name: Data Line 45 GB within the e& Egypt Data Line packages. • Price of Data Line 45 GB: 600 EGP before tax. • Basic Quota in Data Line 45 GB: 45 GB.', 'Package: Data Line 72 GB The Data Line 72 GB is one of the e& Egypt Data Line packages.\nNo. The e& Egypt Data Line\npackages are exclusively dedicated to MiFi and USB Modem devices only, and do\nnot work on mobile phones. • What is the ""Double the Package"" offer? The ""Double the Package"" offer on the e&\nEgypt Data Line doubles the internet quota on the first recharge only for every\ncustomer. For example, a 25 GB package becomes 50 GB on the first recharge.', 'Package: Data Line 72 GB The Data Line 72 GB is one of the e& Egypt Data Line packages.\nYes. In\nthe e& Egypt Data Line, the gigabytes from the ""Double the Package"" offer are used\nin the same way as the core package without any additional restrictions, and their\nvalidity follows the validity of the core package itself.', 'Package: Data Line 72 GB The Data Line 72 GB is one of the e& Egypt Data Line packages.\nThe\noffer does not repeat upon renewal. • What is the difference between the 1-month, 3-month, and 6-month validity\npackages? In the e& Egypt Data Line, there are 3 validity tiers: one month (two\npackages: 1.8 and 2.5 GB), 3 months (5 packages from 3.5 to 45 GB), and 6 months\n(one package: 72 GB). The longer the validity, the larger the internet quota and the\ngreater the savings. • How does the customer renew the Data Line package? To renew the e& Egypt\nData Line package, the customer uses one of the following methods: sending the\nnumber 1 in an SMS to 130, dialing the code *130#, or renewing through the My e&\nEgypt app. • What are the add-on packages for the Data Line? In the e& Egypt Data Line, there\nare two add-on packages: Extra 500 MB for 15 EGP (send 1 to 138), and Extra 1 GB\nfor 29 EGP (send 2 to 138). Both are valid for one month. • What is the largest package on the Data Line? The largest package on the e&\nEgypt Data Line is the Data Line 72 GB for 900 EGP before tax. The basic package is\n72 GB, and with the ""Double the Package"" offer it becomes 144 GB on the first\nrecharge, with a validity of 6 months. • What is the cheapest package on the Data Line? The cheapest package on the e&\nEgypt Data Line is the Data Line 1.8 GB for 46 EGP before tax. The basic package is\n1.8 GB, and with the ""Double the Package"" offer it becomes 3.6 GB on the first\nrecharge, with a validity of one month. • What is the difference between the Data Line and eHome Wireless? The e&\nEgypt Data Line is a portable internet SIM for MiFi and USB Modems, offering\nrelatively smaller quotas and shorter validities. eHome Wireless, on the other hand,\nis a fixed wireless home internet service with higher speeds and a dedicated router. The Data Line is for portable and occasional use, while eHome Wireless is for\npermanent home/office use. • Does a MiFi device require a special SIM card? Yes. A MiFi device requires an e&\nEgypt Data Line SIM card to work. The SIM card determines the package type and\nthe available internet quota. • Can the gigabytes from the ""Double the Package"" offer be used freely?']","With the Data Line 1.8 GB package and the Double the Package offer, you get a total of **3.6 GB** of internet on the first recharge. The basic package is 1.8 GB, and the offer doubles it to 3.6 GB. The package validity is one month [1].",1.0,0.97303259997105
What devices can I use with a Data Line SIM?,"['Package: Data Line 72 GB The Data Line 72 GB is one of the e& Egypt Data Line packages.\n5. Supported Devices for the Data Line\nThe e& Egypt Data Line is exclusively dedicated to two types of portable internet devices:\nMiFi Device: A MiFi (Mobile Wi-Fi) is a small, portable internet router that operates with an\ne& Egypt Data Line SIM card and broadcasts a Wi-Fi signal to multiple devices\nsimultaneously. It is suitable for travel or in places without fixed internet. • A MiFi device accepts the e& Egypt Data Line SIM card. • A MiFi device broadcasts a local Wi-Fi network that allows multiple devices to\nconnect (phone, laptop, tablet). • A MiFi device runs on an internal battery, making it suitable for mobile use. USB Modem Device: A USB Modem is a small portable internet device that plugs into a\nUSB port on a computer or laptop, using an e& Egypt Data Line SIM card to provide internet\nto only one device. • A USB Modem device accepts the e& Egypt Data Line SIM card. • A USB Modem device provides an internet connection to only one device (usually\nthe connected computer). • A USB Modem device draws power from the USB port and does not require a\nseparate battery.', 'Package: Data Line 72 GB The Data Line 72 GB is one of the e& Egypt Data Line packages.\n6. Data Line Package Control and Subscription\nTo manage e& Egypt Data Line packages, the customer uses the following channels:\n• Code *130# from the Data Line to manage the package, check balance, and renew. • Sending the number 1 in an SMS to 130 to renew the e& Egypt Data Line package. • My e& Egypt App to subscribe to Data Line packages and renew them at any time. • Code (Sending the number 1 to 138) to purchase the Extra 500 MB add-on package\non the e& Egypt Data Line. • Code (Sending the number 2 to 138) to purchase the Extra 1 GB add-on package\non the e& Egypt Data Line. 7. Data Line Packages Terms and Conditions\nThe following conditions apply to the e& Egypt Data Line packages. Each item is written as\nan independent retrievable fact:\n• In the e& Egypt Data Line packages, the customer can control the package via the\nMy e& Egypt app or by dialing the code *130#. • The prices of the e& Egypt Data Line packages are exclusive of tax. • In the e& Egypt Data Line packages, the ""Double the Package"" offer is available on\nthe first recharge only for each Data Line package, and does not repeat upon\nrenewal. • The e& Egypt Data Line packages work exclusively on MiFi and USB Modem devices,\nand do not work on mobile phones. • A Data Line customer can renew the package by sending the number 1 in an SMS to\n130, or by dialing the code *130#. • A Data Line customer can renew their package at any time through the My e& Egypt\napp. • In the e& Egypt Data Line packages, the validity of the ""Double the Package"" offer\nfollows the validity of the core package itself (1 month, 3 months, or 6 months). 8. Glossary of Terms\n• Data Line: An internet SIM card from e& Egypt dedicated exclusively to MiFi and\nUSB Modems (not for mobiles). It includes 8 packages priced from 46 to 900 EGP,\nwith validities ranging from 1 to 6 months. • MiFi Device: A small, portable Mobile Wi-Fi device that uses an e& Egypt Data Line\nSIM card to broadcast a Wi-Fi signal to multiple devices. Suitable for mobile use as\nit runs on a battery. • USB Modem Device: A portable internet device that plugs into a computer\'s USB\nport, using an e& Egypt Data Line SIM card to provide internet to a single device. • Double the Package Offer: A promotional offer on the e& Egypt Data Line that\ndoubles the internet quota on the first recharge only for any package. For example,\na 1.8 GB package becomes 3.6 GB for the first month, and a 72 GB package\nbecomes 144 GB for the first 6 months. • Extra Packages: Two add-on packages on the e& Egypt Data Line: Extra 500 MB (15\nEGP) and Extra 1 GB (29 EGP), used by the customer when extra internet is needed. • Code *130#: The main control code for the e& Egypt Data Line, used by the\ncustomer to inquire about their package and renew it. • Number 130: The number to which an e& Egypt Data Line customer sends an SMS\ncontaining the number 1 to renew their package. • Number 138: The number to which an e& Egypt Data Line customer sends an SMS\nto purchase add-on packages: number 1 for Extra 500 MB, and number 2 for Extra 1\nGB. 9.', 'Package: Data Line 72 GB The Data Line 72 GB is one of the e& Egypt Data Line packages.\nFrequently Asked Questions about Data Line Packages\nThe following FAQs are phrased so that a retrieval system can independently fetch the\ncomplete answer:\n• What are the e& Egypt Data Line packages? The e& Egypt Data Line is an internet\nSIM card dedicated to MiFi and USB Modem devices. It includes 8 packages ranging\nin size from 1.8 GB to 72 GB, priced from 46 EGP to 900 EGP, with validities ranging\nbetween 1 month and 6 months. • Does the Data Line work on a mobile phone?', 'Package: Data Line 72 GB The Data Line 72 GB is one of the e& Egypt Data Line packages.\nThe\noffer does not repeat upon renewal. • What is the difference between the 1-month, 3-month, and 6-month validity\npackages? In the e& Egypt Data Line, there are 3 validity tiers: one month (two\npackages: 1.8 and 2.5 GB), 3 months (5 packages from 3.5 to 45 GB), and 6 months\n(one package: 72 GB). The longer the validity, the larger the internet quota and the\ngreater the savings. • How does the customer renew the Data Line package? To renew the e& Egypt\nData Line package, the customer uses one of the following methods: sending the\nnumber 1 in an SMS to 130, dialing the code *130#, or renewing through the My e&\nEgypt app. • What are the add-on packages for the Data Line? In the e& Egypt Data Line, there\nare two add-on packages: Extra 500 MB for 15 EGP (send 1 to 138), and Extra 1 GB\nfor 29 EGP (send 2 to 138). Both are valid for one month. • What is the largest package on the Data Line? The largest package on the e&\nEgypt Data Line is the Data Line 72 GB for 900 EGP before tax. The basic package is\n72 GB, and with the ""Double the Package"" offer it becomes 144 GB on the first\nrecharge, with a validity of 6 months. • What is the cheapest package on the Data Line? The cheapest package on the e&\nEgypt Data Line is the Data Line 1.8 GB for 46 EGP before tax. The basic package is\n1.8 GB, and with the ""Double the Package"" offer it becomes 3.6 GB on the first\nrecharge, with a validity of one month. • What is the difference between the Data Line and eHome Wireless? The e&\nEgypt Data Line is a portable internet SIM for MiFi and USB Modems, offering\nrelatively smaller quotas and shorter validities. eHome Wireless, on the other hand,\nis a fixed wireless home internet service with higher speeds and a dedicated router. The Data Line is for portable and occasional use, while eHome Wireless is for\npermanent home/office use. • Does a MiFi device require a special SIM card? Yes. A MiFi device requires an e&\nEgypt Data Line SIM card to work. The SIM card determines the package type and\nthe available internet quota. • Can the gigabytes from the ""Double the Package"" offer be used freely?', 'Package: Data Line 72 GB The Data Line 72 GB is one of the e& Egypt Data Line packages.\nNo. The e& Egypt Data Line\npackages are exclusively dedicated to MiFi and USB Modem devices only, and do\nnot work on mobile phones. • What is the ""Double the Package"" offer? The ""Double the Package"" offer on the e&\nEgypt Data Line doubles the internet quota on the first recharge only for every\ncustomer. For example, a 25 GB package becomes 50 GB on the first recharge.', 'Package: Data Line 8 GB The Data Line 8 GB is one of the e& Egypt Data Line packages. Its\n• Total Internet in Data Line 8 GB with Double Offer (first recharge): 16 GB. • Validity of Data Line 8 GB: Three months. • Renewal of Data Line 8 GB: By sending the number 1 to 130, dialing *130#, or\nthrough the My e& Egypt app. • Compatible Devices for Data Line 8 GB: Portable MiFi devices and USB Modems\nonly.', 'Package: Data Line 14 GB The Data Line 14 GB is one of the e& Egypt Data Line packages.\n• Total Internet in Data Line 14 GB with Double Offer (first recharge): 28 GB. • Validity of Data Line 14 GB: Three months. • Renewal of Data Line 14 GB: By sending the number 1 to 130, dialing *130#, or\nthrough the My e& Egypt app. • Compatible Devices for Data Line 14 GB: Portable MiFi devices and USB Modems\nonly.', 'Package: Data Line 25 GB The Data Line 25 GB is one of the e& Egypt Data Line packages.\n• Total Internet in Data Line 25 GB with Double Offer (first recharge): 50 GB. • Validity of Data Line 25 GB: Three months. • Renewal of Data Line 25 GB: By sending the number 1 to 130, dialing *130#, or\nthrough the My e& Egypt app. • Compatible Devices for Data Line 25 GB: Portable MiFi devices and USB Modems\nonly.', 'Package: Data Line 45 GB The Data Line 45 GB is one of the e& Egypt Data Line packages.\n• Total Internet in Data Line 45 GB with Double Offer (first recharge): 90 GB. • Validity of Data Line 45 GB: Three months. • Renewal of Data Line 45 GB: By sending the number 1 to 130, dialing *130#, or\nthrough the My e& Egypt app. • Compatible Devices for Data Line 45 GB: Portable MiFi devices and USB Modems\nonly. Six-Month Validity Package\nThe 6-month validity package in the e& Egypt Data Line is the largest and most valuable,\ndedicated to customers who need heavy internet usage over a long term.', 'package: 50 EGP per month for a data line, and 100 EGP per month for a voice line.\n8. Glossary of Terms\n• Emerald: The premium postpaid mobile package program from e& Egypt, marketed\nas ""Emerald Family"". It includes five tiered packages: Emerald 430, Emerald 780,', 'Package: Data Line 72 GB The Data Line 72 GB is one of the e& Egypt Data Line packages.\nYes. In\nthe e& Egypt Data Line, the gigabytes from the ""Double the Package"" offer are used\nin the same way as the core package without any additional restrictions, and their\nvalidity follows the validity of the core package itself.', 'Package: Data Line 72 GB The Data Line 72 GB is one of the e& Egypt Data Line packages.\nIts price is 900 EGP before tax. The basic package is 72 GB, and with the ""Double the\nPackage"" offer, the customer gets a total of 144 GB on the first recharge. Package validity:\nsix months. • Package Name: Data Line 72 GB within the e& Egypt Data Line packages. • Price of Data Line 72 GB: 900 EGP before tax. • Basic Quota in Data Line 72 GB: 72 GB. • Total Internet in Data Line 72 GB with Double Offer (first recharge): 144 GB. • Validity of Data Line 72 GB: Six months. • Renewal of Data Line 72 GB: By sending the number 1 to 130, dialing *130#, or\nthrough the My e& Egypt app. • Compatible Devices for Data Line 72 GB: Portable MiFi devices and USB Modems\nonly. 3. ""Double the Package"" Offer on the Data Line\nThe ""Double the Package"" offer on the e& Egypt Data Line is a promotional offer for every\nnew customer, doubling the internet quota on the first recharge. Offer Conditions:\n• The Double the Package offer on the e& Egypt Data Line is available on the first\nrecharge only for any of the Data Line packages. • The Double the Package offer on the e& Egypt Data Line does not repeat upon\nrenewing the package after the first recharge. • The validity of the Double the Package offer on the e& Egypt Data Line follows the\nvalidity of the basic package itself (1 month, 3 months, or 6 months depending on\nthe chosen package). Doubled Value per Package:\n• In the e& Egypt Data Line 1.8 GB package: The basic 1.8 GB becomes 3.6 GB on the\nfirst recharge only with the double offer. • In the e& Egypt Data Line 2.5 GB package: The basic 2.5 GB becomes 5 GB on the\nfirst recharge only with the double offer. • In the e& Egypt Data Line 3.5 GB package: The basic 3.5 GB becomes 7 GB on the\nfirst recharge only with the double offer. • In the e& Egypt Data Line 8 GB package: The basic 8 GB becomes 16 GB on the first\nrecharge only with the double offer. • In the e& Egypt Data Line 14 GB package: The basic 14 GB becomes 28 GB on the\nfirst recharge only with the double offer. • In the e& Egypt Data Line 25 GB package: The basic 25 GB becomes 50 GB on the\nfirst recharge only with the double offer. • In the e& Egypt Data Line 45 GB package: The basic 45 GB becomes 90 GB on the\nfirst recharge only with the double offer. • In the e& Egypt Data Line 72 GB package: The basic 72 GB becomes 144 GB on the\nfirst recharge only with the double offer. 4. Add-on Data Line Packages\nIn addition to the core packages, an e& Egypt Data Line customer can purchase small add-\non packages when extra internet is needed. Add-on Package: Extra 500 MB Extra 500 MB is an add-on package for the e& Egypt Data\nLine. Its price is 15 EGP. It grants the customer 500 MB of extra internet valid for one\nmonth. • Add-on Package Name: Extra 500 MB on the e& Egypt Data Line. • Price of Extra 500 MB: 15 EGP. • Extra Internet Volume in Extra 500 MB: 500 MB. • Validity of Extra 500 MB: One month. • How to Subscribe to Extra 500 MB: Send the number 1 in an SMS to 138. Add-on Package: Extra 1 GB Extra 1 GB is an add-on package for the e& Egypt Data Line. Its price is 29 EGP. It grants the customer 1 GB of extra internet valid for one month. • Add-on Package Name: Extra 1 GB on the e& Egypt Data Line. • Price of Extra 1 GB: 29 EGP. • Extra Internet Volume in Extra 1 GB: 1 GB. • Validity of Extra 1 GB: One month. • How to Subscribe to Extra 1 GB: Send the number 2 in an SMS to 138.', 'Package: Data Line 3.5 GB The Data Line 3.5 GB is one of the e& Egypt Data Line\nIts price is 92 EGP before tax. The basic package is 3.5 GB, and with the ""Double\nthe Package"" offer, the customer gets a total of 7 GB on the first recharge. Package validity:\nthree months. • Package Name: Data Line 3.5 GB within the e& Egypt Data Line packages. • Price of Data Line 3.5 GB: 92 EGP before tax. • Basic Quota in Data Line 3.5 GB: 3.5 GB. • Total Internet in Data Line 3.5 GB with Double Offer (first recharge): 7 GB. • Validity of Data Line 3.5 GB: Three months. • Renewal of Data Line 3.5 GB: By sending the number 1 to 130, dialing *130#, or\nthrough the My e& Egypt app. • Compatible Devices for Data Line 3.5 GB: Portable MiFi devices and USB Modems\nonly.', 'Package: Data Line 2.5 GB The Data Line 2.5 GB is one of the e& Egypt Data Line\nIts price is 69 EGP before tax. The basic package is 2.5 GB, and with the ""Double\nthe Package"" offer, the customer gets a total of 5 GB on the first recharge. Package validity:\none month. • Package Name: Data Line 2.5 GB within the e& Egypt Data Line packages. • Price of Data Line 2.5 GB: 69 EGP before tax. • Basic Quota in Data Line 2.5 GB: 2.5 GB. • Total Internet in Data Line 2.5 GB with Double Offer (first recharge): 5 GB. • Validity of Data Line 2.5 GB: One month. • Renewal of Data Line 2.5 GB: By sending the number 1 to 130, dialing *130#, or\nthrough the My e& Egypt app. • Compatible Devices for Data Line 2.5 GB: Portable MiFi devices and USB Modems\nonly. Three-Month Validity Packages\nThe 3-month validity packages in the e& Egypt Data Line include 5 packages, offering better\nvalue for regular customers.', 'Package: Data Line 8 GB The Data Line 8 GB is one of the e& Egypt Data Line packages. Its\nprice is 150 EGP before tax. The basic package is 8 GB, and with the ""Double the Package""\noffer, the customer gets a total of 16 GB on the first recharge. Package validity: three\nmonths. • Package Name: Data Line 8 GB within the e& Egypt Data Line packages. • Price of Data Line 8 GB: 150 EGP before tax. • Basic Quota in Data Line 8 GB: 8 GB.']","You can use the e& Egypt Data Line SIM card exclusively with the following devices:

- **MiFi Device:** A small, portable Mobile Wi-Fi router that uses the Data Line SIM card to broadcast a Wi-Fi signal to multiple devices (phone, laptop, tablet). It runs on an internal battery, making it suitable for mobile use.

- **USB Modem Device:** A portable internet device that plugs into a computer's USB port, using the Data Line SIM card to provide internet to only one device. It draws power from the USB port and does not require a separate battery.

Note that the Data Line SIM does **not** work on mobile phones; it is dedicated only to MiFi and USB Modem devices [1][2].",1.0,0.9108915092015212
How do I renew my Data Line package?,"['Package: Data Line 8 GB The Data Line 8 GB is one of the e& Egypt Data Line packages. Its\n• Total Internet in Data Line 8 GB with Double Offer (first recharge): 16 GB. • Validity of Data Line 8 GB: Three months. • Renewal of Data Line 8 GB: By sending the number 1 to 130, dialing *130#, or\nthrough the My e& Egypt app. • Compatible Devices for Data Line 8 GB: Portable MiFi devices and USB Modems\nonly.', 'Package: Data Line 72 GB The Data Line 72 GB is one of the e& Egypt Data Line packages.\n6. Data Line Package Control and Subscription\nTo manage e& Egypt Data Line packages, the customer uses the following channels:\n• Code *130# from the Data Line to manage the package, check balance, and renew. • Sending the number 1 in an SMS to 130 to renew the e& Egypt Data Line package. • My e& Egypt App to subscribe to Data Line packages and renew them at any time. • Code (Sending the number 1 to 138) to purchase the Extra 500 MB add-on package\non the e& Egypt Data Line. • Code (Sending the number 2 to 138) to purchase the Extra 1 GB add-on package\non the e& Egypt Data Line. 7. Data Line Packages Terms and Conditions\nThe following conditions apply to the e& Egypt Data Line packages. Each item is written as\nan independent retrievable fact:\n• In the e& Egypt Data Line packages, the customer can control the package via the\nMy e& Egypt app or by dialing the code *130#. • The prices of the e& Egypt Data Line packages are exclusive of tax. • In the e& Egypt Data Line packages, the ""Double the Package"" offer is available on\nthe first recharge only for each Data Line package, and does not repeat upon\nrenewal. • The e& Egypt Data Line packages work exclusively on MiFi and USB Modem devices,\nand do not work on mobile phones. • A Data Line customer can renew the package by sending the number 1 in an SMS to\n130, or by dialing the code *130#. • A Data Line customer can renew their package at any time through the My e& Egypt\napp. • In the e& Egypt Data Line packages, the validity of the ""Double the Package"" offer\nfollows the validity of the core package itself (1 month, 3 months, or 6 months). 8. Glossary of Terms\n• Data Line: An internet SIM card from e& Egypt dedicated exclusively to MiFi and\nUSB Modems (not for mobiles). It includes 8 packages priced from 46 to 900 EGP,\nwith validities ranging from 1 to 6 months. • MiFi Device: A small, portable Mobile Wi-Fi device that uses an e& Egypt Data Line\nSIM card to broadcast a Wi-Fi signal to multiple devices. Suitable for mobile use as\nit runs on a battery. • USB Modem Device: A portable internet device that plugs into a computer\'s USB\nport, using an e& Egypt Data Line SIM card to provide internet to a single device. • Double the Package Offer: A promotional offer on the e& Egypt Data Line that\ndoubles the internet quota on the first recharge only for any package. For example,\na 1.8 GB package becomes 3.6 GB for the first month, and a 72 GB package\nbecomes 144 GB for the first 6 months. • Extra Packages: Two add-on packages on the e& Egypt Data Line: Extra 500 MB (15\nEGP) and Extra 1 GB (29 EGP), used by the customer when extra internet is needed. • Code *130#: The main control code for the e& Egypt Data Line, used by the\ncustomer to inquire about their package and renew it. • Number 130: The number to which an e& Egypt Data Line customer sends an SMS\ncontaining the number 1 to renew their package. • Number 138: The number to which an e& Egypt Data Line customer sends an SMS\nto purchase add-on packages: number 1 for Extra 500 MB, and number 2 for Extra 1\nGB. 9.', 'Package: Data Line 25 GB The Data Line 25 GB is one of the e& Egypt Data Line packages.\n• Total Internet in Data Line 25 GB with Double Offer (first recharge): 50 GB. • Validity of Data Line 25 GB: Three months. • Renewal of Data Line 25 GB: By sending the number 1 to 130, dialing *130#, or\nthrough the My e& Egypt app. • Compatible Devices for Data Line 25 GB: Portable MiFi devices and USB Modems\nonly.', 'Package: Data Line 14 GB The Data Line 14 GB is one of the e& Egypt Data Line packages.\n• Total Internet in Data Line 14 GB with Double Offer (first recharge): 28 GB. • Validity of Data Line 14 GB: Three months. • Renewal of Data Line 14 GB: By sending the number 1 to 130, dialing *130#, or\nthrough the My e& Egypt app. • Compatible Devices for Data Line 14 GB: Portable MiFi devices and USB Modems\nonly.', 'Package: Data Line 45 GB The Data Line 45 GB is one of the e& Egypt Data Line packages.\n• Total Internet in Data Line 45 GB with Double Offer (first recharge): 90 GB. • Validity of Data Line 45 GB: Three months. • Renewal of Data Line 45 GB: By sending the number 1 to 130, dialing *130#, or\nthrough the My e& Egypt app. • Compatible Devices for Data Line 45 GB: Portable MiFi devices and USB Modems\nonly. Six-Month Validity Package\nThe 6-month validity package in the e& Egypt Data Line is the largest and most valuable,\ndedicated to customers who need heavy internet usage over a long term.', 'Package: Data Line 72 GB The Data Line 72 GB is one of the e& Egypt Data Line packages.\nThe\noffer does not repeat upon renewal. • What is the difference between the 1-month, 3-month, and 6-month validity\npackages? In the e& Egypt Data Line, there are 3 validity tiers: one month (two\npackages: 1.8 and 2.5 GB), 3 months (5 packages from 3.5 to 45 GB), and 6 months\n(one package: 72 GB). The longer the validity, the larger the internet quota and the\ngreater the savings. • How does the customer renew the Data Line package? To renew the e& Egypt\nData Line package, the customer uses one of the following methods: sending the\nnumber 1 in an SMS to 130, dialing the code *130#, or renewing through the My e&\nEgypt app. • What are the add-on packages for the Data Line? In the e& Egypt Data Line, there\nare two add-on packages: Extra 500 MB for 15 EGP (send 1 to 138), and Extra 1 GB\nfor 29 EGP (send 2 to 138). Both are valid for one month. • What is the largest package on the Data Line? The largest package on the e&\nEgypt Data Line is the Data Line 72 GB for 900 EGP before tax. The basic package is\n72 GB, and with the ""Double the Package"" offer it becomes 144 GB on the first\nrecharge, with a validity of 6 months. • What is the cheapest package on the Data Line? The cheapest package on the e&\nEgypt Data Line is the Data Line 1.8 GB for 46 EGP before tax. The basic package is\n1.8 GB, and with the ""Double the Package"" offer it becomes 3.6 GB on the first\nrecharge, with a validity of one month. • What is the difference between the Data Line and eHome Wireless? The e&\nEgypt Data Line is a portable internet SIM for MiFi and USB Modems, offering\nrelatively smaller quotas and shorter validities. eHome Wireless, on the other hand,\nis a fixed wireless home internet service with higher speeds and a dedicated router. The Data Line is for portable and occasional use, while eHome Wireless is for\npermanent home/office use. • Does a MiFi device require a special SIM card? Yes. A MiFi device requires an e&\nEgypt Data Line SIM card to work. The SIM card determines the package type and\nthe available internet quota. • Can the gigabytes from the ""Double the Package"" offer be used freely?', 'Package: Data Line 1.8 GB The Data Line 1.8 GB is one of the e& Egypt Data Line\nIts price is 46 EGP before tax. The basic package is 1.8 GB, and with the ""Double\nthe Package"" offer, the customer gets a total of 3.6 GB on the first recharge. Package\nvalidity: one month. • Package Name: Data Line 1.8 GB within the e& Egypt Data Line packages. • Price of Data Line 1.8 GB: 46 EGP before tax. • Basic Quota in Data Line 1.8 GB: 1.8 GB. • Total Internet in Data Line 1.8 GB with Double Offer (first recharge): 3.6 GB. • Validity of Data Line 1.8 GB: One month. • Renewal of Data Line 1.8 GB: By sending the number 1 to 130, dialing *130#, or\nthrough the My e& Egypt app. • Compatible Devices for Data Line 1.8 GB: Portable MiFi devices and USB Modems\nonly.', 'Package: Data Line 3.5 GB The Data Line 3.5 GB is one of the e& Egypt Data Line\nIts price is 92 EGP before tax. The basic package is 3.5 GB, and with the ""Double\nthe Package"" offer, the customer gets a total of 7 GB on the first recharge. Package validity:\nthree months. • Package Name: Data Line 3.5 GB within the e& Egypt Data Line packages. • Price of Data Line 3.5 GB: 92 EGP before tax. • Basic Quota in Data Line 3.5 GB: 3.5 GB. • Total Internet in Data Line 3.5 GB with Double Offer (first recharge): 7 GB. • Validity of Data Line 3.5 GB: Three months. • Renewal of Data Line 3.5 GB: By sending the number 1 to 130, dialing *130#, or\nthrough the My e& Egypt app. • Compatible Devices for Data Line 3.5 GB: Portable MiFi devices and USB Modems\nonly.', 'Package: Data Line 2.5 GB The Data Line 2.5 GB is one of the e& Egypt Data Line\nIts price is 69 EGP before tax. The basic package is 2.5 GB, and with the ""Double\nthe Package"" offer, the customer gets a total of 5 GB on the first recharge. Package validity:\none month. • Package Name: Data Line 2.5 GB within the e& Egypt Data Line packages. • Price of Data Line 2.5 GB: 69 EGP before tax. • Basic Quota in Data Line 2.5 GB: 2.5 GB. • Total Internet in Data Line 2.5 GB with Double Offer (first recharge): 5 GB. • Validity of Data Line 2.5 GB: One month. • Renewal of Data Line 2.5 GB: By sending the number 1 to 130, dialing *130#, or\nthrough the My e& Egypt app. • Compatible Devices for Data Line 2.5 GB: Portable MiFi devices and USB Modems\nonly. Three-Month Validity Packages\nThe 3-month validity packages in the e& Egypt Data Line include 5 packages, offering better\nvalue for regular customers.', 'Package: Data Line 72 GB The Data Line 72 GB is one of the e& Egypt Data Line packages.\nIts price is 900 EGP before tax. The basic package is 72 GB, and with the ""Double the\nPackage"" offer, the customer gets a total of 144 GB on the first recharge. Package validity:\nsix months. • Package Name: Data Line 72 GB within the e& Egypt Data Line packages. • Price of Data Line 72 GB: 900 EGP before tax. • Basic Quota in Data Line 72 GB: 72 GB. • Total Internet in Data Line 72 GB with Double Offer (first recharge): 144 GB. • Validity of Data Line 72 GB: Six months. • Renewal of Data Line 72 GB: By sending the number 1 to 130, dialing *130#, or\nthrough the My e& Egypt app. • Compatible Devices for Data Line 72 GB: Portable MiFi devices and USB Modems\nonly. 3. ""Double the Package"" Offer on the Data Line\nThe ""Double the Package"" offer on the e& Egypt Data Line is a promotional offer for every\nnew customer, doubling the internet quota on the first recharge. Offer Conditions:\n• The Double the Package offer on the e& Egypt Data Line is available on the first\nrecharge only for any of the Data Line packages. • The Double the Package offer on the e& Egypt Data Line does not repeat upon\nrenewing the package after the first recharge. • The validity of the Double the Package offer on the e& Egypt Data Line follows the\nvalidity of the basic package itself (1 month, 3 months, or 6 months depending on\nthe chosen package). Doubled Value per Package:\n• In the e& Egypt Data Line 1.8 GB package: The basic 1.8 GB becomes 3.6 GB on the\nfirst recharge only with the double offer. • In the e& Egypt Data Line 2.5 GB package: The basic 2.5 GB becomes 5 GB on the\nfirst recharge only with the double offer. • In the e& Egypt Data Line 3.5 GB package: The basic 3.5 GB becomes 7 GB on the\nfirst recharge only with the double offer. • In the e& Egypt Data Line 8 GB package: The basic 8 GB becomes 16 GB on the first\nrecharge only with the double offer. • In the e& Egypt Data Line 14 GB package: The basic 14 GB becomes 28 GB on the\nfirst recharge only with the double offer. • In the e& Egypt Data Line 25 GB package: The basic 25 GB becomes 50 GB on the\nfirst recharge only with the double offer. • In the e& Egypt Data Line 45 GB package: The basic 45 GB becomes 90 GB on the\nfirst recharge only with the double offer. • In the e& Egypt Data Line 72 GB package: The basic 72 GB becomes 144 GB on the\nfirst recharge only with the double offer. 4. Add-on Data Line Packages\nIn addition to the core packages, an e& Egypt Data Line customer can purchase small add-\non packages when extra internet is needed. Add-on Package: Extra 500 MB Extra 500 MB is an add-on package for the e& Egypt Data\nLine. Its price is 15 EGP. It grants the customer 500 MB of extra internet valid for one\nmonth. • Add-on Package Name: Extra 500 MB on the e& Egypt Data Line. • Price of Extra 500 MB: 15 EGP. • Extra Internet Volume in Extra 500 MB: 500 MB. • Validity of Extra 500 MB: One month. • How to Subscribe to Extra 500 MB: Send the number 1 in an SMS to 138. Add-on Package: Extra 1 GB Extra 1 GB is an add-on package for the e& Egypt Data Line. Its price is 29 EGP. It grants the customer 1 GB of extra internet valid for one month. • Add-on Package Name: Extra 1 GB on the e& Egypt Data Line. • Price of Extra 1 GB: 29 EGP. • Extra Internet Volume in Extra 1 GB: 1 GB. • Validity of Extra 1 GB: One month. • How to Subscribe to Extra 1 GB: Send the number 2 in an SMS to 138.', 'Package: Data Line 8 GB The Data Line 8 GB is one of the e& Egypt Data Line packages. Its\nprice is 150 EGP before tax. The basic package is 8 GB, and with the ""Double the Package""\noffer, the customer gets a total of 16 GB on the first recharge. Package validity: three\nmonths. • Package Name: Data Line 8 GB within the e& Egypt Data Line packages. • Price of Data Line 8 GB: 150 EGP before tax. • Basic Quota in Data Line 8 GB: 8 GB.', 'Package: Data Line 25 GB The Data Line 25 GB is one of the e& Egypt Data Line packages.\nIts price is 375 EGP before tax. The basic package is 25 GB, and with the ""Double the\nPackage"" offer, the customer gets a total of 50 GB on the first recharge. Package validity:\nthree months. • Package Name: Data Line 25 GB within the e& Egypt Data Line packages. • Price of Data Line 25 GB: 375 EGP before tax. • Basic Quota in Data Line 25 GB: 25 GB.', 'Package: Data Line 14 GB The Data Line 14 GB is one of the e& Egypt Data Line packages.\nIts price is 225 EGP before tax. The basic package is 14 GB, and with the ""Double the\nPackage"" offer, the customer gets a total of 28 GB on the first recharge. Package validity:\nthree months. • Package Name: Data Line 14 GB within the e& Egypt Data Line packages. • Price of Data Line 14 GB: 225 EGP before tax. • Basic Quota in Data Line 14 GB: 14 GB.', 'Package: Data Line 45 GB The Data Line 45 GB is one of the e& Egypt Data Line packages.\nIts price is 600 EGP before tax. The basic package is 45 GB, and with the ""Double the\nPackage"" offer, the customer gets a total of 90 GB on the first recharge. Package validity:\nthree months. • Package Name: Data Line 45 GB within the e& Egypt Data Line packages. • Price of Data Line 45 GB: 600 EGP before tax. • Basic Quota in Data Line 45 GB: 45 GB.', 'Package: Data Line 72 GB The Data Line 72 GB is one of the e& Egypt Data Line packages.\nNo. The e& Egypt Data Line\npackages are exclusively dedicated to MiFi and USB Modem devices only, and do\nnot work on mobile phones. • What is the ""Double the Package"" offer? The ""Double the Package"" offer on the e&\nEgypt Data Line doubles the internet quota on the first recharge only for every\ncustomer. For example, a 25 GB package becomes 50 GB on the first recharge.']","To renew your e& Egypt Data Line package, you have the following options:

- Send the number **1** in an SMS to **130**.
- Dial the code **`*130#`**.
- Renew through the **My e& Egypt app**.

These methods apply to all Data Line packages and allow you to renew your package at any time[2][6].",1.0,0.9323161776330648
What is the price of Data Line 3.5 GB?,"['Package: Data Line 3.5 GB The Data Line 3.5 GB is one of the e& Egypt Data Line\nIts price is 92 EGP before tax. The basic package is 3.5 GB, and with the ""Double\nthe Package"" offer, the customer gets a total of 7 GB on the first recharge. Package validity:\nthree months. • Package Name: Data Line 3.5 GB within the e& Egypt Data Line packages. • Price of Data Line 3.5 GB: 92 EGP before tax. • Basic Quota in Data Line 3.5 GB: 3.5 GB. • Total Internet in Data Line 3.5 GB with Double Offer (first recharge): 7 GB. • Validity of Data Line 3.5 GB: Three months. • Renewal of Data Line 3.5 GB: By sending the number 1 to 130, dialing *130#, or\nthrough the My e& Egypt app. • Compatible Devices for Data Line 3.5 GB: Portable MiFi devices and USB Modems\nonly.', 'Package: Data Line 2.5 GB The Data Line 2.5 GB is one of the e& Egypt Data Line\nIts price is 69 EGP before tax. The basic package is 2.5 GB, and with the ""Double\nthe Package"" offer, the customer gets a total of 5 GB on the first recharge. Package validity:\none month. • Package Name: Data Line 2.5 GB within the e& Egypt Data Line packages. • Price of Data Line 2.5 GB: 69 EGP before tax. • Basic Quota in Data Line 2.5 GB: 2.5 GB. • Total Internet in Data Line 2.5 GB with Double Offer (first recharge): 5 GB. • Validity of Data Line 2.5 GB: One month. • Renewal of Data Line 2.5 GB: By sending the number 1 to 130, dialing *130#, or\nthrough the My e& Egypt app. • Compatible Devices for Data Line 2.5 GB: Portable MiFi devices and USB Modems\nonly. Three-Month Validity Packages\nThe 3-month validity packages in the e& Egypt Data Line include 5 packages, offering better\nvalue for regular customers.', 'Package: Data Line 1.8 GB The Data Line 1.8 GB is one of the e& Egypt Data Line\nIts price is 46 EGP before tax. The basic package is 1.8 GB, and with the ""Double\nthe Package"" offer, the customer gets a total of 3.6 GB on the first recharge. Package\nvalidity: one month. • Package Name: Data Line 1.8 GB within the e& Egypt Data Line packages. • Price of Data Line 1.8 GB: 46 EGP before tax. • Basic Quota in Data Line 1.8 GB: 1.8 GB. • Total Internet in Data Line 1.8 GB with Double Offer (first recharge): 3.6 GB. • Validity of Data Line 1.8 GB: One month. • Renewal of Data Line 1.8 GB: By sending the number 1 to 130, dialing *130#, or\nthrough the My e& Egypt app. • Compatible Devices for Data Line 1.8 GB: Portable MiFi devices and USB Modems\nonly.', 'Package: Data Line 8 GB The Data Line 8 GB is one of the e& Egypt Data Line packages. Its\nprice is 150 EGP before tax. The basic package is 8 GB, and with the ""Double the Package""\noffer, the customer gets a total of 16 GB on the first recharge. Package validity: three\nmonths. • Package Name: Data Line 8 GB within the e& Egypt Data Line packages. • Price of Data Line 8 GB: 150 EGP before tax. • Basic Quota in Data Line 8 GB: 8 GB.', 'Package: Data Line 14 GB The Data Line 14 GB is one of the e& Egypt Data Line packages.\nIts price is 225 EGP before tax. The basic package is 14 GB, and with the ""Double the\nPackage"" offer, the customer gets a total of 28 GB on the first recharge. Package validity:\nthree months. • Package Name: Data Line 14 GB within the e& Egypt Data Line packages. • Price of Data Line 14 GB: 225 EGP before tax. • Basic Quota in Data Line 14 GB: 14 GB.', 'Package: Data Line 25 GB The Data Line 25 GB is one of the e& Egypt Data Line packages.\nIts price is 375 EGP before tax. The basic package is 25 GB, and with the ""Double the\nPackage"" offer, the customer gets a total of 50 GB on the first recharge. Package validity:\nthree months. • Package Name: Data Line 25 GB within the e& Egypt Data Line packages. • Price of Data Line 25 GB: 375 EGP before tax. • Basic Quota in Data Line 25 GB: 25 GB.', 'Package: Data Line 45 GB The Data Line 45 GB is one of the e& Egypt Data Line packages.\nIts price is 600 EGP before tax. The basic package is 45 GB, and with the ""Double the\nPackage"" offer, the customer gets a total of 90 GB on the first recharge. Package validity:\nthree months. • Package Name: Data Line 45 GB within the e& Egypt Data Line packages. • Price of Data Line 45 GB: 600 EGP before tax. • Basic Quota in Data Line 45 GB: 45 GB.', 'Package: Data Line 72 GB The Data Line 72 GB is one of the e& Egypt Data Line packages.\nIts price is 900 EGP before tax. The basic package is 72 GB, and with the ""Double the\nPackage"" offer, the customer gets a total of 144 GB on the first recharge. Package validity:\nsix months. • Package Name: Data Line 72 GB within the e& Egypt Data Line packages. • Price of Data Line 72 GB: 900 EGP before tax. • Basic Quota in Data Line 72 GB: 72 GB. • Total Internet in Data Line 72 GB with Double Offer (first recharge): 144 GB. • Validity of Data Line 72 GB: Six months. • Renewal of Data Line 72 GB: By sending the number 1 to 130, dialing *130#, or\nthrough the My e& Egypt app. • Compatible Devices for Data Line 72 GB: Portable MiFi devices and USB Modems\nonly. 3. ""Double the Package"" Offer on the Data Line\nThe ""Double the Package"" offer on the e& Egypt Data Line is a promotional offer for every\nnew customer, doubling the internet quota on the first recharge. Offer Conditions:\n• The Double the Package offer on the e& Egypt Data Line is available on the first\nrecharge only for any of the Data Line packages. • The Double the Package offer on the e& Egypt Data Line does not repeat upon\nrenewing the package after the first recharge. • The validity of the Double the Package offer on the e& Egypt Data Line follows the\nvalidity of the basic package itself (1 month, 3 months, or 6 months depending on\nthe chosen package). Doubled Value per Package:\n• In the e& Egypt Data Line 1.8 GB package: The basic 1.8 GB becomes 3.6 GB on the\nfirst recharge only with the double offer. • In the e& Egypt Data Line 2.5 GB package: The basic 2.5 GB becomes 5 GB on the\nfirst recharge only with the double offer. • In the e& Egypt Data Line 3.5 GB package: The basic 3.5 GB becomes 7 GB on the\nfirst recharge only with the double offer. • In the e& Egypt Data Line 8 GB package: The basic 8 GB becomes 16 GB on the first\nrecharge only with the double offer. • In the e& Egypt Data Line 14 GB package: The basic 14 GB becomes 28 GB on the\nfirst recharge only with the double offer. • In the e& Egypt Data Line 25 GB package: The basic 25 GB becomes 50 GB on the\nfirst recharge only with the double offer. • In the e& Egypt Data Line 45 GB package: The basic 45 GB becomes 90 GB on the\nfirst recharge only with the double offer. • In the e& Egypt Data Line 72 GB package: The basic 72 GB becomes 144 GB on the\nfirst recharge only with the double offer. 4. Add-on Data Line Packages\nIn addition to the core packages, an e& Egypt Data Line customer can purchase small add-\non packages when extra internet is needed. Add-on Package: Extra 500 MB Extra 500 MB is an add-on package for the e& Egypt Data\nLine. Its price is 15 EGP. It grants the customer 500 MB of extra internet valid for one\nmonth. • Add-on Package Name: Extra 500 MB on the e& Egypt Data Line. • Price of Extra 500 MB: 15 EGP. • Extra Internet Volume in Extra 500 MB: 500 MB. • Validity of Extra 500 MB: One month. • How to Subscribe to Extra 500 MB: Send the number 1 in an SMS to 138. Add-on Package: Extra 1 GB Extra 1 GB is an add-on package for the e& Egypt Data Line. Its price is 29 EGP. It grants the customer 1 GB of extra internet valid for one month. • Add-on Package Name: Extra 1 GB on the e& Egypt Data Line. • Price of Extra 1 GB: 29 EGP. • Extra Internet Volume in Extra 1 GB: 1 GB. • Validity of Extra 1 GB: One month. • How to Subscribe to Extra 1 GB: Send the number 2 in an SMS to 138.', 'Package: Data Line 72 GB The Data Line 72 GB is one of the e& Egypt Data Line packages.\nThe\noffer does not repeat upon renewal. • What is the difference between the 1-month, 3-month, and 6-month validity\npackages? In the e& Egypt Data Line, there are 3 validity tiers: one month (two\npackages: 1.8 and 2.5 GB), 3 months (5 packages from 3.5 to 45 GB), and 6 months\n(one package: 72 GB). The longer the validity, the larger the internet quota and the\ngreater the savings. • How does the customer renew the Data Line package? To renew the e& Egypt\nData Line package, the customer uses one of the following methods: sending the\nnumber 1 in an SMS to 130, dialing the code *130#, or renewing through the My e&\nEgypt app. • What are the add-on packages for the Data Line? In the e& Egypt Data Line, there\nare two add-on packages: Extra 500 MB for 15 EGP (send 1 to 138), and Extra 1 GB\nfor 29 EGP (send 2 to 138). Both are valid for one month. • What is the largest package on the Data Line? The largest package on the e&\nEgypt Data Line is the Data Line 72 GB for 900 EGP before tax. The basic package is\n72 GB, and with the ""Double the Package"" offer it becomes 144 GB on the first\nrecharge, with a validity of 6 months. • What is the cheapest package on the Data Line? The cheapest package on the e&\nEgypt Data Line is the Data Line 1.8 GB for 46 EGP before tax. The basic package is\n1.8 GB, and with the ""Double the Package"" offer it becomes 3.6 GB on the first\nrecharge, with a validity of one month. • What is the difference between the Data Line and eHome Wireless? The e&\nEgypt Data Line is a portable internet SIM for MiFi and USB Modems, offering\nrelatively smaller quotas and shorter validities. eHome Wireless, on the other hand,\nis a fixed wireless home internet service with higher speeds and a dedicated router. The Data Line is for portable and occasional use, while eHome Wireless is for\npermanent home/office use. • Does a MiFi device require a special SIM card? Yes. A MiFi device requires an e&\nEgypt Data Line SIM card to work. The SIM card determines the package type and\nthe available internet quota. • Can the gigabytes from the ""Double the Package"" offer be used freely?', 'Package: Data Line 72 GB The Data Line 72 GB is one of the e& Egypt Data Line packages.\nFrequently Asked Questions about Data Line Packages\nThe following FAQs are phrased so that a retrieval system can independently fetch the\ncomplete answer:\n• What are the e& Egypt Data Line packages? The e& Egypt Data Line is an internet\nSIM card dedicated to MiFi and USB Modem devices. It includes 8 packages ranging\nin size from 1.8 GB to 72 GB, priced from 46 EGP to 900 EGP, with validities ranging\nbetween 1 month and 6 months. • Does the Data Line work on a mobile phone?', 'Package: Data Line 8 GB The Data Line 8 GB is one of the e& Egypt Data Line packages. Its\n• Total Internet in Data Line 8 GB with Double Offer (first recharge): 16 GB. • Validity of Data Line 8 GB: Three months. • Renewal of Data Line 8 GB: By sending the number 1 to 130, dialing *130#, or\nthrough the My e& Egypt app. • Compatible Devices for Data Line 8 GB: Portable MiFi devices and USB Modems\nonly.', 'Package: Data Line 25 GB The Data Line 25 GB is one of the e& Egypt Data Line packages.\n• Total Internet in Data Line 25 GB with Double Offer (first recharge): 50 GB. • Validity of Data Line 25 GB: Three months. • Renewal of Data Line 25 GB: By sending the number 1 to 130, dialing *130#, or\nthrough the My e& Egypt app. • Compatible Devices for Data Line 25 GB: Portable MiFi devices and USB Modems\nonly.', 'Package: Data Line 14 GB The Data Line 14 GB is one of the e& Egypt Data Line packages.\n• Total Internet in Data Line 14 GB with Double Offer (first recharge): 28 GB. • Validity of Data Line 14 GB: Three months. • Renewal of Data Line 14 GB: By sending the number 1 to 130, dialing *130#, or\nthrough the My e& Egypt app. • Compatible Devices for Data Line 14 GB: Portable MiFi devices and USB Modems\nonly.', 'Package: Data Line 72 GB The Data Line 72 GB is one of the e& Egypt Data Line packages.\nNo. The e& Egypt Data Line\npackages are exclusively dedicated to MiFi and USB Modem devices only, and do\nnot work on mobile phones. • What is the ""Double the Package"" offer? The ""Double the Package"" offer on the e&\nEgypt Data Line doubles the internet quota on the first recharge only for every\ncustomer. For example, a 25 GB package becomes 50 GB on the first recharge.', 'Package: Data Line 72 GB The Data Line 72 GB is one of the e& Egypt Data Line packages.\nYes. In\nthe e& Egypt Data Line, the gigabytes from the ""Double the Package"" offer are used\nin the same way as the core package without any additional restrictions, and their\nvalidity follows the validity of the core package itself.']","The price of the Data Line 3.5 GB package is **92 EGP before tax**. With the ""Double the Package"" offer on the first recharge, you get a total of 7 GB. The package validity is three months [1].",1.0,0.9635915508805651
What is the monthly price of Emerald 430?,"['Package: Emerald 430 The Emerald 430 package is one of the Emerald postpaid packages\nfrom e& Egypt, with a monthly price of 430 EGP before taxes. The package includes 12 GB\nof local internet, 2,500 local minutes, 500 SMS per month, and allows the addition of one\nextra line to the same account. • Package Name: Emerald 430. • Monthly Price for Emerald 430: 430 EGP, before adding 8% schedule tax, 14% VAT,\nand a 10 EGP State Resource Development fee. • Local Internet in Emerald 430: 12 GB per month. • Local Minutes in Emerald 430: 2,500 minutes per month. • SMS in Emerald 430: 500 messages per month. • Extra Family Lines in Emerald 430: 1 extra line on the same Emerald account. • Intra-Family Call Minutes in Emerald 430: 10,000 free minutes per month\nbetween lines on the same account. • eHome DSL Discount in Emerald 430: 160 EGP per month. • eHome Wireless Discount in Emerald 430: 165 EGP per month (cannot be\ncombined with the eHome DSL discount). • International Minutes in Emerald 430: None.', 'Emerald 3450.\nTerms & Conditions\nThe following conditions apply to all Emerald packages unless otherwise stated. Each\npoint here is written as an independent retrievable fact:\n• All announced prices for Emerald packages are exclusive of taxes. • Taxes added to the monthly price of Emerald packages include: an 8% schedule tax,\na 14% Value Added Tax (VAT), and a 10 EGP State Resource Development fee per\nmonth. • Local call rates outside the Emerald package: 19 piasters per local minute, and 30\npiasters per local SMS. • International call rates outside the Emerald package: 8 EGP per international\nminute, and 5 EGP per international SMS. • The eHome DSL discount with Emerald is deducted in exchange for a portion of the\nlocal internet quota: 2 GB for Emerald 430; 3 GB for Emerald 780; 5 GB for Emerald\n1120; and 10 GB for Emerald 1725 and Emerald 3450. • The eHome DSL discount and eHome Wireless discount cannot be combined; the\nEmerald customer must choose only one of them. • The maximum intra-family minutes in Emerald: 10,000 minutes per month between\nlines on the same account. • The maximum SMS limit: 500 messages for Emerald 430, and 2,000 messages for', 'Package: Emerald 430 The Emerald 430 package is one of the Emerald postpaid packages\n• Outgoing Roaming Minutes in Emerald 430: 10 minutes. • Incoming Roaming Minutes in Emerald 430: None. • Roaming Internet in Emerald 430: 50 MB per month, plus 1.5 GB twice a year. • Extra Emerald Points in Emerald 430: 250 points per month, used in the MORE\nrewards program. • Entertainment E-Coins in Emerald 430: 1,875 E-Coins per month, used by the\ncustomer to choose entertainment services from Twist Sport, Twist Music, Twist TV,\nTOD, VIU, Shahid, Starzplay, and Amazon Prime. • Emerald GTO Hotel Discount in Emerald 430: 10% off the lowest available online\nhotel rates worldwide. • Maximum Mobile Phone Installment Limit in Emerald 430: Up to 15,000 EGP. • Special Privileges in Emerald 430: No additional special privileges, except for a\n25% discount on MOVE Club.', 'Package: Emerald 3450 The Emerald 3450 package is one of the Emerald postpaid\npackages from e& Egypt, with a monthly price of 3,450 EGP before taxes. The package\nincludes 200 GB of local internet, 12,000 local minutes, 2,000 SMS per month, and allows\nthe addition of seven extra lines to the same account. • Package Name: Emerald 3450. • Monthly Price for Emerald 3450: 3,450 EGP, before adding 8% schedule tax, 14%\nVAT, and a 10 EGP State Resource Development fee. • Local Internet in Emerald 3450: 200 GB per month. • Local Minutes in Emerald 3450: 12,000 minutes per month. • SMS in Emerald 3450: 2,000 messages per month. • Extra Family Lines in Emerald 3450: 7 extra lines on the same Emerald account. • Intra-Family Call Minutes in Emerald 3450: 10,000 free minutes per month\nbetween lines on the same account. • eHome DSL Discount in Emerald 3450: 650 EGP per month. • eHome Wireless Discount in Emerald 3450: 800 EGP per month (cannot be\ncombined with the eHome DSL discount). • International Minutes in Emerald 3450: 90 minutes.', 'package: 50 EGP per month for a data line, and 100 EGP per month for a voice line.\n8. Glossary of Terms\n• Emerald: The premium postpaid mobile package program from e& Egypt, marketed\nas ""Emerald Family"". It includes five tiered packages: Emerald 430, Emerald 780,', 'Package: Emerald 1725 The Emerald 1725 package is one of the Emerald postpaid\npackages from e& Egypt, with a monthly price of 1,725 EGP before taxes. The package\nincludes 70 GB of local internet, 10,000 local minutes, 2,000 SMS per month, and allows\nthe addition of five extra lines to the same account. • Package Name: Emerald 1725. • Monthly Price for Emerald 1725: 1,725 EGP, before adding 8% schedule tax, 14%\nVAT, and a 10 EGP State Resource Development fee. • Local Internet in Emerald 1725: 70 GB per month. • Local Minutes in Emerald 1725: 10,000 minutes per month. • SMS in Emerald 1725: 2,000 messages per month. • Extra Family Lines in Emerald 1725: 5 extra lines on the same Emerald account. • Intra-Family Call Minutes in Emerald 1725: 10,000 free minutes per month\nbetween lines on the same account. • eHome DSL Discount in Emerald 1725: 430 EGP per month. • eHome Wireless Discount in Emerald 1725: 450 EGP per month (cannot be\ncombined with the eHome DSL discount). • International Minutes in Emerald 1725: 60 minutes.', 'Emerald 3450.\n5. Entertainment Catalog (Entertainment E-Coins)\nEach Emerald package grants the subscriber a monthly balance of Entertainment E-Coins\nused to subscribe to partner streaming services. Entertainment E-Coins per Emerald Package:\n• Entertainment E-Coins in Emerald 430: 1,875 points per month. • Entertainment E-Coins in Emerald 780: 3,375 points per month. • Entertainment E-Coins in Emerald 1120: 4,875 points per month. • Entertainment E-Coins in Emerald 1725: 7,500 points per month. • Entertainment E-Coins in Emerald 3450: 10,000 points per month. Entertainment Services Available to Emerald Customers:\n• Twist Sport is available to Emerald customers through Entertainment E-Coins. • Twist Music is available to Emerald customers through Entertainment E-Coins. • Twist TV is available to Emerald customers through Entertainment E-Coins. • TOD is available to Emerald customers through Entertainment E-Coins. • VIU is available to Emerald customers through Entertainment E-Coins. • Shahid is available to Emerald customers through Entertainment E-Coins. • Starzplay is available to Emerald customers through Entertainment E-Coins. • Amazon Prime is available to Emerald customers through Entertainment E-Coins. 6. Roaming in Emerald Packages\nRoaming benefits in Emerald vary by package. The Emerald customer must activate the\nroaming package via the My e& Egypt app before traveling. Please note that roaming\ninternet is only applicable in the approved country list mentioned in this section. Voice Roaming Minutes per Emerald Package:\n• Emerald 430: 10 outgoing minutes, with 0 incoming minutes included, and 0\ninternational minutes included. • Emerald 780: 30 outgoing minutes, 15 incoming minutes, and 30 international\nminutes. • Emerald 1120: 45 outgoing minutes, 20 incoming minutes, and 45 international\nminutes. • Emerald 1725: 60 outgoing minutes, 30 incoming minutes, and 60 international\nminutes. • Emerald 3450: 90 outgoing minutes, 45 incoming minutes, and 90 international\nminutes. • Extra roaming minutes outside the Emerald package allowance cost 1.5 EGP per\nminute across all packages. Roaming Internet per Emerald Package:\n• Emerald 430 Roaming Internet: 50 MB monthly, plus 1.5 GB twice a year. • Emerald 780 Roaming Internet: 50 MB monthly, plus 5 GB twice a year. • Emerald 1120 Roaming Internet: 50 MB monthly, plus 10 GB twice a year. • Emerald 1725 Roaming Internet: 50 MB monthly, plus 10 GB three times a year. • Emerald 3450 Roaming Internet: 50 MB monthly, plus 10 GB four times a year. Replacing Roaming Internet with Local Internet: An Emerald customer can exchange a\nportion of their roaming internet for local mobile internet, as follows:\n• In the Emerald 430 package: Exchange 1.5 GB of roaming internet for 2 GB of local\ninternet. • In the Emerald 780 package: Exchange 5 GB of roaming internet for 5 GB of local\ninternet. • In the Emerald 1120, 1725, and 3450 packages: Exchange 10 GB of roaming\ninternet for 10 GB of local internet. Approved Roaming Countries List for Emerald Packages: List of countries and territories\ncovered by the Emerald roaming package (70 countries): Albania, Anguilla, Antigua and\nBarbuda, Argentina, Austria, Bangladesh, Barbados, Belarus, Belgium, Bosnia and\nHerzegovina, Bulgaria, Canada, Cayman Islands, China, Croatia, Democratic Republic of\nthe Congo, Cyprus, Czech Republic, Denmark, Dominican Republic, El Salvador, France,\nGeorgia, Germany, Greece, Grenada, Guadeloupe, Hong Kong, Hungary, Ireland, Italy,\nJamaica, Jordan, Kazakhstan, Kuwait, Kyrgyzstan, Liechtenstein, Luxembourg, Macedonia\n(North Macedonia), Malaysia, Malta, Montserrat, Netherlands, New Zealand, Panama,\nPoland, Portugal, Qatar, Romania, Russia, Saint Lucia, Saint Vincent and the Grenadines,\nSaudi Arabia, Serbia, Slovakia, South Africa, Spain, Saint Kitts, Sudan, Sweden,\nSwitzerland, Thailand, Turkey, Turks and Caicos, Ukraine, United Arab Emirates, United\nKingdom, United States of America, Uzbekistan, British Virgin Islands. 7.', 'package: 50 EGP per month for a data line, and 100 EGP per month for a voice line.\n• Adding an e& Egypt landline to the Emerald account is counted as one of the family\nlines; if the available lines are exhausted, the landline can be added for 10 EGP per\nmonth. • Roaming minutes included in Emerald packages: 15 minutes for Emerald 430; 30\nminutes for Emerald 780 and 1120; and 60 minutes for Emerald 1725 and 3450. Additional roaming minutes cost 1.5 EGP. (Note: This reflects the exact wording of\nthe source text, which aggregates/averages the limits detailed in Section 6). • Replacing roaming internet with local internet in Emerald: An Emerald 430\ncustomer can exchange 1.5 GB roaming for 2 GB local; an Emerald 780 customer\ncan exchange 5 GB roaming for 5 GB local; and Emerald 1120, 1725, and 3450\ncustomers can exchange 10 GB roaming for 10 GB local. • Activating Roaming: An Emerald customer must activate the roaming package via\nthe My e& Egypt app prior to travel. Note that roaming internet can only be used in\nthe approved country list for the Emerald package. • 7070 Directory minutes included in Emerald packages: 15 minutes for Emerald 430;\n30 minutes for Emerald 780 and 1120; and 60 minutes for Emerald 1725 and 3450. Extra minutes beyond the package cost 1.5 EGP.', 'Package: Emerald 780 The Emerald 780 package is one of the Emerald postpaid packages\nfrom e& Egypt, with a monthly price of 780 EGP before taxes. The package includes 25 GB\nof local internet, 4,500 local minutes, 2,000 SMS per month, and allows the addition of two\nextra lines to the same account. • Package Name: Emerald 780. • Monthly Price for Emerald 780: 780 EGP, before adding 8% schedule tax, 14% VAT,\nand a 10 EGP State Resource Development fee. • Local Internet in Emerald 780: 25 GB per month. • Local Minutes in Emerald 780: 4,500 minutes per month. • SMS in Emerald 780: 2,000 messages per month. • Extra Family Lines in Emerald 780: 2 extra lines on the same Emerald account. • Intra-Family Call Minutes in Emerald 780: 10,000 free minutes per month\nbetween lines on the same account. • eHome DSL Discount in Emerald 780: 210 EGP per month. • eHome Wireless Discount in Emerald 780: 225 EGP per month (cannot be\ncombined with the eHome DSL discount). • International Minutes in Emerald 780: 30 minutes.', 'Package: Emerald 1120 The Emerald 1120 package is one of the Emerald postpaid\npackages from e& Egypt, with a monthly price of 1,120 EGP before taxes. The package\nincludes 40 GB of local internet, 6,500 local minutes, 2,000 SMS per month, and allows the\naddition of four extra lines to the same account. • Package Name: Emerald 1120. • Monthly Price for Emerald 1120: 1,120 EGP, before adding 8% schedule tax, 14%\nVAT, and a 10 EGP State Resource Development fee. • Local Internet in Emerald 1120: 40 GB per month. • Local Minutes in Emerald 1120: 6,500 minutes per month. • SMS in Emerald 1120: 2,000 messages per month. • Extra Family Lines in Emerald 1120: 4 extra lines on the same Emerald account. • Intra-Family Call Minutes in Emerald 1120: 10,000 free minutes per month\nbetween lines on the same account. • eHome DSL Discount in Emerald 1120: 325 EGP per month. • eHome Wireless Discount in Emerald 1120: 380 EGP per month (cannot be\ncombined with the eHome DSL discount). • International Minutes in Emerald 1120: 45 minutes.', 'Emerald 1120, 5 lines in Emerald 1725, and 7 lines in Emerald 3450.\n• E-Coins per Package: 1,875 points for Emerald 430; 3,375 points for Emerald 780;\n4,875 points for Emerald 1120; 7,500 points for Emerald 1725; and 10,000 points for', 'Emerald 1120, Emerald 1725, and Emerald 3450.\nEmerald Packages Pricing & Taxes Summary\nAll mentioned prices for Emerald packages are before adding taxes. The following taxes\nand fees are added to the base price of each package:\n• An 8% Schedule Tax on the base price of the Emerald package. • A 14% Value Added Tax (VAT) on the base price of the Emerald package. • A 10 EGP State Resource Development fee applied monthly to every Emerald\npackage. 10. Out-of-Bundle Usage Rates for Emerald\nWhen an Emerald customer exceeds the usage included in their package, the following\nrates apply:\n• Extra local minute outside the Emerald package: 19 piasters per minute. • Extra local SMS outside the Emerald package: 30 piasters per message. • Extra international minute outside the Emerald package: 8 EGP per minute. • Extra international SMS outside the Emerald package: 5 EGP per message. • Extra roaming minute outside the Emerald package: 1.5 EGP per minute. • Extra 7070 Directory minute outside the Emerald package: 1.5 EGP per minute. • Extra Data line after exhausting the allowed Emerald family lines: 50 EGP per\nmonth. • Extra Voice line after exhausting the allowed Emerald family lines: 100 EGP per\nmonth. • Landline added to the Emerald account after exhausting allowed family lines: 10\nEGP per month.', ""Emerald 3450.\n• How to Choose: The subscriber uses their E-Coins balance to choose the apps\nthey wish to subscribe to. Internet Worthy (Internet Flexibility) The Internet Worthy feature in Emerald allows\ncarrying over unused internet to the next month, as well as borrowing a portion of next\nmonth’s internet in advance. • Internet Rollover: Any remaining local internet quota rolls over to the following\nmonth for one month. • Borrowing from Next Month: An Emerald customer can use up to 50% of their next\nmonth's internet quota in advance. • Internet Distribution: Internet can be distributed and transferred among Emerald\nfamily members via the My e& Egypt app or by dialing *800#. • Add-on Packages: Monthly recurring Emerald internet add-ons are available, as\nwell as on-demand add-ons. MOVE Club Discount A health/fitness benefit shared across all Emerald packages,\ngranting the subscriber a 25% discount on MOVE sports club memberships. • Discount Percentage: 25% on MOVE club subscriptions. • Eligibility: All Emerald customers across all packages (430, 780, 1120, 1725, and\n3450)."", 'Package: Emerald 3450 The Emerald 3450 package is one of the Emerald postpaid\n(Note: There is no Section 3 in the original text)\n4. Emerald Programs and Benefits\nThe Emerald program includes several benefits and programs applicable across multiple\npackages. Each feature is described independently here for precise retrieval. Emerald Savings Program The Emerald Savings program is an exclusive cashback\nprogram for Emerald customers, where the subscriber gets 25% of their qualifying daily\nexpenses as credit to be used for travel. • Beneficiaries: All Emerald customers across all packages. • Cashback Percentage: 25% of qualifying daily expenses. • Qualifying Expenses: Dining, shopping, and other daily expenses. • How to Use: The refunded balance is used as discounts on travel. • How to Activate: Download the PoshSaver app from the App Store or Google Play. Emerald GTO Hotel Discounts An exclusive benefit for Emerald customers providing an\ninstant guaranteed discount of up to 30% on the lowest available online hotel rates\nworldwide. • Beneficiaries: Current and new Emerald customers. • Maximum Discount: Up to 30% off the lowest online hotel rate. • Discounts per Package: 10% for Emerald 430 and 780; 15% for Emerald 1120; 20%\nfor Emerald 1725; and 30% for Emerald 3450. • Coverage: Hotels worldwide. • How to Book: Through the GTO platform partnered with e& Egypt. Emerald Family Lines The family feature in Emerald allows adding multiple lines for family\nmembers under a single account, with shared quotas and centralized bill control. • Maximum Extra Lines: 1 line in Emerald 430, 2 lines in Emerald 780, 4 lines in', 'Package: Emerald 780 The Emerald 780 package is one of the Emerald postpaid packages\n• Outgoing Roaming Minutes in Emerald 780: 30 minutes. • Incoming Roaming Minutes in Emerald 780: 15 minutes. • Roaming Internet in Emerald 780: 50 MB per month, plus 5 GB twice a year. • Extra Emerald Points in Emerald 780: 450 points per month, used in the MORE\nrewards program. • Entertainment E-Coins in Emerald 780: 3,375 E-Coins per month, used by the\ncustomer to choose entertainment services from Twist Sport, Twist Music, Twist TV,\nTOD, VIU, Shahid, Starzplay, and Amazon Prime. • Emerald GTO Hotel Discount in Emerald 780: 10% off the lowest available online\nhotel rates worldwide. • Maximum Mobile Phone Installment Limit in Emerald 780: Up to 30,000 EGP. • Special Privileges in Emerald 780: No additional special privileges, except for a\n25% discount on MOVE Club.']","The monthly price of the Emerald 430 package is **430 EGP** before taxes. Additional taxes include an 8% schedule tax, 14% VAT, and a 10 EGP State Resource Development fee per month[1].",1.0,0.9607636486842441
How much local internet does Emerald 430 include?,"['Package: Emerald 430 The Emerald 430 package is one of the Emerald postpaid packages\nfrom e& Egypt, with a monthly price of 430 EGP before taxes. The package includes 12 GB\nof local internet, 2,500 local minutes, 500 SMS per month, and allows the addition of one\nextra line to the same account. • Package Name: Emerald 430. • Monthly Price for Emerald 430: 430 EGP, before adding 8% schedule tax, 14% VAT,\nand a 10 EGP State Resource Development fee. • Local Internet in Emerald 430: 12 GB per month. • Local Minutes in Emerald 430: 2,500 minutes per month. • SMS in Emerald 430: 500 messages per month. • Extra Family Lines in Emerald 430: 1 extra line on the same Emerald account. • Intra-Family Call Minutes in Emerald 430: 10,000 free minutes per month\nbetween lines on the same account. • eHome DSL Discount in Emerald 430: 160 EGP per month. • eHome Wireless Discount in Emerald 430: 165 EGP per month (cannot be\ncombined with the eHome DSL discount). • International Minutes in Emerald 430: None.', 'package: 50 EGP per month for a data line, and 100 EGP per month for a voice line.\n• Adding an e& Egypt landline to the Emerald account is counted as one of the family\nlines; if the available lines are exhausted, the landline can be added for 10 EGP per\nmonth. • Roaming minutes included in Emerald packages: 15 minutes for Emerald 430; 30\nminutes for Emerald 780 and 1120; and 60 minutes for Emerald 1725 and 3450. Additional roaming minutes cost 1.5 EGP. (Note: This reflects the exact wording of\nthe source text, which aggregates/averages the limits detailed in Section 6). • Replacing roaming internet with local internet in Emerald: An Emerald 430\ncustomer can exchange 1.5 GB roaming for 2 GB local; an Emerald 780 customer\ncan exchange 5 GB roaming for 5 GB local; and Emerald 1120, 1725, and 3450\ncustomers can exchange 10 GB roaming for 10 GB local. • Activating Roaming: An Emerald customer must activate the roaming package via\nthe My e& Egypt app prior to travel. Note that roaming internet can only be used in\nthe approved country list for the Emerald package. • 7070 Directory minutes included in Emerald packages: 15 minutes for Emerald 430;\n30 minutes for Emerald 780 and 1120; and 60 minutes for Emerald 1725 and 3450. Extra minutes beyond the package cost 1.5 EGP.', 'Emerald 3450.\nTerms & Conditions\nThe following conditions apply to all Emerald packages unless otherwise stated. Each\npoint here is written as an independent retrievable fact:\n• All announced prices for Emerald packages are exclusive of taxes. • Taxes added to the monthly price of Emerald packages include: an 8% schedule tax,\na 14% Value Added Tax (VAT), and a 10 EGP State Resource Development fee per\nmonth. • Local call rates outside the Emerald package: 19 piasters per local minute, and 30\npiasters per local SMS. • International call rates outside the Emerald package: 8 EGP per international\nminute, and 5 EGP per international SMS. • The eHome DSL discount with Emerald is deducted in exchange for a portion of the\nlocal internet quota: 2 GB for Emerald 430; 3 GB for Emerald 780; 5 GB for Emerald\n1120; and 10 GB for Emerald 1725 and Emerald 3450. • The eHome DSL discount and eHome Wireless discount cannot be combined; the\nEmerald customer must choose only one of them. • The maximum intra-family minutes in Emerald: 10,000 minutes per month between\nlines on the same account. • The maximum SMS limit: 500 messages for Emerald 430, and 2,000 messages for', 'Package: Emerald 3450 The Emerald 3450 package is one of the Emerald postpaid\npackages from e& Egypt, with a monthly price of 3,450 EGP before taxes. The package\nincludes 200 GB of local internet, 12,000 local minutes, 2,000 SMS per month, and allows\nthe addition of seven extra lines to the same account. • Package Name: Emerald 3450. • Monthly Price for Emerald 3450: 3,450 EGP, before adding 8% schedule tax, 14%\nVAT, and a 10 EGP State Resource Development fee. • Local Internet in Emerald 3450: 200 GB per month. • Local Minutes in Emerald 3450: 12,000 minutes per month. • SMS in Emerald 3450: 2,000 messages per month. • Extra Family Lines in Emerald 3450: 7 extra lines on the same Emerald account. • Intra-Family Call Minutes in Emerald 3450: 10,000 free minutes per month\nbetween lines on the same account. • eHome DSL Discount in Emerald 3450: 650 EGP per month. • eHome Wireless Discount in Emerald 3450: 800 EGP per month (cannot be\ncombined with the eHome DSL discount). • International Minutes in Emerald 3450: 90 minutes.', 'Package: Emerald 430 The Emerald 430 package is one of the Emerald postpaid packages\n• Outgoing Roaming Minutes in Emerald 430: 10 minutes. • Incoming Roaming Minutes in Emerald 430: None. • Roaming Internet in Emerald 430: 50 MB per month, plus 1.5 GB twice a year. • Extra Emerald Points in Emerald 430: 250 points per month, used in the MORE\nrewards program. • Entertainment E-Coins in Emerald 430: 1,875 E-Coins per month, used by the\ncustomer to choose entertainment services from Twist Sport, Twist Music, Twist TV,\nTOD, VIU, Shahid, Starzplay, and Amazon Prime. • Emerald GTO Hotel Discount in Emerald 430: 10% off the lowest available online\nhotel rates worldwide. • Maximum Mobile Phone Installment Limit in Emerald 430: Up to 15,000 EGP. • Special Privileges in Emerald 430: No additional special privileges, except for a\n25% discount on MOVE Club.', 'Package: Emerald 780 The Emerald 780 package is one of the Emerald postpaid packages\nfrom e& Egypt, with a monthly price of 780 EGP before taxes. The package includes 25 GB\nof local internet, 4,500 local minutes, 2,000 SMS per month, and allows the addition of two\nextra lines to the same account. • Package Name: Emerald 780. • Monthly Price for Emerald 780: 780 EGP, before adding 8% schedule tax, 14% VAT,\nand a 10 EGP State Resource Development fee. • Local Internet in Emerald 780: 25 GB per month. • Local Minutes in Emerald 780: 4,500 minutes per month. • SMS in Emerald 780: 2,000 messages per month. • Extra Family Lines in Emerald 780: 2 extra lines on the same Emerald account. • Intra-Family Call Minutes in Emerald 780: 10,000 free minutes per month\nbetween lines on the same account. • eHome DSL Discount in Emerald 780: 210 EGP per month. • eHome Wireless Discount in Emerald 780: 225 EGP per month (cannot be\ncombined with the eHome DSL discount). • International Minutes in Emerald 780: 30 minutes.', 'Package: Emerald 1120 The Emerald 1120 package is one of the Emerald postpaid\npackages from e& Egypt, with a monthly price of 1,120 EGP before taxes. The package\nincludes 40 GB of local internet, 6,500 local minutes, 2,000 SMS per month, and allows the\naddition of four extra lines to the same account. • Package Name: Emerald 1120. • Monthly Price for Emerald 1120: 1,120 EGP, before adding 8% schedule tax, 14%\nVAT, and a 10 EGP State Resource Development fee. • Local Internet in Emerald 1120: 40 GB per month. • Local Minutes in Emerald 1120: 6,500 minutes per month. • SMS in Emerald 1120: 2,000 messages per month. • Extra Family Lines in Emerald 1120: 4 extra lines on the same Emerald account. • Intra-Family Call Minutes in Emerald 1120: 10,000 free minutes per month\nbetween lines on the same account. • eHome DSL Discount in Emerald 1120: 325 EGP per month. • eHome Wireless Discount in Emerald 1120: 380 EGP per month (cannot be\ncombined with the eHome DSL discount). • International Minutes in Emerald 1120: 45 minutes.', 'Emerald 3450.\n5. Entertainment Catalog (Entertainment E-Coins)\nEach Emerald package grants the subscriber a monthly balance of Entertainment E-Coins\nused to subscribe to partner streaming services. Entertainment E-Coins per Emerald Package:\n• Entertainment E-Coins in Emerald 430: 1,875 points per month. • Entertainment E-Coins in Emerald 780: 3,375 points per month. • Entertainment E-Coins in Emerald 1120: 4,875 points per month. • Entertainment E-Coins in Emerald 1725: 7,500 points per month. • Entertainment E-Coins in Emerald 3450: 10,000 points per month. Entertainment Services Available to Emerald Customers:\n• Twist Sport is available to Emerald customers through Entertainment E-Coins. • Twist Music is available to Emerald customers through Entertainment E-Coins. • Twist TV is available to Emerald customers through Entertainment E-Coins. • TOD is available to Emerald customers through Entertainment E-Coins. • VIU is available to Emerald customers through Entertainment E-Coins. • Shahid is available to Emerald customers through Entertainment E-Coins. • Starzplay is available to Emerald customers through Entertainment E-Coins. • Amazon Prime is available to Emerald customers through Entertainment E-Coins. 6. Roaming in Emerald Packages\nRoaming benefits in Emerald vary by package. The Emerald customer must activate the\nroaming package via the My e& Egypt app before traveling. Please note that roaming\ninternet is only applicable in the approved country list mentioned in this section. Voice Roaming Minutes per Emerald Package:\n• Emerald 430: 10 outgoing minutes, with 0 incoming minutes included, and 0\ninternational minutes included. • Emerald 780: 30 outgoing minutes, 15 incoming minutes, and 30 international\nminutes. • Emerald 1120: 45 outgoing minutes, 20 incoming minutes, and 45 international\nminutes. • Emerald 1725: 60 outgoing minutes, 30 incoming minutes, and 60 international\nminutes. • Emerald 3450: 90 outgoing minutes, 45 incoming minutes, and 90 international\nminutes. • Extra roaming minutes outside the Emerald package allowance cost 1.5 EGP per\nminute across all packages. Roaming Internet per Emerald Package:\n• Emerald 430 Roaming Internet: 50 MB monthly, plus 1.5 GB twice a year. • Emerald 780 Roaming Internet: 50 MB monthly, plus 5 GB twice a year. • Emerald 1120 Roaming Internet: 50 MB monthly, plus 10 GB twice a year. • Emerald 1725 Roaming Internet: 50 MB monthly, plus 10 GB three times a year. • Emerald 3450 Roaming Internet: 50 MB monthly, plus 10 GB four times a year. Replacing Roaming Internet with Local Internet: An Emerald customer can exchange a\nportion of their roaming internet for local mobile internet, as follows:\n• In the Emerald 430 package: Exchange 1.5 GB of roaming internet for 2 GB of local\ninternet. • In the Emerald 780 package: Exchange 5 GB of roaming internet for 5 GB of local\ninternet. • In the Emerald 1120, 1725, and 3450 packages: Exchange 10 GB of roaming\ninternet for 10 GB of local internet. Approved Roaming Countries List for Emerald Packages: List of countries and territories\ncovered by the Emerald roaming package (70 countries): Albania, Anguilla, Antigua and\nBarbuda, Argentina, Austria, Bangladesh, Barbados, Belarus, Belgium, Bosnia and\nHerzegovina, Bulgaria, Canada, Cayman Islands, China, Croatia, Democratic Republic of\nthe Congo, Cyprus, Czech Republic, Denmark, Dominican Republic, El Salvador, France,\nGeorgia, Germany, Greece, Grenada, Guadeloupe, Hong Kong, Hungary, Ireland, Italy,\nJamaica, Jordan, Kazakhstan, Kuwait, Kyrgyzstan, Liechtenstein, Luxembourg, Macedonia\n(North Macedonia), Malaysia, Malta, Montserrat, Netherlands, New Zealand, Panama,\nPoland, Portugal, Qatar, Romania, Russia, Saint Lucia, Saint Vincent and the Grenadines,\nSaudi Arabia, Serbia, Slovakia, South Africa, Spain, Saint Kitts, Sudan, Sweden,\nSwitzerland, Thailand, Turkey, Turks and Caicos, Ukraine, United Arab Emirates, United\nKingdom, United States of America, Uzbekistan, British Virgin Islands. 7.', 'Package: Emerald 1725 The Emerald 1725 package is one of the Emerald postpaid\npackages from e& Egypt, with a monthly price of 1,725 EGP before taxes. The package\nincludes 70 GB of local internet, 10,000 local minutes, 2,000 SMS per month, and allows\nthe addition of five extra lines to the same account. • Package Name: Emerald 1725. • Monthly Price for Emerald 1725: 1,725 EGP, before adding 8% schedule tax, 14%\nVAT, and a 10 EGP State Resource Development fee. • Local Internet in Emerald 1725: 70 GB per month. • Local Minutes in Emerald 1725: 10,000 minutes per month. • SMS in Emerald 1725: 2,000 messages per month. • Extra Family Lines in Emerald 1725: 5 extra lines on the same Emerald account. • Intra-Family Call Minutes in Emerald 1725: 10,000 free minutes per month\nbetween lines on the same account. • eHome DSL Discount in Emerald 1725: 430 EGP per month. • eHome Wireless Discount in Emerald 1725: 450 EGP per month (cannot be\ncombined with the eHome DSL discount). • International Minutes in Emerald 1725: 60 minutes.', ""Emerald 3450.\n• How to Choose: The subscriber uses their E-Coins balance to choose the apps\nthey wish to subscribe to. Internet Worthy (Internet Flexibility) The Internet Worthy feature in Emerald allows\ncarrying over unused internet to the next month, as well as borrowing a portion of next\nmonth’s internet in advance. • Internet Rollover: Any remaining local internet quota rolls over to the following\nmonth for one month. • Borrowing from Next Month: An Emerald customer can use up to 50% of their next\nmonth's internet quota in advance. • Internet Distribution: Internet can be distributed and transferred among Emerald\nfamily members via the My e& Egypt app or by dialing *800#. • Add-on Packages: Monthly recurring Emerald internet add-ons are available, as\nwell as on-demand add-ons. MOVE Club Discount A health/fitness benefit shared across all Emerald packages,\ngranting the subscriber a 25% discount on MOVE sports club memberships. • Discount Percentage: 25% on MOVE club subscriptions. • Eligibility: All Emerald customers across all packages (430, 780, 1120, 1725, and\n3450)."", 'package: 50 EGP per month for a data line, and 100 EGP per month for a voice line.\n8. Glossary of Terms\n• Emerald: The premium postpaid mobile package program from e& Egypt, marketed\nas ""Emerald Family"". It includes five tiered packages: Emerald 430, Emerald 780,', 'Package: Emerald 3450 The Emerald 3450 package is one of the Emerald postpaid\n(Note: There is no Section 3 in the original text)\n4. Emerald Programs and Benefits\nThe Emerald program includes several benefits and programs applicable across multiple\npackages. Each feature is described independently here for precise retrieval. Emerald Savings Program The Emerald Savings program is an exclusive cashback\nprogram for Emerald customers, where the subscriber gets 25% of their qualifying daily\nexpenses as credit to be used for travel. • Beneficiaries: All Emerald customers across all packages. • Cashback Percentage: 25% of qualifying daily expenses. • Qualifying Expenses: Dining, shopping, and other daily expenses. • How to Use: The refunded balance is used as discounts on travel. • How to Activate: Download the PoshSaver app from the App Store or Google Play. Emerald GTO Hotel Discounts An exclusive benefit for Emerald customers providing an\ninstant guaranteed discount of up to 30% on the lowest available online hotel rates\nworldwide. • Beneficiaries: Current and new Emerald customers. • Maximum Discount: Up to 30% off the lowest online hotel rate. • Discounts per Package: 10% for Emerald 430 and 780; 15% for Emerald 1120; 20%\nfor Emerald 1725; and 30% for Emerald 3450. • Coverage: Hotels worldwide. • How to Book: Through the GTO platform partnered with e& Egypt. Emerald Family Lines The family feature in Emerald allows adding multiple lines for family\nmembers under a single account, with shared quotas and centralized bill control. • Maximum Extra Lines: 1 line in Emerald 430, 2 lines in Emerald 780, 4 lines in', 'Package: Emerald 3450 The Emerald 3450 package is one of the Emerald postpaid\n• Outgoing Roaming Minutes in Emerald 3450: 90 minutes. • Incoming Roaming Minutes in Emerald 3450: 45 minutes. • Roaming Internet in Emerald 3450: 50 MB per month, plus 10 GB four times a year. • Extra Emerald Points in Emerald 3450: 4,000 points per month, used in the MORE\nrewards program. • Entertainment E-Coins in Emerald 3450: 10,000 E-Coins per month, used by the\ncustomer to choose entertainment services from Twist Sport, Twist Music, Twist TV,\nTOD, VIU, Shahid, Starzplay, and Amazon Prime. • Emerald GTO Hotel Discount in Emerald 3450: 30% off the lowest available online\nhotel rates worldwide. • Maximum Mobile Phone Installment Limit in Emerald 3450: Up to 75,000 EGP. • Special Privileges in Emerald 3450: 24/7 personal account manager, international\nconcierge service, and a 25% discount on MOVE Club.', 'Package: Emerald 780 The Emerald 780 package is one of the Emerald postpaid packages\n• Outgoing Roaming Minutes in Emerald 780: 30 minutes. • Incoming Roaming Minutes in Emerald 780: 15 minutes. • Roaming Internet in Emerald 780: 50 MB per month, plus 5 GB twice a year. • Extra Emerald Points in Emerald 780: 450 points per month, used in the MORE\nrewards program. • Entertainment E-Coins in Emerald 780: 3,375 E-Coins per month, used by the\ncustomer to choose entertainment services from Twist Sport, Twist Music, Twist TV,\nTOD, VIU, Shahid, Starzplay, and Amazon Prime. • Emerald GTO Hotel Discount in Emerald 780: 10% off the lowest available online\nhotel rates worldwide. • Maximum Mobile Phone Installment Limit in Emerald 780: Up to 30,000 EGP. • Special Privileges in Emerald 780: No additional special privileges, except for a\n25% discount on MOVE Club.', 'Package: Emerald 1120 The Emerald 1120 package is one of the Emerald postpaid\n• Outgoing Roaming Minutes in Emerald 1120: 45 minutes. • Incoming Roaming Minutes in Emerald 1120: 20 minutes. • Roaming Internet in Emerald 1120: 50 MB per month, plus 10 GB twice a year. • Extra Emerald Points in Emerald 1120: 1,000 points per month, used in the MORE\nrewards program. • Entertainment E-Coins in Emerald 1120: 4,875 E-Coins per month, used by the\ncustomer to choose entertainment services from Twist Sport, Twist Music, Twist TV,\nTOD, VIU, Shahid, Starzplay, and Amazon Prime. • Emerald GTO Hotel Discount in Emerald 1120: 15% off the lowest available online\nhotel rates worldwide. • Maximum Mobile Phone Installment Limit in Emerald 1120: Up to 60,000 EGP. • Special Privileges in Emerald 1120: No additional special privileges, except for a\n25% discount on MOVE Club.']",The Emerald 430 package includes **12 GB of local internet** per month[1].,1.0,0.8921528629413156
How many local minutes come with Emerald 430?,"['Package: Emerald 430 The Emerald 430 package is one of the Emerald postpaid packages\nfrom e& Egypt, with a monthly price of 430 EGP before taxes. The package includes 12 GB\nof local internet, 2,500 local minutes, 500 SMS per month, and allows the addition of one\nextra line to the same account. • Package Name: Emerald 430. • Monthly Price for Emerald 430: 430 EGP, before adding 8% schedule tax, 14% VAT,\nand a 10 EGP State Resource Development fee. • Local Internet in Emerald 430: 12 GB per month. • Local Minutes in Emerald 430: 2,500 minutes per month. • SMS in Emerald 430: 500 messages per month. • Extra Family Lines in Emerald 430: 1 extra line on the same Emerald account. • Intra-Family Call Minutes in Emerald 430: 10,000 free minutes per month\nbetween lines on the same account. • eHome DSL Discount in Emerald 430: 160 EGP per month. • eHome Wireless Discount in Emerald 430: 165 EGP per month (cannot be\ncombined with the eHome DSL discount). • International Minutes in Emerald 430: None.', 'package: 50 EGP per month for a data line, and 100 EGP per month for a voice line.\n• Adding an e& Egypt landline to the Emerald account is counted as one of the family\nlines; if the available lines are exhausted, the landline can be added for 10 EGP per\nmonth. • Roaming minutes included in Emerald packages: 15 minutes for Emerald 430; 30\nminutes for Emerald 780 and 1120; and 60 minutes for Emerald 1725 and 3450. Additional roaming minutes cost 1.5 EGP. (Note: This reflects the exact wording of\nthe source text, which aggregates/averages the limits detailed in Section 6). • Replacing roaming internet with local internet in Emerald: An Emerald 430\ncustomer can exchange 1.5 GB roaming for 2 GB local; an Emerald 780 customer\ncan exchange 5 GB roaming for 5 GB local; and Emerald 1120, 1725, and 3450\ncustomers can exchange 10 GB roaming for 10 GB local. • Activating Roaming: An Emerald customer must activate the roaming package via\nthe My e& Egypt app prior to travel. Note that roaming internet can only be used in\nthe approved country list for the Emerald package. • 7070 Directory minutes included in Emerald packages: 15 minutes for Emerald 430;\n30 minutes for Emerald 780 and 1120; and 60 minutes for Emerald 1725 and 3450. Extra minutes beyond the package cost 1.5 EGP.', 'Package: Emerald 430 The Emerald 430 package is one of the Emerald postpaid packages\n• Outgoing Roaming Minutes in Emerald 430: 10 minutes. • Incoming Roaming Minutes in Emerald 430: None. • Roaming Internet in Emerald 430: 50 MB per month, plus 1.5 GB twice a year. • Extra Emerald Points in Emerald 430: 250 points per month, used in the MORE\nrewards program. • Entertainment E-Coins in Emerald 430: 1,875 E-Coins per month, used by the\ncustomer to choose entertainment services from Twist Sport, Twist Music, Twist TV,\nTOD, VIU, Shahid, Starzplay, and Amazon Prime. • Emerald GTO Hotel Discount in Emerald 430: 10% off the lowest available online\nhotel rates worldwide. • Maximum Mobile Phone Installment Limit in Emerald 430: Up to 15,000 EGP. • Special Privileges in Emerald 430: No additional special privileges, except for a\n25% discount on MOVE Club.', 'Emerald 3450.\nTerms & Conditions\nThe following conditions apply to all Emerald packages unless otherwise stated. Each\npoint here is written as an independent retrievable fact:\n• All announced prices for Emerald packages are exclusive of taxes. • Taxes added to the monthly price of Emerald packages include: an 8% schedule tax,\na 14% Value Added Tax (VAT), and a 10 EGP State Resource Development fee per\nmonth. • Local call rates outside the Emerald package: 19 piasters per local minute, and 30\npiasters per local SMS. • International call rates outside the Emerald package: 8 EGP per international\nminute, and 5 EGP per international SMS. • The eHome DSL discount with Emerald is deducted in exchange for a portion of the\nlocal internet quota: 2 GB for Emerald 430; 3 GB for Emerald 780; 5 GB for Emerald\n1120; and 10 GB for Emerald 1725 and Emerald 3450. • The eHome DSL discount and eHome Wireless discount cannot be combined; the\nEmerald customer must choose only one of them. • The maximum intra-family minutes in Emerald: 10,000 minutes per month between\nlines on the same account. • The maximum SMS limit: 500 messages for Emerald 430, and 2,000 messages for', 'Package: Emerald 3450 The Emerald 3450 package is one of the Emerald postpaid\npackages from e& Egypt, with a monthly price of 3,450 EGP before taxes. The package\nincludes 200 GB of local internet, 12,000 local minutes, 2,000 SMS per month, and allows\nthe addition of seven extra lines to the same account. • Package Name: Emerald 3450. • Monthly Price for Emerald 3450: 3,450 EGP, before adding 8% schedule tax, 14%\nVAT, and a 10 EGP State Resource Development fee. • Local Internet in Emerald 3450: 200 GB per month. • Local Minutes in Emerald 3450: 12,000 minutes per month. • SMS in Emerald 3450: 2,000 messages per month. • Extra Family Lines in Emerald 3450: 7 extra lines on the same Emerald account. • Intra-Family Call Minutes in Emerald 3450: 10,000 free minutes per month\nbetween lines on the same account. • eHome DSL Discount in Emerald 3450: 650 EGP per month. • eHome Wireless Discount in Emerald 3450: 800 EGP per month (cannot be\ncombined with the eHome DSL discount). • International Minutes in Emerald 3450: 90 minutes.', 'Package: Emerald 780 The Emerald 780 package is one of the Emerald postpaid packages\nfrom e& Egypt, with a monthly price of 780 EGP before taxes. The package includes 25 GB\nof local internet, 4,500 local minutes, 2,000 SMS per month, and allows the addition of two\nextra lines to the same account. • Package Name: Emerald 780. • Monthly Price for Emerald 780: 780 EGP, before adding 8% schedule tax, 14% VAT,\nand a 10 EGP State Resource Development fee. • Local Internet in Emerald 780: 25 GB per month. • Local Minutes in Emerald 780: 4,500 minutes per month. • SMS in Emerald 780: 2,000 messages per month. • Extra Family Lines in Emerald 780: 2 extra lines on the same Emerald account. • Intra-Family Call Minutes in Emerald 780: 10,000 free minutes per month\nbetween lines on the same account. • eHome DSL Discount in Emerald 780: 210 EGP per month. • eHome Wireless Discount in Emerald 780: 225 EGP per month (cannot be\ncombined with the eHome DSL discount). • International Minutes in Emerald 780: 30 minutes.', 'Emerald 3450.\n5. Entertainment Catalog (Entertainment E-Coins)\nEach Emerald package grants the subscriber a monthly balance of Entertainment E-Coins\nused to subscribe to partner streaming services. Entertainment E-Coins per Emerald Package:\n• Entertainment E-Coins in Emerald 430: 1,875 points per month. • Entertainment E-Coins in Emerald 780: 3,375 points per month. • Entertainment E-Coins in Emerald 1120: 4,875 points per month. • Entertainment E-Coins in Emerald 1725: 7,500 points per month. • Entertainment E-Coins in Emerald 3450: 10,000 points per month. Entertainment Services Available to Emerald Customers:\n• Twist Sport is available to Emerald customers through Entertainment E-Coins. • Twist Music is available to Emerald customers through Entertainment E-Coins. • Twist TV is available to Emerald customers through Entertainment E-Coins. • TOD is available to Emerald customers through Entertainment E-Coins. • VIU is available to Emerald customers through Entertainment E-Coins. • Shahid is available to Emerald customers through Entertainment E-Coins. • Starzplay is available to Emerald customers through Entertainment E-Coins. • Amazon Prime is available to Emerald customers through Entertainment E-Coins. 6. Roaming in Emerald Packages\nRoaming benefits in Emerald vary by package. The Emerald customer must activate the\nroaming package via the My e& Egypt app before traveling. Please note that roaming\ninternet is only applicable in the approved country list mentioned in this section. Voice Roaming Minutes per Emerald Package:\n• Emerald 430: 10 outgoing minutes, with 0 incoming minutes included, and 0\ninternational minutes included. • Emerald 780: 30 outgoing minutes, 15 incoming minutes, and 30 international\nminutes. • Emerald 1120: 45 outgoing minutes, 20 incoming minutes, and 45 international\nminutes. • Emerald 1725: 60 outgoing minutes, 30 incoming minutes, and 60 international\nminutes. • Emerald 3450: 90 outgoing minutes, 45 incoming minutes, and 90 international\nminutes. • Extra roaming minutes outside the Emerald package allowance cost 1.5 EGP per\nminute across all packages. Roaming Internet per Emerald Package:\n• Emerald 430 Roaming Internet: 50 MB monthly, plus 1.5 GB twice a year. • Emerald 780 Roaming Internet: 50 MB monthly, plus 5 GB twice a year. • Emerald 1120 Roaming Internet: 50 MB monthly, plus 10 GB twice a year. • Emerald 1725 Roaming Internet: 50 MB monthly, plus 10 GB three times a year. • Emerald 3450 Roaming Internet: 50 MB monthly, plus 10 GB four times a year. Replacing Roaming Internet with Local Internet: An Emerald customer can exchange a\nportion of their roaming internet for local mobile internet, as follows:\n• In the Emerald 430 package: Exchange 1.5 GB of roaming internet for 2 GB of local\ninternet. • In the Emerald 780 package: Exchange 5 GB of roaming internet for 5 GB of local\ninternet. • In the Emerald 1120, 1725, and 3450 packages: Exchange 10 GB of roaming\ninternet for 10 GB of local internet. Approved Roaming Countries List for Emerald Packages: List of countries and territories\ncovered by the Emerald roaming package (70 countries): Albania, Anguilla, Antigua and\nBarbuda, Argentina, Austria, Bangladesh, Barbados, Belarus, Belgium, Bosnia and\nHerzegovina, Bulgaria, Canada, Cayman Islands, China, Croatia, Democratic Republic of\nthe Congo, Cyprus, Czech Republic, Denmark, Dominican Republic, El Salvador, France,\nGeorgia, Germany, Greece, Grenada, Guadeloupe, Hong Kong, Hungary, Ireland, Italy,\nJamaica, Jordan, Kazakhstan, Kuwait, Kyrgyzstan, Liechtenstein, Luxembourg, Macedonia\n(North Macedonia), Malaysia, Malta, Montserrat, Netherlands, New Zealand, Panama,\nPoland, Portugal, Qatar, Romania, Russia, Saint Lucia, Saint Vincent and the Grenadines,\nSaudi Arabia, Serbia, Slovakia, South Africa, Spain, Saint Kitts, Sudan, Sweden,\nSwitzerland, Thailand, Turkey, Turks and Caicos, Ukraine, United Arab Emirates, United\nKingdom, United States of America, Uzbekistan, British Virgin Islands. 7.', 'Package: Emerald 1725 The Emerald 1725 package is one of the Emerald postpaid\npackages from e& Egypt, with a monthly price of 1,725 EGP before taxes. The package\nincludes 70 GB of local internet, 10,000 local minutes, 2,000 SMS per month, and allows\nthe addition of five extra lines to the same account. • Package Name: Emerald 1725. • Monthly Price for Emerald 1725: 1,725 EGP, before adding 8% schedule tax, 14%\nVAT, and a 10 EGP State Resource Development fee. • Local Internet in Emerald 1725: 70 GB per month. • Local Minutes in Emerald 1725: 10,000 minutes per month. • SMS in Emerald 1725: 2,000 messages per month. • Extra Family Lines in Emerald 1725: 5 extra lines on the same Emerald account. • Intra-Family Call Minutes in Emerald 1725: 10,000 free minutes per month\nbetween lines on the same account. • eHome DSL Discount in Emerald 1725: 430 EGP per month. • eHome Wireless Discount in Emerald 1725: 450 EGP per month (cannot be\ncombined with the eHome DSL discount). • International Minutes in Emerald 1725: 60 minutes.', 'Package: Emerald 1120 The Emerald 1120 package is one of the Emerald postpaid\npackages from e& Egypt, with a monthly price of 1,120 EGP before taxes. The package\nincludes 40 GB of local internet, 6,500 local minutes, 2,000 SMS per month, and allows the\naddition of four extra lines to the same account. • Package Name: Emerald 1120. • Monthly Price for Emerald 1120: 1,120 EGP, before adding 8% schedule tax, 14%\nVAT, and a 10 EGP State Resource Development fee. • Local Internet in Emerald 1120: 40 GB per month. • Local Minutes in Emerald 1120: 6,500 minutes per month. • SMS in Emerald 1120: 2,000 messages per month. • Extra Family Lines in Emerald 1120: 4 extra lines on the same Emerald account. • Intra-Family Call Minutes in Emerald 1120: 10,000 free minutes per month\nbetween lines on the same account. • eHome DSL Discount in Emerald 1120: 325 EGP per month. • eHome Wireless Discount in Emerald 1120: 380 EGP per month (cannot be\ncombined with the eHome DSL discount). • International Minutes in Emerald 1120: 45 minutes.', ""Emerald 1120, Emerald 1725, and Emerald 3450.\n• Family Line: An additional line added under the main Emerald package owner's\naccount. Family lines share the account's package and enjoy 10,000 free internal\nminutes among family members. • Intra Minutes: Call minutes between lines sharing the same Emerald account. All\nEmerald packages include 10,000 minutes per month of this type. • eHome DSL and eHome Wireless: e& Egypt's home internet products. Emerald\npackages include a discount on one of them (discounts cannot be combined). • Emerald Points: Loyalty points associated with Emerald packages, accumulating\nmonthly to be redeemed in e& Egypt's MORE rewards program. • Entertainment E-Coins: A balance separate from loyalty points, dedicated to\nchoosing streaming entertainment services like Twist, TOD, VIU, Shahid, Starzplay,\nand Amazon Prime. • GTO: The specialized hotel booking partner offering exclusive discounts to Emerald\ncustomers of up to 30% off the lowest available online rates. • ADIB: The acronym used for Abu Dhabi Islamic Bank–Egypt, the issuer of the co-\nbranded card with e& Egypt, which grants Emerald customers access to\ninternational airport lounges. • MORE Program: The general rewards program from e& Egypt."", 'Package: Emerald 3450 The Emerald 3450 package is one of the Emerald postpaid\n• Outgoing Roaming Minutes in Emerald 3450: 90 minutes. • Incoming Roaming Minutes in Emerald 3450: 45 minutes. • Roaming Internet in Emerald 3450: 50 MB per month, plus 10 GB four times a year. • Extra Emerald Points in Emerald 3450: 4,000 points per month, used in the MORE\nrewards program. • Entertainment E-Coins in Emerald 3450: 10,000 E-Coins per month, used by the\ncustomer to choose entertainment services from Twist Sport, Twist Music, Twist TV,\nTOD, VIU, Shahid, Starzplay, and Amazon Prime. • Emerald GTO Hotel Discount in Emerald 3450: 30% off the lowest available online\nhotel rates worldwide. • Maximum Mobile Phone Installment Limit in Emerald 3450: Up to 75,000 EGP. • Special Privileges in Emerald 3450: 24/7 personal account manager, international\nconcierge service, and a 25% discount on MOVE Club.', 'Package: Emerald 780 The Emerald 780 package is one of the Emerald postpaid packages\n• Outgoing Roaming Minutes in Emerald 780: 30 minutes. • Incoming Roaming Minutes in Emerald 780: 15 minutes. • Roaming Internet in Emerald 780: 50 MB per month, plus 5 GB twice a year. • Extra Emerald Points in Emerald 780: 450 points per month, used in the MORE\nrewards program. • Entertainment E-Coins in Emerald 780: 3,375 E-Coins per month, used by the\ncustomer to choose entertainment services from Twist Sport, Twist Music, Twist TV,\nTOD, VIU, Shahid, Starzplay, and Amazon Prime. • Emerald GTO Hotel Discount in Emerald 780: 10% off the lowest available online\nhotel rates worldwide. • Maximum Mobile Phone Installment Limit in Emerald 780: Up to 30,000 EGP. • Special Privileges in Emerald 780: No additional special privileges, except for a\n25% discount on MOVE Club.', 'Package: Emerald 1725 The Emerald 1725 package is one of the Emerald postpaid\n• Outgoing Roaming Minutes in Emerald 1725: 60 minutes. • Incoming Roaming Minutes in Emerald 1725: 30 minutes. • Roaming Internet in Emerald 1725: 50 MB per month, plus 10 GB three times a\nyear. • Extra Emerald Points in Emerald 1725: 2,000 points per month, used in the MORE\nrewards program. • Entertainment E-Coins in Emerald 1725: 7,500 E-Coins per month, used by the\ncustomer to choose entertainment services from Twist Sport, Twist Music, Twist TV,\nTOD, VIU, Shahid, Starzplay, and Amazon Prime. • Emerald GTO Hotel Discount in Emerald 1725: 20% off the lowest available online\nhotel rates worldwide. • Maximum Mobile Phone Installment Limit in Emerald 1725: Up to 75,000 EGP. • Special Privileges in Emerald 1725: No additional special privileges, except for a\n25% discount on MOVE Club.', 'Emerald 1120, Emerald 1725, and Emerald 3450.\nEmerald Packages Pricing & Taxes Summary\nAll mentioned prices for Emerald packages are before adding taxes. The following taxes\nand fees are added to the base price of each package:\n• An 8% Schedule Tax on the base price of the Emerald package. • A 14% Value Added Tax (VAT) on the base price of the Emerald package. • A 10 EGP State Resource Development fee applied monthly to every Emerald\npackage. 10. Out-of-Bundle Usage Rates for Emerald\nWhen an Emerald customer exceeds the usage included in their package, the following\nrates apply:\n• Extra local minute outside the Emerald package: 19 piasters per minute. • Extra local SMS outside the Emerald package: 30 piasters per message. • Extra international minute outside the Emerald package: 8 EGP per minute. • Extra international SMS outside the Emerald package: 5 EGP per message. • Extra roaming minute outside the Emerald package: 1.5 EGP per minute. • Extra 7070 Directory minute outside the Emerald package: 1.5 EGP per minute. • Extra Data line after exhausting the allowed Emerald family lines: 50 EGP per\nmonth. • Extra Voice line after exhausting the allowed Emerald family lines: 100 EGP per\nmonth. • Landline added to the Emerald account after exhausting allowed family lines: 10\nEGP per month.', 'Package: Emerald 1120 The Emerald 1120 package is one of the Emerald postpaid\n• Outgoing Roaming Minutes in Emerald 1120: 45 minutes. • Incoming Roaming Minutes in Emerald 1120: 20 minutes. • Roaming Internet in Emerald 1120: 50 MB per month, plus 10 GB twice a year. • Extra Emerald Points in Emerald 1120: 1,000 points per month, used in the MORE\nrewards program. • Entertainment E-Coins in Emerald 1120: 4,875 E-Coins per month, used by the\ncustomer to choose entertainment services from Twist Sport, Twist Music, Twist TV,\nTOD, VIU, Shahid, Starzplay, and Amazon Prime. • Emerald GTO Hotel Discount in Emerald 1120: 15% off the lowest available online\nhotel rates worldwide. • Maximum Mobile Phone Installment Limit in Emerald 1120: Up to 60,000 EGP. • Special Privileges in Emerald 1120: No additional special privileges, except for a\n25% discount on MOVE Club.']","The Emerald 430 package includes **2,500 local minutes** per month. Additionally, it offers **10,000 free intra-family call minutes** per month between lines on the same account[1].",1.0,0.9227259765628837
What entertainment services can Emerald customers choose from?,"['Package: Emerald 780 The Emerald 780 package is one of the Emerald postpaid packages\n• Outgoing Roaming Minutes in Emerald 780: 30 minutes. • Incoming Roaming Minutes in Emerald 780: 15 minutes. • Roaming Internet in Emerald 780: 50 MB per month, plus 5 GB twice a year. • Extra Emerald Points in Emerald 780: 450 points per month, used in the MORE\nrewards program. • Entertainment E-Coins in Emerald 780: 3,375 E-Coins per month, used by the\ncustomer to choose entertainment services from Twist Sport, Twist Music, Twist TV,\nTOD, VIU, Shahid, Starzplay, and Amazon Prime. • Emerald GTO Hotel Discount in Emerald 780: 10% off the lowest available online\nhotel rates worldwide. • Maximum Mobile Phone Installment Limit in Emerald 780: Up to 30,000 EGP. • Special Privileges in Emerald 780: No additional special privileges, except for a\n25% discount on MOVE Club.', 'Package: Emerald 430 The Emerald 430 package is one of the Emerald postpaid packages\n• Outgoing Roaming Minutes in Emerald 430: 10 minutes. • Incoming Roaming Minutes in Emerald 430: None. • Roaming Internet in Emerald 430: 50 MB per month, plus 1.5 GB twice a year. • Extra Emerald Points in Emerald 430: 250 points per month, used in the MORE\nrewards program. • Entertainment E-Coins in Emerald 430: 1,875 E-Coins per month, used by the\ncustomer to choose entertainment services from Twist Sport, Twist Music, Twist TV,\nTOD, VIU, Shahid, Starzplay, and Amazon Prime. • Emerald GTO Hotel Discount in Emerald 430: 10% off the lowest available online\nhotel rates worldwide. • Maximum Mobile Phone Installment Limit in Emerald 430: Up to 15,000 EGP. • Special Privileges in Emerald 430: No additional special privileges, except for a\n25% discount on MOVE Club.', 'Package: Emerald 3450 The Emerald 3450 package is one of the Emerald postpaid\n• Outgoing Roaming Minutes in Emerald 3450: 90 minutes. • Incoming Roaming Minutes in Emerald 3450: 45 minutes. • Roaming Internet in Emerald 3450: 50 MB per month, plus 10 GB four times a year. • Extra Emerald Points in Emerald 3450: 4,000 points per month, used in the MORE\nrewards program. • Entertainment E-Coins in Emerald 3450: 10,000 E-Coins per month, used by the\ncustomer to choose entertainment services from Twist Sport, Twist Music, Twist TV,\nTOD, VIU, Shahid, Starzplay, and Amazon Prime. • Emerald GTO Hotel Discount in Emerald 3450: 30% off the lowest available online\nhotel rates worldwide. • Maximum Mobile Phone Installment Limit in Emerald 3450: Up to 75,000 EGP. • Special Privileges in Emerald 3450: 24/7 personal account manager, international\nconcierge service, and a 25% discount on MOVE Club.', 'Package: Emerald 1725 The Emerald 1725 package is one of the Emerald postpaid\n• Outgoing Roaming Minutes in Emerald 1725: 60 minutes. • Incoming Roaming Minutes in Emerald 1725: 30 minutes. • Roaming Internet in Emerald 1725: 50 MB per month, plus 10 GB three times a\nyear. • Extra Emerald Points in Emerald 1725: 2,000 points per month, used in the MORE\nrewards program. • Entertainment E-Coins in Emerald 1725: 7,500 E-Coins per month, used by the\ncustomer to choose entertainment services from Twist Sport, Twist Music, Twist TV,\nTOD, VIU, Shahid, Starzplay, and Amazon Prime. • Emerald GTO Hotel Discount in Emerald 1725: 20% off the lowest available online\nhotel rates worldwide. • Maximum Mobile Phone Installment Limit in Emerald 1725: Up to 75,000 EGP. • Special Privileges in Emerald 1725: No additional special privileges, except for a\n25% discount on MOVE Club.', 'Package: Emerald 1120 The Emerald 1120 package is one of the Emerald postpaid\n• Outgoing Roaming Minutes in Emerald 1120: 45 minutes. • Incoming Roaming Minutes in Emerald 1120: 20 minutes. • Roaming Internet in Emerald 1120: 50 MB per month, plus 10 GB twice a year. • Extra Emerald Points in Emerald 1120: 1,000 points per month, used in the MORE\nrewards program. • Entertainment E-Coins in Emerald 1120: 4,875 E-Coins per month, used by the\ncustomer to choose entertainment services from Twist Sport, Twist Music, Twist TV,\nTOD, VIU, Shahid, Starzplay, and Amazon Prime. • Emerald GTO Hotel Discount in Emerald 1120: 15% off the lowest available online\nhotel rates worldwide. • Maximum Mobile Phone Installment Limit in Emerald 1120: Up to 60,000 EGP. • Special Privileges in Emerald 1120: No additional special privileges, except for a\n25% discount on MOVE Club.', 'Emerald 3450.\n• Available Services: Twist Sport, Twist Music, Twist TV, TOD, VIU, Shahid, Starzplay,\nand Amazon Prime. • Categories Covered: Movies, series, music, sports, in addition to an Islamic\ncontent service.', ""Emerald 1120, Emerald 1725, and Emerald 3450.\n• Family Line: An additional line added under the main Emerald package owner's\naccount. Family lines share the account's package and enjoy 10,000 free internal\nminutes among family members. • Intra Minutes: Call minutes between lines sharing the same Emerald account. All\nEmerald packages include 10,000 minutes per month of this type. • eHome DSL and eHome Wireless: e& Egypt's home internet products. Emerald\npackages include a discount on one of them (discounts cannot be combined). • Emerald Points: Loyalty points associated with Emerald packages, accumulating\nmonthly to be redeemed in e& Egypt's MORE rewards program. • Entertainment E-Coins: A balance separate from loyalty points, dedicated to\nchoosing streaming entertainment services like Twist, TOD, VIU, Shahid, Starzplay,\nand Amazon Prime. • GTO: The specialized hotel booking partner offering exclusive discounts to Emerald\ncustomers of up to 30% off the lowest available online rates. • ADIB: The acronym used for Abu Dhabi Islamic Bank–Egypt, the issuer of the co-\nbranded card with e& Egypt, which grants Emerald customers access to\ninternational airport lounges. • MORE Program: The general rewards program from e& Egypt."", ""Emerald 1120, Emerald 1725, and Emerald 3450.\nEmerald customers\nuse their loyalty points to redeem rewards with MORE partners such as La Poire,\nRenaissance Cinemas, Roma Pizza, McDonald's, Ghataty, Espresso Lab, Kazyon,\nBath & Body Works, and others. • My e& Egypt App: The official self-service app from e& Egypt, used by the Emerald\ncustomer to manage their account, distribute the package among family lines, and\nactivate roaming. • 7070 Directory: The directory service from e& Egypt. Emerald packages include a\ncertain number of free minutes for 7070 (varying by package); extra minutes cost 1.5\nEGP per minute. • Code *800#: The USSD code dialed by an Emerald customer to manage their\naccount and package. 9."", 'Emerald 3450.\n5. Entertainment Catalog (Entertainment E-Coins)\nEach Emerald package grants the subscriber a monthly balance of Entertainment E-Coins\nused to subscribe to partner streaming services. Entertainment E-Coins per Emerald Package:\n• Entertainment E-Coins in Emerald 430: 1,875 points per month. • Entertainment E-Coins in Emerald 780: 3,375 points per month. • Entertainment E-Coins in Emerald 1120: 4,875 points per month. • Entertainment E-Coins in Emerald 1725: 7,500 points per month. • Entertainment E-Coins in Emerald 3450: 10,000 points per month. Entertainment Services Available to Emerald Customers:\n• Twist Sport is available to Emerald customers through Entertainment E-Coins. • Twist Music is available to Emerald customers through Entertainment E-Coins. • Twist TV is available to Emerald customers through Entertainment E-Coins. • TOD is available to Emerald customers through Entertainment E-Coins. • VIU is available to Emerald customers through Entertainment E-Coins. • Shahid is available to Emerald customers through Entertainment E-Coins. • Starzplay is available to Emerald customers through Entertainment E-Coins. • Amazon Prime is available to Emerald customers through Entertainment E-Coins. 6. Roaming in Emerald Packages\nRoaming benefits in Emerald vary by package. The Emerald customer must activate the\nroaming package via the My e& Egypt app before traveling. Please note that roaming\ninternet is only applicable in the approved country list mentioned in this section. Voice Roaming Minutes per Emerald Package:\n• Emerald 430: 10 outgoing minutes, with 0 incoming minutes included, and 0\ninternational minutes included. • Emerald 780: 30 outgoing minutes, 15 incoming minutes, and 30 international\nminutes. • Emerald 1120: 45 outgoing minutes, 20 incoming minutes, and 45 international\nminutes. • Emerald 1725: 60 outgoing minutes, 30 incoming minutes, and 60 international\nminutes. • Emerald 3450: 90 outgoing minutes, 45 incoming minutes, and 90 international\nminutes. • Extra roaming minutes outside the Emerald package allowance cost 1.5 EGP per\nminute across all packages. Roaming Internet per Emerald Package:\n• Emerald 430 Roaming Internet: 50 MB monthly, plus 1.5 GB twice a year. • Emerald 780 Roaming Internet: 50 MB monthly, plus 5 GB twice a year. • Emerald 1120 Roaming Internet: 50 MB monthly, plus 10 GB twice a year. • Emerald 1725 Roaming Internet: 50 MB monthly, plus 10 GB three times a year. • Emerald 3450 Roaming Internet: 50 MB monthly, plus 10 GB four times a year. Replacing Roaming Internet with Local Internet: An Emerald customer can exchange a\nportion of their roaming internet for local mobile internet, as follows:\n• In the Emerald 430 package: Exchange 1.5 GB of roaming internet for 2 GB of local\ninternet. • In the Emerald 780 package: Exchange 5 GB of roaming internet for 5 GB of local\ninternet. • In the Emerald 1120, 1725, and 3450 packages: Exchange 10 GB of roaming\ninternet for 10 GB of local internet. Approved Roaming Countries List for Emerald Packages: List of countries and territories\ncovered by the Emerald roaming package (70 countries): Albania, Anguilla, Antigua and\nBarbuda, Argentina, Austria, Bangladesh, Barbados, Belarus, Belgium, Bosnia and\nHerzegovina, Bulgaria, Canada, Cayman Islands, China, Croatia, Democratic Republic of\nthe Congo, Cyprus, Czech Republic, Denmark, Dominican Republic, El Salvador, France,\nGeorgia, Germany, Greece, Grenada, Guadeloupe, Hong Kong, Hungary, Ireland, Italy,\nJamaica, Jordan, Kazakhstan, Kuwait, Kyrgyzstan, Liechtenstein, Luxembourg, Macedonia\n(North Macedonia), Malaysia, Malta, Montserrat, Netherlands, New Zealand, Panama,\nPoland, Portugal, Qatar, Romania, Russia, Saint Lucia, Saint Vincent and the Grenadines,\nSaudi Arabia, Serbia, Slovakia, South Africa, Spain, Saint Kitts, Sudan, Sweden,\nSwitzerland, Thailand, Turkey, Turks and Caicos, Ukraine, United Arab Emirates, United\nKingdom, United States of America, Uzbekistan, British Virgin Islands. 7.', 'Emerald 1120, 5 lines in Emerald 1725, and 7 lines in Emerald 3450.\n• Intra-Family Calls: 10,000 free minutes per month between lines sharing the same\nEmerald account. • Quota Management: Internet and units can be distributed and transferred among\nfamily members via the My e& Egypt app or by dialing *800#. • Billing: A unified bill for all lines, with the ability to set a maximum bill limit for each\nfamily line. • Adding a Landline: An e& Egypt landline can be added as a family line under the\nEmerald account. • Cost of Additional Lines (beyond the package limit): 50 EGP/month per data line,\n100 EGP/month per voice line, and 10 EGP/month to add a landline. Emerald Exclusive Privileges Exclusive benefits for Emerald customers including access\nto international airport VIP lounges and a 24/7 personal account manager. • Airport VIP Lounges: Instant free access to up to 840 airport lounges worldwide via\nthe co-branded ADIB–e& Egypt card. • Personal Account Manager: Available 24/7 for Emerald customers to handle any\nrequests, wherever the customer is globally. • International Concierge: Available exclusively for Emerald 3450 customers. • Note: ADIB is the acronym used for Abu Dhabi Islamic Bank–Egypt, the issuer of the\nco-branded card. Entertainment Experience and E-Coins Each Emerald package grants its customer a\nmonthly allocation of Entertainment E-Coins to choose their preferred entertainment\nservices.', 'Emerald 780, 1120, 1725, and 3450.\n• The ""Call Filter"" service (Nas We Nas) is included for free in Emerald packages. • An Emerald customer can benefit from a mobile phone installment plan; the\nmaximum installment value varies based on the Emerald package and subscription\nduration.', ""Emerald 3450.\n• How to Choose: The subscriber uses their E-Coins balance to choose the apps\nthey wish to subscribe to. Internet Worthy (Internet Flexibility) The Internet Worthy feature in Emerald allows\ncarrying over unused internet to the next month, as well as borrowing a portion of next\nmonth’s internet in advance. • Internet Rollover: Any remaining local internet quota rolls over to the following\nmonth for one month. • Borrowing from Next Month: An Emerald customer can use up to 50% of their next\nmonth's internet quota in advance. • Internet Distribution: Internet can be distributed and transferred among Emerald\nfamily members via the My e& Egypt app or by dialing *800#. • Add-on Packages: Monthly recurring Emerald internet add-ons are available, as\nwell as on-demand add-ons. MOVE Club Discount A health/fitness benefit shared across all Emerald packages,\ngranting the subscriber a 25% discount on MOVE sports club memberships. • Discount Percentage: 25% on MOVE club subscriptions. • Eligibility: All Emerald customers across all packages (430, 780, 1120, 1725, and\n3450)."", 'Package: Emerald 3450 The Emerald 3450 package is one of the Emerald postpaid\n(Note: There is no Section 3 in the original text)\n4. Emerald Programs and Benefits\nThe Emerald program includes several benefits and programs applicable across multiple\npackages. Each feature is described independently here for precise retrieval. Emerald Savings Program The Emerald Savings program is an exclusive cashback\nprogram for Emerald customers, where the subscriber gets 25% of their qualifying daily\nexpenses as credit to be used for travel. • Beneficiaries: All Emerald customers across all packages. • Cashback Percentage: 25% of qualifying daily expenses. • Qualifying Expenses: Dining, shopping, and other daily expenses. • How to Use: The refunded balance is used as discounts on travel. • How to Activate: Download the PoshSaver app from the App Store or Google Play. Emerald GTO Hotel Discounts An exclusive benefit for Emerald customers providing an\ninstant guaranteed discount of up to 30% on the lowest available online hotel rates\nworldwide. • Beneficiaries: Current and new Emerald customers. • Maximum Discount: Up to 30% off the lowest online hotel rate. • Discounts per Package: 10% for Emerald 430 and 780; 15% for Emerald 1120; 20%\nfor Emerald 1725; and 30% for Emerald 3450. • Coverage: Hotels worldwide. • How to Book: Through the GTO platform partnered with e& Egypt. Emerald Family Lines The family feature in Emerald allows adding multiple lines for family\nmembers under a single account, with shared quotas and centralized bill control. • Maximum Extra Lines: 1 line in Emerald 430, 2 lines in Emerald 780, 4 lines in', 'package: 50 EGP per month for a data line, and 100 EGP per month for a voice line.\n• Adding an e& Egypt landline to the Emerald account is counted as one of the family\nlines; if the available lines are exhausted, the landline can be added for 10 EGP per\nmonth. • Roaming minutes included in Emerald packages: 15 minutes for Emerald 430; 30\nminutes for Emerald 780 and 1120; and 60 minutes for Emerald 1725 and 3450. Additional roaming minutes cost 1.5 EGP. (Note: This reflects the exact wording of\nthe source text, which aggregates/averages the limits detailed in Section 6). • Replacing roaming internet with local internet in Emerald: An Emerald 430\ncustomer can exchange 1.5 GB roaming for 2 GB local; an Emerald 780 customer\ncan exchange 5 GB roaming for 5 GB local; and Emerald 1120, 1725, and 3450\ncustomers can exchange 10 GB roaming for 10 GB local. • Activating Roaming: An Emerald customer must activate the roaming package via\nthe My e& Egypt app prior to travel. Note that roaming internet can only be used in\nthe approved country list for the Emerald package. • 7070 Directory minutes included in Emerald packages: 15 minutes for Emerald 430;\n30 minutes for Emerald 780 and 1120; and 60 minutes for Emerald 1725 and 3450. Extra minutes beyond the package cost 1.5 EGP.', 'Emerald 780, 1120, 1725, and 3450.\n• Fees for extra lines after exhausting the allowed family lines in the Emerald']","Emerald customers can choose from the following entertainment services using their Entertainment E-Coins:

- Twist Sport
- Twist Music
- Twist TV
- TOD
- VIU
- Shahid
- Starzplay
- Amazon Prime

These services cover movies, series, music, sports, and Islamic content, allowing customers to select their preferred entertainment options based on their monthly E-Coins balance [6][9].",1.0,0.9654485830832717
What is the largest internet quota available in the Emerald packages?,"[""Emerald 3450.\n• How to Choose: The subscriber uses their E-Coins balance to choose the apps\nthey wish to subscribe to. Internet Worthy (Internet Flexibility) The Internet Worthy feature in Emerald allows\ncarrying over unused internet to the next month, as well as borrowing a portion of next\nmonth’s internet in advance. • Internet Rollover: Any remaining local internet quota rolls over to the following\nmonth for one month. • Borrowing from Next Month: An Emerald customer can use up to 50% of their next\nmonth's internet quota in advance. • Internet Distribution: Internet can be distributed and transferred among Emerald\nfamily members via the My e& Egypt app or by dialing *800#. • Add-on Packages: Monthly recurring Emerald internet add-ons are available, as\nwell as on-demand add-ons. MOVE Club Discount A health/fitness benefit shared across all Emerald packages,\ngranting the subscriber a 25% discount on MOVE sports club memberships. • Discount Percentage: 25% on MOVE club subscriptions. • Eligibility: All Emerald customers across all packages (430, 780, 1120, 1725, and\n3450)."", 'Package: Emerald 780 The Emerald 780 package is one of the Emerald postpaid packages\n• Outgoing Roaming Minutes in Emerald 780: 30 minutes. • Incoming Roaming Minutes in Emerald 780: 15 minutes. • Roaming Internet in Emerald 780: 50 MB per month, plus 5 GB twice a year. • Extra Emerald Points in Emerald 780: 450 points per month, used in the MORE\nrewards program. • Entertainment E-Coins in Emerald 780: 3,375 E-Coins per month, used by the\ncustomer to choose entertainment services from Twist Sport, Twist Music, Twist TV,\nTOD, VIU, Shahid, Starzplay, and Amazon Prime. • Emerald GTO Hotel Discount in Emerald 780: 10% off the lowest available online\nhotel rates worldwide. • Maximum Mobile Phone Installment Limit in Emerald 780: Up to 30,000 EGP. • Special Privileges in Emerald 780: No additional special privileges, except for a\n25% discount on MOVE Club.', 'Package: Emerald 430 The Emerald 430 package is one of the Emerald postpaid packages\n• Outgoing Roaming Minutes in Emerald 430: 10 minutes. • Incoming Roaming Minutes in Emerald 430: None. • Roaming Internet in Emerald 430: 50 MB per month, plus 1.5 GB twice a year. • Extra Emerald Points in Emerald 430: 250 points per month, used in the MORE\nrewards program. • Entertainment E-Coins in Emerald 430: 1,875 E-Coins per month, used by the\ncustomer to choose entertainment services from Twist Sport, Twist Music, Twist TV,\nTOD, VIU, Shahid, Starzplay, and Amazon Prime. • Emerald GTO Hotel Discount in Emerald 430: 10% off the lowest available online\nhotel rates worldwide. • Maximum Mobile Phone Installment Limit in Emerald 430: Up to 15,000 EGP. • Special Privileges in Emerald 430: No additional special privileges, except for a\n25% discount on MOVE Club.', 'Emerald 3450.\nTerms & Conditions\nThe following conditions apply to all Emerald packages unless otherwise stated. Each\npoint here is written as an independent retrievable fact:\n• All announced prices for Emerald packages are exclusive of taxes. • Taxes added to the monthly price of Emerald packages include: an 8% schedule tax,\na 14% Value Added Tax (VAT), and a 10 EGP State Resource Development fee per\nmonth. • Local call rates outside the Emerald package: 19 piasters per local minute, and 30\npiasters per local SMS. • International call rates outside the Emerald package: 8 EGP per international\nminute, and 5 EGP per international SMS. • The eHome DSL discount with Emerald is deducted in exchange for a portion of the\nlocal internet quota: 2 GB for Emerald 430; 3 GB for Emerald 780; 5 GB for Emerald\n1120; and 10 GB for Emerald 1725 and Emerald 3450. • The eHome DSL discount and eHome Wireless discount cannot be combined; the\nEmerald customer must choose only one of them. • The maximum intra-family minutes in Emerald: 10,000 minutes per month between\nlines on the same account. • The maximum SMS limit: 500 messages for Emerald 430, and 2,000 messages for', 'Package: Emerald 1725 The Emerald 1725 package is one of the Emerald postpaid\n• Outgoing Roaming Minutes in Emerald 1725: 60 minutes. • Incoming Roaming Minutes in Emerald 1725: 30 minutes. • Roaming Internet in Emerald 1725: 50 MB per month, plus 10 GB three times a\nyear. • Extra Emerald Points in Emerald 1725: 2,000 points per month, used in the MORE\nrewards program. • Entertainment E-Coins in Emerald 1725: 7,500 E-Coins per month, used by the\ncustomer to choose entertainment services from Twist Sport, Twist Music, Twist TV,\nTOD, VIU, Shahid, Starzplay, and Amazon Prime. • Emerald GTO Hotel Discount in Emerald 1725: 20% off the lowest available online\nhotel rates worldwide. • Maximum Mobile Phone Installment Limit in Emerald 1725: Up to 75,000 EGP. • Special Privileges in Emerald 1725: No additional special privileges, except for a\n25% discount on MOVE Club.', 'Emerald 1120, 5 lines in Emerald 1725, and 7 lines in Emerald 3450.\n• Intra-Family Calls: 10,000 free minutes per month between lines sharing the same\nEmerald account. • Quota Management: Internet and units can be distributed and transferred among\nfamily members via the My e& Egypt app or by dialing *800#. • Billing: A unified bill for all lines, with the ability to set a maximum bill limit for each\nfamily line. • Adding a Landline: An e& Egypt landline can be added as a family line under the\nEmerald account. • Cost of Additional Lines (beyond the package limit): 50 EGP/month per data line,\n100 EGP/month per voice line, and 10 EGP/month to add a landline. Emerald Exclusive Privileges Exclusive benefits for Emerald customers including access\nto international airport VIP lounges and a 24/7 personal account manager. • Airport VIP Lounges: Instant free access to up to 840 airport lounges worldwide via\nthe co-branded ADIB–e& Egypt card. • Personal Account Manager: Available 24/7 for Emerald customers to handle any\nrequests, wherever the customer is globally. • International Concierge: Available exclusively for Emerald 3450 customers. • Note: ADIB is the acronym used for Abu Dhabi Islamic Bank–Egypt, the issuer of the\nco-branded card. Entertainment Experience and E-Coins Each Emerald package grants its customer a\nmonthly allocation of Entertainment E-Coins to choose their preferred entertainment\nservices.', 'Package: Emerald 780 The Emerald 780 package is one of the Emerald postpaid packages\nfrom e& Egypt, with a monthly price of 780 EGP before taxes. The package includes 25 GB\nof local internet, 4,500 local minutes, 2,000 SMS per month, and allows the addition of two\nextra lines to the same account. • Package Name: Emerald 780. • Monthly Price for Emerald 780: 780 EGP, before adding 8% schedule tax, 14% VAT,\nand a 10 EGP State Resource Development fee. • Local Internet in Emerald 780: 25 GB per month. • Local Minutes in Emerald 780: 4,500 minutes per month. • SMS in Emerald 780: 2,000 messages per month. • Extra Family Lines in Emerald 780: 2 extra lines on the same Emerald account. • Intra-Family Call Minutes in Emerald 780: 10,000 free minutes per month\nbetween lines on the same account. • eHome DSL Discount in Emerald 780: 210 EGP per month. • eHome Wireless Discount in Emerald 780: 225 EGP per month (cannot be\ncombined with the eHome DSL discount). • International Minutes in Emerald 780: 30 minutes.', 'Package: Emerald 1725 The Emerald 1725 package is one of the Emerald postpaid\npackages from e& Egypt, with a monthly price of 1,725 EGP before taxes. The package\nincludes 70 GB of local internet, 10,000 local minutes, 2,000 SMS per month, and allows\nthe addition of five extra lines to the same account. • Package Name: Emerald 1725. • Monthly Price for Emerald 1725: 1,725 EGP, before adding 8% schedule tax, 14%\nVAT, and a 10 EGP State Resource Development fee. • Local Internet in Emerald 1725: 70 GB per month. • Local Minutes in Emerald 1725: 10,000 minutes per month. • SMS in Emerald 1725: 2,000 messages per month. • Extra Family Lines in Emerald 1725: 5 extra lines on the same Emerald account. • Intra-Family Call Minutes in Emerald 1725: 10,000 free minutes per month\nbetween lines on the same account. • eHome DSL Discount in Emerald 1725: 430 EGP per month. • eHome Wireless Discount in Emerald 1725: 450 EGP per month (cannot be\ncombined with the eHome DSL discount). • International Minutes in Emerald 1725: 60 minutes.', 'Emerald 3450.\n5. Entertainment Catalog (Entertainment E-Coins)\nEach Emerald package grants the subscriber a monthly balance of Entertainment E-Coins\nused to subscribe to partner streaming services. Entertainment E-Coins per Emerald Package:\n• Entertainment E-Coins in Emerald 430: 1,875 points per month. • Entertainment E-Coins in Emerald 780: 3,375 points per month. • Entertainment E-Coins in Emerald 1120: 4,875 points per month. • Entertainment E-Coins in Emerald 1725: 7,500 points per month. • Entertainment E-Coins in Emerald 3450: 10,000 points per month. Entertainment Services Available to Emerald Customers:\n• Twist Sport is available to Emerald customers through Entertainment E-Coins. • Twist Music is available to Emerald customers through Entertainment E-Coins. • Twist TV is available to Emerald customers through Entertainment E-Coins. • TOD is available to Emerald customers through Entertainment E-Coins. • VIU is available to Emerald customers through Entertainment E-Coins. • Shahid is available to Emerald customers through Entertainment E-Coins. • Starzplay is available to Emerald customers through Entertainment E-Coins. • Amazon Prime is available to Emerald customers through Entertainment E-Coins. 6. Roaming in Emerald Packages\nRoaming benefits in Emerald vary by package. The Emerald customer must activate the\nroaming package via the My e& Egypt app before traveling. Please note that roaming\ninternet is only applicable in the approved country list mentioned in this section. Voice Roaming Minutes per Emerald Package:\n• Emerald 430: 10 outgoing minutes, with 0 incoming minutes included, and 0\ninternational minutes included. • Emerald 780: 30 outgoing minutes, 15 incoming minutes, and 30 international\nminutes. • Emerald 1120: 45 outgoing minutes, 20 incoming minutes, and 45 international\nminutes. • Emerald 1725: 60 outgoing minutes, 30 incoming minutes, and 60 international\nminutes. • Emerald 3450: 90 outgoing minutes, 45 incoming minutes, and 90 international\nminutes. • Extra roaming minutes outside the Emerald package allowance cost 1.5 EGP per\nminute across all packages. Roaming Internet per Emerald Package:\n• Emerald 430 Roaming Internet: 50 MB monthly, plus 1.5 GB twice a year. • Emerald 780 Roaming Internet: 50 MB monthly, plus 5 GB twice a year. • Emerald 1120 Roaming Internet: 50 MB monthly, plus 10 GB twice a year. • Emerald 1725 Roaming Internet: 50 MB monthly, plus 10 GB three times a year. • Emerald 3450 Roaming Internet: 50 MB monthly, plus 10 GB four times a year. Replacing Roaming Internet with Local Internet: An Emerald customer can exchange a\nportion of their roaming internet for local mobile internet, as follows:\n• In the Emerald 430 package: Exchange 1.5 GB of roaming internet for 2 GB of local\ninternet. • In the Emerald 780 package: Exchange 5 GB of roaming internet for 5 GB of local\ninternet. • In the Emerald 1120, 1725, and 3450 packages: Exchange 10 GB of roaming\ninternet for 10 GB of local internet. Approved Roaming Countries List for Emerald Packages: List of countries and territories\ncovered by the Emerald roaming package (70 countries): Albania, Anguilla, Antigua and\nBarbuda, Argentina, Austria, Bangladesh, Barbados, Belarus, Belgium, Bosnia and\nHerzegovina, Bulgaria, Canada, Cayman Islands, China, Croatia, Democratic Republic of\nthe Congo, Cyprus, Czech Republic, Denmark, Dominican Republic, El Salvador, France,\nGeorgia, Germany, Greece, Grenada, Guadeloupe, Hong Kong, Hungary, Ireland, Italy,\nJamaica, Jordan, Kazakhstan, Kuwait, Kyrgyzstan, Liechtenstein, Luxembourg, Macedonia\n(North Macedonia), Malaysia, Malta, Montserrat, Netherlands, New Zealand, Panama,\nPoland, Portugal, Qatar, Romania, Russia, Saint Lucia, Saint Vincent and the Grenadines,\nSaudi Arabia, Serbia, Slovakia, South Africa, Spain, Saint Kitts, Sudan, Sweden,\nSwitzerland, Thailand, Turkey, Turks and Caicos, Ukraine, United Arab Emirates, United\nKingdom, United States of America, Uzbekistan, British Virgin Islands. 7.', 'Package: Emerald 430 The Emerald 430 package is one of the Emerald postpaid packages\nfrom e& Egypt, with a monthly price of 430 EGP before taxes. The package includes 12 GB\nof local internet, 2,500 local minutes, 500 SMS per month, and allows the addition of one\nextra line to the same account. • Package Name: Emerald 430. • Monthly Price for Emerald 430: 430 EGP, before adding 8% schedule tax, 14% VAT,\nand a 10 EGP State Resource Development fee. • Local Internet in Emerald 430: 12 GB per month. • Local Minutes in Emerald 430: 2,500 minutes per month. • SMS in Emerald 430: 500 messages per month. • Extra Family Lines in Emerald 430: 1 extra line on the same Emerald account. • Intra-Family Call Minutes in Emerald 430: 10,000 free minutes per month\nbetween lines on the same account. • eHome DSL Discount in Emerald 430: 160 EGP per month. • eHome Wireless Discount in Emerald 430: 165 EGP per month (cannot be\ncombined with the eHome DSL discount). • International Minutes in Emerald 430: None.', 'Package: Emerald 3450 The Emerald 3450 package is one of the Emerald postpaid\npackages from e& Egypt, with a monthly price of 3,450 EGP before taxes. The package\nincludes 200 GB of local internet, 12,000 local minutes, 2,000 SMS per month, and allows\nthe addition of seven extra lines to the same account. • Package Name: Emerald 3450. • Monthly Price for Emerald 3450: 3,450 EGP, before adding 8% schedule tax, 14%\nVAT, and a 10 EGP State Resource Development fee. • Local Internet in Emerald 3450: 200 GB per month. • Local Minutes in Emerald 3450: 12,000 minutes per month. • SMS in Emerald 3450: 2,000 messages per month. • Extra Family Lines in Emerald 3450: 7 extra lines on the same Emerald account. • Intra-Family Call Minutes in Emerald 3450: 10,000 free minutes per month\nbetween lines on the same account. • eHome DSL Discount in Emerald 3450: 650 EGP per month. • eHome Wireless Discount in Emerald 3450: 800 EGP per month (cannot be\ncombined with the eHome DSL discount). • International Minutes in Emerald 3450: 90 minutes.', 'Package: Emerald 3450 The Emerald 3450 package is one of the Emerald postpaid\n• Outgoing Roaming Minutes in Emerald 3450: 90 minutes. • Incoming Roaming Minutes in Emerald 3450: 45 minutes. • Roaming Internet in Emerald 3450: 50 MB per month, plus 10 GB four times a year. • Extra Emerald Points in Emerald 3450: 4,000 points per month, used in the MORE\nrewards program. • Entertainment E-Coins in Emerald 3450: 10,000 E-Coins per month, used by the\ncustomer to choose entertainment services from Twist Sport, Twist Music, Twist TV,\nTOD, VIU, Shahid, Starzplay, and Amazon Prime. • Emerald GTO Hotel Discount in Emerald 3450: 30% off the lowest available online\nhotel rates worldwide. • Maximum Mobile Phone Installment Limit in Emerald 3450: Up to 75,000 EGP. • Special Privileges in Emerald 3450: 24/7 personal account manager, international\nconcierge service, and a 25% discount on MOVE Club.', 'Package: Emerald 1120 The Emerald 1120 package is one of the Emerald postpaid\npackages from e& Egypt, with a monthly price of 1,120 EGP before taxes. The package\nincludes 40 GB of local internet, 6,500 local minutes, 2,000 SMS per month, and allows the\naddition of four extra lines to the same account. • Package Name: Emerald 1120. • Monthly Price for Emerald 1120: 1,120 EGP, before adding 8% schedule tax, 14%\nVAT, and a 10 EGP State Resource Development fee. • Local Internet in Emerald 1120: 40 GB per month. • Local Minutes in Emerald 1120: 6,500 minutes per month. • SMS in Emerald 1120: 2,000 messages per month. • Extra Family Lines in Emerald 1120: 4 extra lines on the same Emerald account. • Intra-Family Call Minutes in Emerald 1120: 10,000 free minutes per month\nbetween lines on the same account. • eHome DSL Discount in Emerald 1120: 325 EGP per month. • eHome Wireless Discount in Emerald 1120: 380 EGP per month (cannot be\ncombined with the eHome DSL discount). • International Minutes in Emerald 1120: 45 minutes.', 'Package: Emerald 1120 The Emerald 1120 package is one of the Emerald postpaid\n• Outgoing Roaming Minutes in Emerald 1120: 45 minutes. • Incoming Roaming Minutes in Emerald 1120: 20 minutes. • Roaming Internet in Emerald 1120: 50 MB per month, plus 10 GB twice a year. • Extra Emerald Points in Emerald 1120: 1,000 points per month, used in the MORE\nrewards program. • Entertainment E-Coins in Emerald 1120: 4,875 E-Coins per month, used by the\ncustomer to choose entertainment services from Twist Sport, Twist Music, Twist TV,\nTOD, VIU, Shahid, Starzplay, and Amazon Prime. • Emerald GTO Hotel Discount in Emerald 1120: 15% off the lowest available online\nhotel rates worldwide. • Maximum Mobile Phone Installment Limit in Emerald 1120: Up to 60,000 EGP. • Special Privileges in Emerald 1120: No additional special privileges, except for a\n25% discount on MOVE Club.', 'package: 50 EGP per month for a data line, and 100 EGP per month for a voice line.\n• Adding an e& Egypt landline to the Emerald account is counted as one of the family\nlines; if the available lines are exhausted, the landline can be added for 10 EGP per\nmonth. • Roaming minutes included in Emerald packages: 15 minutes for Emerald 430; 30\nminutes for Emerald 780 and 1120; and 60 minutes for Emerald 1725 and 3450. Additional roaming minutes cost 1.5 EGP. (Note: This reflects the exact wording of\nthe source text, which aggregates/averages the limits detailed in Section 6). • Replacing roaming internet with local internet in Emerald: An Emerald 430\ncustomer can exchange 1.5 GB roaming for 2 GB local; an Emerald 780 customer\ncan exchange 5 GB roaming for 5 GB local; and Emerald 1120, 1725, and 3450\ncustomers can exchange 10 GB roaming for 10 GB local. • Activating Roaming: An Emerald customer must activate the roaming package via\nthe My e& Egypt app prior to travel. Note that roaming internet can only be used in\nthe approved country list for the Emerald package. • 7070 Directory minutes included in Emerald packages: 15 minutes for Emerald 430;\n30 minutes for Emerald 780 and 1120; and 60 minutes for Emerald 1725 and 3450. Extra minutes beyond the package cost 1.5 EGP.']","The largest internet quota available in the Emerald packages is **200 GB of local internet per month** in the **Emerald 3450** package. This package also includes 12,000 local minutes, 2,000 SMS per month, and allows the addition of seven extra lines to the same account[11].",1.0,1.0000000000000002
Does Emerald offer any hotel discounts?,"[""Emerald 1120, Emerald 1725, and Emerald 3450.\n• Family Line: An additional line added under the main Emerald package owner's\naccount. Family lines share the account's package and enjoy 10,000 free internal\nminutes among family members. • Intra Minutes: Call minutes between lines sharing the same Emerald account. All\nEmerald packages include 10,000 minutes per month of this type. • eHome DSL and eHome Wireless: e& Egypt's home internet products. Emerald\npackages include a discount on one of them (discounts cannot be combined). • Emerald Points: Loyalty points associated with Emerald packages, accumulating\nmonthly to be redeemed in e& Egypt's MORE rewards program. • Entertainment E-Coins: A balance separate from loyalty points, dedicated to\nchoosing streaming entertainment services like Twist, TOD, VIU, Shahid, Starzplay,\nand Amazon Prime. • GTO: The specialized hotel booking partner offering exclusive discounts to Emerald\ncustomers of up to 30% off the lowest available online rates. • ADIB: The acronym used for Abu Dhabi Islamic Bank–Egypt, the issuer of the co-\nbranded card with e& Egypt, which grants Emerald customers access to\ninternational airport lounges. • MORE Program: The general rewards program from e& Egypt."", 'Package: Emerald 3450 The Emerald 3450 package is one of the Emerald postpaid\n(Note: There is no Section 3 in the original text)\n4. Emerald Programs and Benefits\nThe Emerald program includes several benefits and programs applicable across multiple\npackages. Each feature is described independently here for precise retrieval. Emerald Savings Program The Emerald Savings program is an exclusive cashback\nprogram for Emerald customers, where the subscriber gets 25% of their qualifying daily\nexpenses as credit to be used for travel. • Beneficiaries: All Emerald customers across all packages. • Cashback Percentage: 25% of qualifying daily expenses. • Qualifying Expenses: Dining, shopping, and other daily expenses. • How to Use: The refunded balance is used as discounts on travel. • How to Activate: Download the PoshSaver app from the App Store or Google Play. Emerald GTO Hotel Discounts An exclusive benefit for Emerald customers providing an\ninstant guaranteed discount of up to 30% on the lowest available online hotel rates\nworldwide. • Beneficiaries: Current and new Emerald customers. • Maximum Discount: Up to 30% off the lowest online hotel rate. • Discounts per Package: 10% for Emerald 430 and 780; 15% for Emerald 1120; 20%\nfor Emerald 1725; and 30% for Emerald 3450. • Coverage: Hotels worldwide. • How to Book: Through the GTO platform partnered with e& Egypt. Emerald Family Lines The family feature in Emerald allows adding multiple lines for family\nmembers under a single account, with shared quotas and centralized bill control. • Maximum Extra Lines: 1 line in Emerald 430, 2 lines in Emerald 780, 4 lines in', 'Package: Emerald 780 The Emerald 780 package is one of the Emerald postpaid packages\n• Outgoing Roaming Minutes in Emerald 780: 30 minutes. • Incoming Roaming Minutes in Emerald 780: 15 minutes. • Roaming Internet in Emerald 780: 50 MB per month, plus 5 GB twice a year. • Extra Emerald Points in Emerald 780: 450 points per month, used in the MORE\nrewards program. • Entertainment E-Coins in Emerald 780: 3,375 E-Coins per month, used by the\ncustomer to choose entertainment services from Twist Sport, Twist Music, Twist TV,\nTOD, VIU, Shahid, Starzplay, and Amazon Prime. • Emerald GTO Hotel Discount in Emerald 780: 10% off the lowest available online\nhotel rates worldwide. • Maximum Mobile Phone Installment Limit in Emerald 780: Up to 30,000 EGP. • Special Privileges in Emerald 780: No additional special privileges, except for a\n25% discount on MOVE Club.', 'Package: Emerald 430 The Emerald 430 package is one of the Emerald postpaid packages\n• Outgoing Roaming Minutes in Emerald 430: 10 minutes. • Incoming Roaming Minutes in Emerald 430: None. • Roaming Internet in Emerald 430: 50 MB per month, plus 1.5 GB twice a year. • Extra Emerald Points in Emerald 430: 250 points per month, used in the MORE\nrewards program. • Entertainment E-Coins in Emerald 430: 1,875 E-Coins per month, used by the\ncustomer to choose entertainment services from Twist Sport, Twist Music, Twist TV,\nTOD, VIU, Shahid, Starzplay, and Amazon Prime. • Emerald GTO Hotel Discount in Emerald 430: 10% off the lowest available online\nhotel rates worldwide. • Maximum Mobile Phone Installment Limit in Emerald 430: Up to 15,000 EGP. • Special Privileges in Emerald 430: No additional special privileges, except for a\n25% discount on MOVE Club.', 'Package: Emerald 1120 The Emerald 1120 package is one of the Emerald postpaid\n• Outgoing Roaming Minutes in Emerald 1120: 45 minutes. • Incoming Roaming Minutes in Emerald 1120: 20 minutes. • Roaming Internet in Emerald 1120: 50 MB per month, plus 10 GB twice a year. • Extra Emerald Points in Emerald 1120: 1,000 points per month, used in the MORE\nrewards program. • Entertainment E-Coins in Emerald 1120: 4,875 E-Coins per month, used by the\ncustomer to choose entertainment services from Twist Sport, Twist Music, Twist TV,\nTOD, VIU, Shahid, Starzplay, and Amazon Prime. • Emerald GTO Hotel Discount in Emerald 1120: 15% off the lowest available online\nhotel rates worldwide. • Maximum Mobile Phone Installment Limit in Emerald 1120: Up to 60,000 EGP. • Special Privileges in Emerald 1120: No additional special privileges, except for a\n25% discount on MOVE Club.', 'Package: Emerald 1725 The Emerald 1725 package is one of the Emerald postpaid\n• Outgoing Roaming Minutes in Emerald 1725: 60 minutes. • Incoming Roaming Minutes in Emerald 1725: 30 minutes. • Roaming Internet in Emerald 1725: 50 MB per month, plus 10 GB three times a\nyear. • Extra Emerald Points in Emerald 1725: 2,000 points per month, used in the MORE\nrewards program. • Entertainment E-Coins in Emerald 1725: 7,500 E-Coins per month, used by the\ncustomer to choose entertainment services from Twist Sport, Twist Music, Twist TV,\nTOD, VIU, Shahid, Starzplay, and Amazon Prime. • Emerald GTO Hotel Discount in Emerald 1725: 20% off the lowest available online\nhotel rates worldwide. • Maximum Mobile Phone Installment Limit in Emerald 1725: Up to 75,000 EGP. • Special Privileges in Emerald 1725: No additional special privileges, except for a\n25% discount on MOVE Club.', 'Package: Emerald 3450 The Emerald 3450 package is one of the Emerald postpaid\n• Outgoing Roaming Minutes in Emerald 3450: 90 minutes. • Incoming Roaming Minutes in Emerald 3450: 45 minutes. • Roaming Internet in Emerald 3450: 50 MB per month, plus 10 GB four times a year. • Extra Emerald Points in Emerald 3450: 4,000 points per month, used in the MORE\nrewards program. • Entertainment E-Coins in Emerald 3450: 10,000 E-Coins per month, used by the\ncustomer to choose entertainment services from Twist Sport, Twist Music, Twist TV,\nTOD, VIU, Shahid, Starzplay, and Amazon Prime. • Emerald GTO Hotel Discount in Emerald 3450: 30% off the lowest available online\nhotel rates worldwide. • Maximum Mobile Phone Installment Limit in Emerald 3450: Up to 75,000 EGP. • Special Privileges in Emerald 3450: 24/7 personal account manager, international\nconcierge service, and a 25% discount on MOVE Club.', ""Emerald 3450.\n• How to Choose: The subscriber uses their E-Coins balance to choose the apps\nthey wish to subscribe to. Internet Worthy (Internet Flexibility) The Internet Worthy feature in Emerald allows\ncarrying over unused internet to the next month, as well as borrowing a portion of next\nmonth’s internet in advance. • Internet Rollover: Any remaining local internet quota rolls over to the following\nmonth for one month. • Borrowing from Next Month: An Emerald customer can use up to 50% of their next\nmonth's internet quota in advance. • Internet Distribution: Internet can be distributed and transferred among Emerald\nfamily members via the My e& Egypt app or by dialing *800#. • Add-on Packages: Monthly recurring Emerald internet add-ons are available, as\nwell as on-demand add-ons. MOVE Club Discount A health/fitness benefit shared across all Emerald packages,\ngranting the subscriber a 25% discount on MOVE sports club memberships. • Discount Percentage: 25% on MOVE club subscriptions. • Eligibility: All Emerald customers across all packages (430, 780, 1120, 1725, and\n3450)."", 'Emerald 3450.\nTerms & Conditions\nThe following conditions apply to all Emerald packages unless otherwise stated. Each\npoint here is written as an independent retrievable fact:\n• All announced prices for Emerald packages are exclusive of taxes. • Taxes added to the monthly price of Emerald packages include: an 8% schedule tax,\na 14% Value Added Tax (VAT), and a 10 EGP State Resource Development fee per\nmonth. • Local call rates outside the Emerald package: 19 piasters per local minute, and 30\npiasters per local SMS. • International call rates outside the Emerald package: 8 EGP per international\nminute, and 5 EGP per international SMS. • The eHome DSL discount with Emerald is deducted in exchange for a portion of the\nlocal internet quota: 2 GB for Emerald 430; 3 GB for Emerald 780; 5 GB for Emerald\n1120; and 10 GB for Emerald 1725 and Emerald 3450. • The eHome DSL discount and eHome Wireless discount cannot be combined; the\nEmerald customer must choose only one of them. • The maximum intra-family minutes in Emerald: 10,000 minutes per month between\nlines on the same account. • The maximum SMS limit: 500 messages for Emerald 430, and 2,000 messages for', 'Emerald 780, 1120, 1725, and 3450.\n• The ""Call Filter"" service (Nas We Nas) is included for free in Emerald packages. • An Emerald customer can benefit from a mobile phone installment plan; the\nmaximum installment value varies based on the Emerald package and subscription\nduration.', ""Emerald 1120, Emerald 1725, and Emerald 3450.\nEmerald customers\nuse their loyalty points to redeem rewards with MORE partners such as La Poire,\nRenaissance Cinemas, Roma Pizza, McDonald's, Ghataty, Espresso Lab, Kazyon,\nBath & Body Works, and others. • My e& Egypt App: The official self-service app from e& Egypt, used by the Emerald\ncustomer to manage their account, distribute the package among family lines, and\nactivate roaming. • 7070 Directory: The directory service from e& Egypt. Emerald packages include a\ncertain number of free minutes for 7070 (varying by package); extra minutes cost 1.5\nEGP per minute. • Code *800#: The USSD code dialed by an Emerald customer to manage their\naccount and package. 9."", 'Package: Emerald 780 The Emerald 780 package is one of the Emerald postpaid packages\nfrom e& Egypt, with a monthly price of 780 EGP before taxes. The package includes 25 GB\nof local internet, 4,500 local minutes, 2,000 SMS per month, and allows the addition of two\nextra lines to the same account. • Package Name: Emerald 780. • Monthly Price for Emerald 780: 780 EGP, before adding 8% schedule tax, 14% VAT,\nand a 10 EGP State Resource Development fee. • Local Internet in Emerald 780: 25 GB per month. • Local Minutes in Emerald 780: 4,500 minutes per month. • SMS in Emerald 780: 2,000 messages per month. • Extra Family Lines in Emerald 780: 2 extra lines on the same Emerald account. • Intra-Family Call Minutes in Emerald 780: 10,000 free minutes per month\nbetween lines on the same account. • eHome DSL Discount in Emerald 780: 210 EGP per month. • eHome Wireless Discount in Emerald 780: 225 EGP per month (cannot be\ncombined with the eHome DSL discount). • International Minutes in Emerald 780: 30 minutes.', 'Package: Emerald 430 The Emerald 430 package is one of the Emerald postpaid packages\nfrom e& Egypt, with a monthly price of 430 EGP before taxes. The package includes 12 GB\nof local internet, 2,500 local minutes, 500 SMS per month, and allows the addition of one\nextra line to the same account. • Package Name: Emerald 430. • Monthly Price for Emerald 430: 430 EGP, before adding 8% schedule tax, 14% VAT,\nand a 10 EGP State Resource Development fee. • Local Internet in Emerald 430: 12 GB per month. • Local Minutes in Emerald 430: 2,500 minutes per month. • SMS in Emerald 430: 500 messages per month. • Extra Family Lines in Emerald 430: 1 extra line on the same Emerald account. • Intra-Family Call Minutes in Emerald 430: 10,000 free minutes per month\nbetween lines on the same account. • eHome DSL Discount in Emerald 430: 160 EGP per month. • eHome Wireless Discount in Emerald 430: 165 EGP per month (cannot be\ncombined with the eHome DSL discount). • International Minutes in Emerald 430: None.', 'Emerald 780, 1120, 1725, and 3450.\n• Fees for extra lines after exhausting the allowed family lines in the Emerald', 'Emerald 1120, 5 lines in Emerald 1725, and 7 lines in Emerald 3450.\n• Intra-Family Calls: 10,000 free minutes per month between lines sharing the same\nEmerald account. • Quota Management: Internet and units can be distributed and transferred among\nfamily members via the My e& Egypt app or by dialing *800#. • Billing: A unified bill for all lines, with the ability to set a maximum bill limit for each\nfamily line. • Adding a Landline: An e& Egypt landline can be added as a family line under the\nEmerald account. • Cost of Additional Lines (beyond the package limit): 50 EGP/month per data line,\n100 EGP/month per voice line, and 10 EGP/month to add a landline. Emerald Exclusive Privileges Exclusive benefits for Emerald customers including access\nto international airport VIP lounges and a 24/7 personal account manager. • Airport VIP Lounges: Instant free access to up to 840 airport lounges worldwide via\nthe co-branded ADIB–e& Egypt card. • Personal Account Manager: Available 24/7 for Emerald customers to handle any\nrequests, wherever the customer is globally. • International Concierge: Available exclusively for Emerald 3450 customers. • Note: ADIB is the acronym used for Abu Dhabi Islamic Bank–Egypt, the issuer of the\nco-branded card. Entertainment Experience and E-Coins Each Emerald package grants its customer a\nmonthly allocation of Entertainment E-Coins to choose their preferred entertainment\nservices.']","Yes, the Emerald packages offer exclusive hotel discounts through the Emerald GTO Hotel Discounts program. The discount rates vary by package as follows:

- Emerald 430 and 780: 10% off the lowest available online hotel rates worldwide.
- Emerald 1120: 15% off.
- Emerald 1725: 20% off.
- Emerald 3450: 30% off.

These discounts apply to hotels worldwide and are available to current and new Emerald customers[2][7].",1.0,0.9375581892957863
What is the price of Hekaya Internet 46?,"['Plan: Hekaya Internet 46 Hekaya Internet 46 is one of the monthly Hekaya Internet plans\nfrom e& Egypt. Its price is 46 EGP, granting the customer 1,250 MB of internet and 300\nunits for calls and SMS, in addition to choosing 1 preferred app from the list of available\napps, and entertainment subscriptions to Twist Sport, Twist Music, Twist TV, Shahid\nMobile, and VIU. • Plan Name: Hekaya Internet 46 within the monthly Hekaya Internet plans from e&\nEgypt. • Price of Hekaya Internet 46: 46 EGP. • Internet in Hekaya Internet 46: 1,250 MB. • Call/SMS Units in Hekaya Internet 46: 300 units (1 min to e& Egypt = 1 unit, 1 min\nto other networks = 5 units). • Number of apps the customer chooses in Hekaya Internet 46: 1 app from a list of\n12 available apps (Facebook, WhatsApp, Instagram, Telegram, TikTok, Anghami,\nSoundCloud, Shahid, Netflix, Watchit, YouTube, PUBG).', 'Plan: Mini Hekaya Internet 46 (for 3 weeks) Mini Hekaya Internet 46 (for 3 weeks) is one of\nthe Mini Hekaya Internet plans from e& Egypt. Its price is 46 EGP, granting the customer\n1,500 MB of internet and 120 units for calls and SMS, with a 21-day validity. • Plan Name: Mini Hekaya Internet 46 (for 3 weeks) within the Mini Hekaya Internet\nplans from e& Egypt. • Price of Mini Hekaya Internet 46 (for 3 weeks): 46 EGP. • Internet in Mini Hekaya Internet 46 (for 3 weeks): 1,500 MB.', 'Plan: Hekaya Internet 80 Hekaya Internet 80 is one of the monthly Hekaya Internet plans\nfrom e& Egypt. Its price is 80 EGP, granting the customer 3,250 MB of internet and 300\nunits for calls and SMS, in addition to choosing up to 2 preferred apps from the list of\navailable apps, and entertainment subscriptions to Twist Sport, Twist Music, Twist TV,\nShahid Mobile, and VIU. • Plan Name: Hekaya Internet 80 within the monthly Hekaya Internet plans from e&\nEgypt. • Price of Hekaya Internet 80: 80 EGP. • Internet in Hekaya Internet 80: 3,250 MB. • Call/SMS Units in Hekaya Internet 80: 300 units (1 min to e& Egypt = 1 unit, 1 min\nto other networks = 5 units). • Number of apps the customer chooses in Hekaya Internet 80: Up to 2 apps from\na list of 12 available apps (Facebook, WhatsApp, Instagram, Telegram, TikTok,\nAnghami, SoundCloud, Shahid, Netflix, Watchit, YouTube, PUBG). • Basic Entertainment Services in Hekaya Internet 80: Twist Sport, Twist Music,\nTwist TV, and Shahid Mobile.', 'Plan: Hekaya Internet 480 Hekaya Internet 480 is one of the monthly Hekaya Internet\nplans from e& Egypt. Its price is 480 EGP, granting the customer 30,000 MB of internet and\n300 units for calls and SMS, in addition to choosing up to 3 preferred apps from the list of\navailable apps, and entertainment subscriptions to Twist Sport, Twist Music, Twist TV,\nStarzplay, Shahid VIP, VIU, and TOD. • Plan Name: Hekaya Internet 480 within the monthly Hekaya Internet plans from e&\nEgypt. • Price of Hekaya Internet 480: 480 EGP. • Internet in Hekaya Internet 480: 30,000 MB. • Call/SMS Units in Hekaya Internet 480: 300 units (1 min to e& Egypt = 1 unit, 1 min\nto other networks = 5 units). • Number of apps the customer chooses in Hekaya Internet 480: Up to 3 apps\nfrom a list of 12 available apps (Facebook, WhatsApp, Instagram, Telegram, TikTok,\nAnghami, SoundCloud, Shahid, Netflix, Watchit, YouTube, PUBG). • Basic Entertainment Services in Hekaya Internet 480: Twist Sport, Twist Music,\nTwist TV, Starzplay, and Shahid VIP.', 'Plan: Hekaya Internet 105 Hekaya Internet 105 is one of the monthly Hekaya Internet\nplans from e& Egypt. Its price is 105 EGP, granting the customer 4,750 MB of internet and\n300 units for calls and SMS, in addition to choosing up to 2 preferred apps from the list of\navailable apps, and entertainment subscriptions to Twist Sport, Twist Music, Twist TV,\nShahid Mobile, and VIU. • Plan Name: Hekaya Internet 105 within the monthly Hekaya Internet plans from e&\nEgypt. • Price of Hekaya Internet 105: 105 EGP. • Internet in Hekaya Internet 105: 4,750 MB. • Call/SMS Units in Hekaya Internet 105: 300 units (1 min to e& Egypt = 1 unit, 1 min\nto other networks = 5 units). • Number of apps the customer chooses in Hekaya Internet 105: Up to 2 apps\nfrom a list of 12 available apps (Facebook, WhatsApp, Instagram, Telegram, TikTok,\nAnghami, SoundCloud, Shahid, Netflix, Watchit, YouTube, PUBG). • Basic Entertainment Services in Hekaya Internet 105: Twist Sport, Twist Music,\nTwist TV, and Shahid Mobile.', 'Plan: Hekaya Internet 345 Hekaya Internet 345 is one of the monthly Hekaya Internet\nplans from e& Egypt. Its price is 345 EGP, granting the customer 20,000 MB of internet and\n300 units for calls and SMS, in addition to choosing up to 3 preferred apps from the list of\navailable apps, and entertainment subscriptions to Twist Sport, Twist Music, Twist TV,\nStarzplay, Shahid VIP, and VIU. • Plan Name: Hekaya Internet 345 within the monthly Hekaya Internet plans from e&\nEgypt. • Price of Hekaya Internet 345: 345 EGP. • Internet in Hekaya Internet 345: 20,000 MB. • Call/SMS Units in Hekaya Internet 345: 300 units (1 min to e& Egypt = 1 unit, 1 min\nto other networks = 5 units). • Number of apps the customer chooses in Hekaya Internet 345: Up to 3 apps\nfrom a list of 12 available apps (Facebook, WhatsApp, Instagram, Telegram, TikTok,\nAnghami, SoundCloud, Shahid, Netflix, Watchit, YouTube, PUBG).', 'Plan: Hekaya Internet 415 Hekaya Internet 415 is one of the monthly Hekaya Internet\nplans from e& Egypt. Its price is 415 EGP, granting the customer 25,000 MB of internet and\n300 units for calls and SMS, in addition to choosing up to 3 preferred apps from the list of\navailable apps, and entertainment subscriptions to Twist Sport, Twist Music, Twist TV,\nStarzplay, Shahid VIP, and VIU. • Plan Name: Hekaya Internet 415 within the monthly Hekaya Internet plans from e&\nEgypt. • Price of Hekaya Internet 415: 415 EGP. • Internet in Hekaya Internet 415: 25,000 MB. • Call/SMS Units in Hekaya Internet 415: 300 units (1 min to e& Egypt = 1 unit, 1 min\nto other networks = 5 units). • Number of apps the customer chooses in Hekaya Internet 415: Up to 3 apps\nfrom a list of 12 available apps (Facebook, WhatsApp, Instagram, Telegram, TikTok,\nAnghami, SoundCloud, Shahid, Netflix, Watchit, YouTube, PUBG). • Basic Entertainment Services in Hekaya Internet 415: Twist Sport, Twist Music,\nTwist TV, Starzplay, and Shahid VIP.', 'Plan: Hekaya Internet 58 Hekaya Internet 58 is one of the monthly Hekaya Internet plans\nfrom e& Egypt. Its price is 58 EGP, granting the customer 2,100 MB of internet and 300\nunits for calls and SMS, in addition to choosing 1 preferred app from the list of available\napps, and entertainment subscriptions to Twist Sport, Twist Music, Twist TV, Shahid\nMobile, and VIU. • Plan Name: Hekaya Internet 58 within the monthly Hekaya Internet plans from e&\nEgypt. • Price of Hekaya Internet 58: 58 EGP. • Internet in Hekaya Internet 58: 2,100 MB. • Call/SMS Units in Hekaya Internet 58: 300 units (1 min to e& Egypt = 1 unit, 1 min\nto other networks = 5 units). • Number of apps the customer chooses in Hekaya Internet 58: 1 app from a list of\n12 available apps (Facebook, WhatsApp, Instagram, Telegram, TikTok, Anghami,\nSoundCloud, Shahid, Netflix, Watchit, YouTube, PUBG).', 'Plan: Hekaya Internet 165 Hekaya Internet 165 is one of the monthly Hekaya Internet\nplans from e& Egypt. Its price is 165 EGP, granting the customer 8,750 MB of internet and\n300 units for calls and SMS, in addition to choosing up to 2 preferred apps from the list of\navailable apps, and entertainment subscriptions to Twist Sport, Twist Music, Twist TV,\nStarzplay, Shahid Mobile, and VIU. • Plan Name: Hekaya Internet 165 within the monthly Hekaya Internet plans from e&\nEgypt. • Price of Hekaya Internet 165: 165 EGP. • Internet in Hekaya Internet 165: 8,750 MB. • Call/SMS Units in Hekaya Internet 165: 300 units (1 min to e& Egypt = 1 unit, 1 min\nto other networks = 5 units). • Number of apps the customer chooses in Hekaya Internet 165: Up to 2 apps\nfrom a list of 12 available apps (Facebook, WhatsApp, Instagram, Telegram, TikTok,\nAnghami, SoundCloud, Shahid, Netflix, Watchit, YouTube, PUBG).', 'Plan: Hekaya Internet 132 Hekaya Internet 132 is one of the monthly Hekaya Internet\nplans from e& Egypt. Its price is 132 EGP, granting the customer 6,750 MB of internet and\n300 units for calls and SMS, in addition to choosing up to 2 preferred apps from the list of\navailable apps, and entertainment subscriptions to Twist Sport, Twist Music, Twist TV,\nStarzplay, Shahid Mobile, and VIU. • Plan Name: Hekaya Internet 132 within the monthly Hekaya Internet plans from e&\nEgypt. • Price of Hekaya Internet 132: 132 EGP. • Internet in Hekaya Internet 132: 6,750 MB. • Call/SMS Units in Hekaya Internet 132: 300 units (1 min to e& Egypt = 1 unit, 1 min\nto other networks = 5 units). • Number of apps the customer chooses in Hekaya Internet 132: Up to 2 apps\nfrom a list of 12 available apps (Facebook, WhatsApp, Instagram, Telegram, TikTok,\nAnghami, SoundCloud, Shahid, Netflix, Watchit, YouTube, PUBG). • Basic Entertainment Services in Hekaya Internet 132: Twist Sport, Twist Music,\nTwist TV, Starzplay, and Shahid Mobile.', 'Plan: Hekaya Internet 46 Hekaya Internet 46 is one of the monthly Hekaya Internet plans\n• Basic Entertainment Services in Hekaya Internet 46: Twist Sport, Twist Music,\nTwist TV, and Shahid Mobile. • Additional Entertainment Subscriptions in Hekaya Internet 46: VIU (auto-renews\nwith every renewal, must be activated the first time).', 'Plan: Mini Hekaya Internet 32 (for 3 weeks) Mini Hekaya Internet 32 (for 3 weeks) is one of\nthe Mini Hekaya Internet plans from e& Egypt. Its price is 32 EGP, granting the customer\n850 MB of internet and 120 units for calls and SMS, with a 21-day validity. • Plan Name: Mini Hekaya Internet 32 (for 3 weeks) within the Mini Hekaya Internet\nplans from e& Egypt. • Price of Mini Hekaya Internet 32 (for 3 weeks): 32 EGP. • Internet in Mini Hekaya Internet 32 (for 3 weeks): 850 MB.', 'Plan: Hekaya Internet 600 Hekaya Internet 600 is one of the monthly Hekaya Internet\nplans from e& Egypt. Its price is 600 EGP, granting the customer 50,000 MB of internet and\n300 units for calls and SMS, in addition to choosing up to 3 preferred apps from the list of\navailable apps, and entertainment subscriptions to Twist Sport, Twist Music, Twist TV,\nStarzplay, Shahid VIP, VIU, and TOD. • Plan Name: Hekaya Internet 600 within the monthly Hekaya Internet plans from e&\nEgypt. • Price of Hekaya Internet 600: 600 EGP. • Internet in Hekaya Internet 600: 50,000 MB. • Call/SMS Units in Hekaya Internet 600: 300 units (1 min to e& Egypt = 1 unit, 1 min\nto other networks = 5 units). • Number of apps the customer chooses in Hekaya Internet 600: Up to 3 apps\nfrom a list of 12 available apps (Facebook, WhatsApp, Instagram, Telegram, TikTok,\nAnghami, SoundCloud, Shahid, Netflix, Watchit, YouTube, PUBG). • Basic Entertainment Services in Hekaya Internet 600: Twist Sport, Twist Music,\nTwist TV, Starzplay, and Shahid VIP. • Additional Entertainment Subscriptions in Hekaya Internet 600: VIU, and TOD\n(auto-renews with every renewal, must be activated the first time). 4. Selectable Apps in Hekaya Internet\nIn Hekaya Internet plans from e& Egypt, the customer chooses their preferred apps from a\nlist of 12 apps, to use freely within the internet bundle. The allowed number of apps varies\nby plan (1, 2, or 3). Available Apps to Choose From:\n• Facebook is available to choose in Hekaya Internet plans from e& Egypt — within\nthe social media apps category. • WhatsApp is available to choose in Hekaya Internet plans from e& Egypt — within\nthe social media apps category. • Instagram is available to choose in Hekaya Internet plans from e& Egypt — within\nthe social media apps category. • Telegram is available to choose in Hekaya Internet plans from e& Egypt — within\nthe social media apps category. • TikTok is available to choose in Hekaya Internet plans from e& Egypt — within the\nsocial media apps category. • Anghami is available to choose in Hekaya Internet plans from e& Egypt — within the\nmusic apps category. • SoundCloud is available to choose in Hekaya Internet plans from e& Egypt — within\nthe music apps category. • Shahid is available to choose in Hekaya Internet plans from e& Egypt — within the\nvideo and series apps category. • Netflix is available to choose in Hekaya Internet plans from e& Egypt — within the\nvideo and series apps category. • Watchit is available to choose in Hekaya Internet plans from e& Egypt — within the\nvideo and series apps category. • YouTube is available to choose in Hekaya Internet plans from e& Egypt — within the\nvideo and series apps category. • PUBG is available to choose in Hekaya Internet plans from e& Egypt — within the\ngaming apps category. Number of Allowed Apps per Plan:\n• Hekaya Internet 46 Plan: Only 1 app. • Hekaya Internet 58 Plan: Only 1 app. • Hekaya Internet 80 Plan: Up to 2 apps. • Hekaya Internet 105 Plan: Up to 2 apps. • Hekaya Internet 132 Plan: Up to 2 apps. • Hekaya Internet 165 Plan: Up to 2 apps. • Hekaya Internet 205 Plan: Up to 3 apps. • Hekaya Internet 270 Plan: Up to 3 apps. • Hekaya Internet 345 Plan: Up to 3 apps. • Hekaya Internet 415 Plan: Up to 3 apps. • Hekaya Internet 480 Plan: Up to 3 apps. • Hekaya Internet 600 Plan: Up to 3 apps. 5. Extra Unit Plans in Hekaya Internet\nThe extra unit plans in Hekaya Internet from e& Egypt are dedicated to calls and SMS only\n(do not include internet), and are used to top up the basic 300 units in the plan. 200 Units Plan (7.5 EGP) The 200 units plan is one of the extra plans in Hekaya Internet\nfrom e& Egypt. Its price is 7.5 EGP, granting the customer 200 extra units for calls and SMS. • Extra Plan: 200 units in Hekaya Internet from e& Egypt. • Price of the 200 units plan: 7.5 EGP.', 'Plan: Mini Hekaya Internet 32 (for 2 weeks) Mini Hekaya Internet 32 (for 2 weeks) is one of\nthe Mini Hekaya Internet plans from e& Egypt. Its price is 32 EGP, granting the customer\n1,100 MB of internet and 90 units for calls and SMS, with a 14-day validity. • Plan Name: Mini Hekaya Internet 32 (for 2 weeks) within the Mini Hekaya Internet\nplans from e& Egypt. • Price of Mini Hekaya Internet 32 (for 2 weeks): 32 EGP. • Internet in Mini Hekaya Internet 32 (for 2 weeks): 1,100 MB.', ""Plan: Mini Hekaya Internet 46 (for 3 weeks) Mini Hekaya Internet 46 (for 3 weeks) is one of\n• Units for calls and SMS in Mini Hekaya Internet 46 (for 3 weeks): 120 units. • Validity of Mini Hekaya Internet 46 (for 3 weeks): 21 days. • Subscription to Mini Hekaya Internet 46 (for 3 weeks): Via code *200# or through\nthe My e& Egypt app. • Auto-renewal for Mini Hekaya Internet 46 (for 3 weeks): The plan auto-renews if\nthere is sufficient balance in the customer's account.""]","The price of the Hekaya Internet 46 plan is **46 EGP**. 

This plan includes:
- 1,250 MB of internet
- 300 units for calls and SMS
- Choice of 1 preferred app from 12 available apps
- Entertainment subscriptions to Twist Sport, Twist Music, Twist TV, Shahid Mobile, and VIU (VIU auto-renews with every renewal and must be activated the first time) [1][11].",1.0,0.9368889911712776
How much internet do I get with Hekaya Internet 46?,"['Plan: Hekaya Internet 46 Hekaya Internet 46 is one of the monthly Hekaya Internet plans\nfrom e& Egypt. Its price is 46 EGP, granting the customer 1,250 MB of internet and 300\nunits for calls and SMS, in addition to choosing 1 preferred app from the list of available\napps, and entertainment subscriptions to Twist Sport, Twist Music, Twist TV, Shahid\nMobile, and VIU. • Plan Name: Hekaya Internet 46 within the monthly Hekaya Internet plans from e&\nEgypt. • Price of Hekaya Internet 46: 46 EGP. • Internet in Hekaya Internet 46: 1,250 MB. • Call/SMS Units in Hekaya Internet 46: 300 units (1 min to e& Egypt = 1 unit, 1 min\nto other networks = 5 units). • Number of apps the customer chooses in Hekaya Internet 46: 1 app from a list of\n12 available apps (Facebook, WhatsApp, Instagram, Telegram, TikTok, Anghami,\nSoundCloud, Shahid, Netflix, Watchit, YouTube, PUBG).', 'Plan: Mini Hekaya Internet 46 (for 3 weeks) Mini Hekaya Internet 46 (for 3 weeks) is one of\nthe Mini Hekaya Internet plans from e& Egypt. Its price is 46 EGP, granting the customer\n1,500 MB of internet and 120 units for calls and SMS, with a 21-day validity. • Plan Name: Mini Hekaya Internet 46 (for 3 weeks) within the Mini Hekaya Internet\nplans from e& Egypt. • Price of Mini Hekaya Internet 46 (for 3 weeks): 46 EGP. • Internet in Mini Hekaya Internet 46 (for 3 weeks): 1,500 MB.', ""Plan: Mini Hekaya Internet 46 (for 3 weeks) Mini Hekaya Internet 46 (for 3 weeks) is one of\n• Units for calls and SMS in Mini Hekaya Internet 46 (for 3 weeks): 120 units. • Validity of Mini Hekaya Internet 46 (for 3 weeks): 21 days. • Subscription to Mini Hekaya Internet 46 (for 3 weeks): Via code *200# or through\nthe My e& Egypt app. • Auto-renewal for Mini Hekaya Internet 46 (for 3 weeks): The plan auto-renews if\nthere is sufficient balance in the customer's account."", 'Plan: Mini Hekaya Internet 63 (for 3 weeks) Mini Hekaya Internet 63 (for 3 weeks) is one of\n14. Frequently Asked Questions about Hekaya Internet Plans\nThe following FAQs are phrased so that a retrieval system can fetch the complete answer\non its own:\nWhat are the Hekaya Internet plans from e& Egypt? Hekaya Internet is a portfolio of\nprepaid mobile plans from e& Egypt, designed for customers who need a lot of internet. It\nincludes 12 monthly plans starting from Hekaya Internet 46 up to Hekaya Internet 600, 9\nshort-term mini plans, and extra unit plans. How many apps can a customer choose in Hekaya Internet? In Hekaya Internet plans\nfrom e& Egypt, a customer can choose only 1 app in the Hekaya Internet 46 and 58 plans,\nup to 2 apps in plans from 80 to 165, and up to 3 apps in plans from 205 to 600. What is the list of available apps to choose from in Hekaya Internet? In Hekaya Internet\nfrom e& Egypt, the apps available to choose are: Facebook, WhatsApp, Instagram,\nTelegram, TikTok, Anghami, SoundCloud, Shahid, Netflix, Watchit, YouTube, and PUBG. A\ntotal of 12 apps.', 'Plan: Hekaya Internet 80 Hekaya Internet 80 is one of the monthly Hekaya Internet plans\nfrom e& Egypt. Its price is 80 EGP, granting the customer 3,250 MB of internet and 300\nunits for calls and SMS, in addition to choosing up to 2 preferred apps from the list of\navailable apps, and entertainment subscriptions to Twist Sport, Twist Music, Twist TV,\nShahid Mobile, and VIU. • Plan Name: Hekaya Internet 80 within the monthly Hekaya Internet plans from e&\nEgypt. • Price of Hekaya Internet 80: 80 EGP. • Internet in Hekaya Internet 80: 3,250 MB. • Call/SMS Units in Hekaya Internet 80: 300 units (1 min to e& Egypt = 1 unit, 1 min\nto other networks = 5 units). • Number of apps the customer chooses in Hekaya Internet 80: Up to 2 apps from\na list of 12 available apps (Facebook, WhatsApp, Instagram, Telegram, TikTok,\nAnghami, SoundCloud, Shahid, Netflix, Watchit, YouTube, PUBG). • Basic Entertainment Services in Hekaya Internet 80: Twist Sport, Twist Music,\nTwist TV, and Shahid Mobile.', 'Plan: Hekaya Internet 480 Hekaya Internet 480 is one of the monthly Hekaya Internet\nplans from e& Egypt. Its price is 480 EGP, granting the customer 30,000 MB of internet and\n300 units for calls and SMS, in addition to choosing up to 3 preferred apps from the list of\navailable apps, and entertainment subscriptions to Twist Sport, Twist Music, Twist TV,\nStarzplay, Shahid VIP, VIU, and TOD. • Plan Name: Hekaya Internet 480 within the monthly Hekaya Internet plans from e&\nEgypt. • Price of Hekaya Internet 480: 480 EGP. • Internet in Hekaya Internet 480: 30,000 MB. • Call/SMS Units in Hekaya Internet 480: 300 units (1 min to e& Egypt = 1 unit, 1 min\nto other networks = 5 units). • Number of apps the customer chooses in Hekaya Internet 480: Up to 3 apps\nfrom a list of 12 available apps (Facebook, WhatsApp, Instagram, Telegram, TikTok,\nAnghami, SoundCloud, Shahid, Netflix, Watchit, YouTube, PUBG). • Basic Entertainment Services in Hekaya Internet 480: Twist Sport, Twist Music,\nTwist TV, Starzplay, and Shahid VIP.', 'Plan: Hekaya Internet 58 Hekaya Internet 58 is one of the monthly Hekaya Internet plans\nfrom e& Egypt. Its price is 58 EGP, granting the customer 2,100 MB of internet and 300\nunits for calls and SMS, in addition to choosing 1 preferred app from the list of available\napps, and entertainment subscriptions to Twist Sport, Twist Music, Twist TV, Shahid\nMobile, and VIU. • Plan Name: Hekaya Internet 58 within the monthly Hekaya Internet plans from e&\nEgypt. • Price of Hekaya Internet 58: 58 EGP. • Internet in Hekaya Internet 58: 2,100 MB. • Call/SMS Units in Hekaya Internet 58: 300 units (1 min to e& Egypt = 1 unit, 1 min\nto other networks = 5 units). • Number of apps the customer chooses in Hekaya Internet 58: 1 app from a list of\n12 available apps (Facebook, WhatsApp, Instagram, Telegram, TikTok, Anghami,\nSoundCloud, Shahid, Netflix, Watchit, YouTube, PUBG).', 'Plan: Hekaya Internet 415 Hekaya Internet 415 is one of the monthly Hekaya Internet\nplans from e& Egypt. Its price is 415 EGP, granting the customer 25,000 MB of internet and\n300 units for calls and SMS, in addition to choosing up to 3 preferred apps from the list of\navailable apps, and entertainment subscriptions to Twist Sport, Twist Music, Twist TV,\nStarzplay, Shahid VIP, and VIU. • Plan Name: Hekaya Internet 415 within the monthly Hekaya Internet plans from e&\nEgypt. • Price of Hekaya Internet 415: 415 EGP. • Internet in Hekaya Internet 415: 25,000 MB. • Call/SMS Units in Hekaya Internet 415: 300 units (1 min to e& Egypt = 1 unit, 1 min\nto other networks = 5 units). • Number of apps the customer chooses in Hekaya Internet 415: Up to 3 apps\nfrom a list of 12 available apps (Facebook, WhatsApp, Instagram, Telegram, TikTok,\nAnghami, SoundCloud, Shahid, Netflix, Watchit, YouTube, PUBG). • Basic Entertainment Services in Hekaya Internet 415: Twist Sport, Twist Music,\nTwist TV, Starzplay, and Shahid VIP.', 'Plan: Hekaya Internet 165 Hekaya Internet 165 is one of the monthly Hekaya Internet\nplans from e& Egypt. Its price is 165 EGP, granting the customer 8,750 MB of internet and\n300 units for calls and SMS, in addition to choosing up to 2 preferred apps from the list of\navailable apps, and entertainment subscriptions to Twist Sport, Twist Music, Twist TV,\nStarzplay, Shahid Mobile, and VIU. • Plan Name: Hekaya Internet 165 within the monthly Hekaya Internet plans from e&\nEgypt. • Price of Hekaya Internet 165: 165 EGP. • Internet in Hekaya Internet 165: 8,750 MB. • Call/SMS Units in Hekaya Internet 165: 300 units (1 min to e& Egypt = 1 unit, 1 min\nto other networks = 5 units). • Number of apps the customer chooses in Hekaya Internet 165: Up to 2 apps\nfrom a list of 12 available apps (Facebook, WhatsApp, Instagram, Telegram, TikTok,\nAnghami, SoundCloud, Shahid, Netflix, Watchit, YouTube, PUBG).', 'Plan: Hekaya Internet 132 Hekaya Internet 132 is one of the monthly Hekaya Internet\nplans from e& Egypt. Its price is 132 EGP, granting the customer 6,750 MB of internet and\n300 units for calls and SMS, in addition to choosing up to 2 preferred apps from the list of\navailable apps, and entertainment subscriptions to Twist Sport, Twist Music, Twist TV,\nStarzplay, Shahid Mobile, and VIU. • Plan Name: Hekaya Internet 132 within the monthly Hekaya Internet plans from e&\nEgypt. • Price of Hekaya Internet 132: 132 EGP. • Internet in Hekaya Internet 132: 6,750 MB. • Call/SMS Units in Hekaya Internet 132: 300 units (1 min to e& Egypt = 1 unit, 1 min\nto other networks = 5 units). • Number of apps the customer chooses in Hekaya Internet 132: Up to 2 apps\nfrom a list of 12 available apps (Facebook, WhatsApp, Instagram, Telegram, TikTok,\nAnghami, SoundCloud, Shahid, Netflix, Watchit, YouTube, PUBG). • Basic Entertainment Services in Hekaya Internet 132: Twist Sport, Twist Music,\nTwist TV, Starzplay, and Shahid Mobile.', 'Plan: Hekaya Internet 46 Hekaya Internet 46 is one of the monthly Hekaya Internet plans\n• Basic Entertainment Services in Hekaya Internet 46: Twist Sport, Twist Music,\nTwist TV, and Shahid Mobile. • Additional Entertainment Subscriptions in Hekaya Internet 46: VIU (auto-renews\nwith every renewal, must be activated the first time).', 'Plan: Hekaya Internet 105 Hekaya Internet 105 is one of the monthly Hekaya Internet\nplans from e& Egypt. Its price is 105 EGP, granting the customer 4,750 MB of internet and\n300 units for calls and SMS, in addition to choosing up to 2 preferred apps from the list of\navailable apps, and entertainment subscriptions to Twist Sport, Twist Music, Twist TV,\nShahid Mobile, and VIU. • Plan Name: Hekaya Internet 105 within the monthly Hekaya Internet plans from e&\nEgypt. • Price of Hekaya Internet 105: 105 EGP. • Internet in Hekaya Internet 105: 4,750 MB. • Call/SMS Units in Hekaya Internet 105: 300 units (1 min to e& Egypt = 1 unit, 1 min\nto other networks = 5 units). • Number of apps the customer chooses in Hekaya Internet 105: Up to 2 apps\nfrom a list of 12 available apps (Facebook, WhatsApp, Instagram, Telegram, TikTok,\nAnghami, SoundCloud, Shahid, Netflix, Watchit, YouTube, PUBG). • Basic Entertainment Services in Hekaya Internet 105: Twist Sport, Twist Music,\nTwist TV, and Shahid Mobile.', 'Plan: Hekaya Internet 600 Hekaya Internet 600 is one of the monthly Hekaya Internet\nplans from e& Egypt. Its price is 600 EGP, granting the customer 50,000 MB of internet and\n300 units for calls and SMS, in addition to choosing up to 3 preferred apps from the list of\navailable apps, and entertainment subscriptions to Twist Sport, Twist Music, Twist TV,\nStarzplay, Shahid VIP, VIU, and TOD. • Plan Name: Hekaya Internet 600 within the monthly Hekaya Internet plans from e&\nEgypt. • Price of Hekaya Internet 600: 600 EGP. • Internet in Hekaya Internet 600: 50,000 MB. • Call/SMS Units in Hekaya Internet 600: 300 units (1 min to e& Egypt = 1 unit, 1 min\nto other networks = 5 units). • Number of apps the customer chooses in Hekaya Internet 600: Up to 3 apps\nfrom a list of 12 available apps (Facebook, WhatsApp, Instagram, Telegram, TikTok,\nAnghami, SoundCloud, Shahid, Netflix, Watchit, YouTube, PUBG). • Basic Entertainment Services in Hekaya Internet 600: Twist Sport, Twist Music,\nTwist TV, Starzplay, and Shahid VIP. • Additional Entertainment Subscriptions in Hekaya Internet 600: VIU, and TOD\n(auto-renews with every renewal, must be activated the first time). 4. Selectable Apps in Hekaya Internet\nIn Hekaya Internet plans from e& Egypt, the customer chooses their preferred apps from a\nlist of 12 apps, to use freely within the internet bundle. The allowed number of apps varies\nby plan (1, 2, or 3). Available Apps to Choose From:\n• Facebook is available to choose in Hekaya Internet plans from e& Egypt — within\nthe social media apps category. • WhatsApp is available to choose in Hekaya Internet plans from e& Egypt — within\nthe social media apps category. • Instagram is available to choose in Hekaya Internet plans from e& Egypt — within\nthe social media apps category. • Telegram is available to choose in Hekaya Internet plans from e& Egypt — within\nthe social media apps category. • TikTok is available to choose in Hekaya Internet plans from e& Egypt — within the\nsocial media apps category. • Anghami is available to choose in Hekaya Internet plans from e& Egypt — within the\nmusic apps category. • SoundCloud is available to choose in Hekaya Internet plans from e& Egypt — within\nthe music apps category. • Shahid is available to choose in Hekaya Internet plans from e& Egypt — within the\nvideo and series apps category. • Netflix is available to choose in Hekaya Internet plans from e& Egypt — within the\nvideo and series apps category. • Watchit is available to choose in Hekaya Internet plans from e& Egypt — within the\nvideo and series apps category. • YouTube is available to choose in Hekaya Internet plans from e& Egypt — within the\nvideo and series apps category. • PUBG is available to choose in Hekaya Internet plans from e& Egypt — within the\ngaming apps category. Number of Allowed Apps per Plan:\n• Hekaya Internet 46 Plan: Only 1 app. • Hekaya Internet 58 Plan: Only 1 app. • Hekaya Internet 80 Plan: Up to 2 apps. • Hekaya Internet 105 Plan: Up to 2 apps. • Hekaya Internet 132 Plan: Up to 2 apps. • Hekaya Internet 165 Plan: Up to 2 apps. • Hekaya Internet 205 Plan: Up to 3 apps. • Hekaya Internet 270 Plan: Up to 3 apps. • Hekaya Internet 345 Plan: Up to 3 apps. • Hekaya Internet 415 Plan: Up to 3 apps. • Hekaya Internet 480 Plan: Up to 3 apps. • Hekaya Internet 600 Plan: Up to 3 apps. 5. Extra Unit Plans in Hekaya Internet\nThe extra unit plans in Hekaya Internet from e& Egypt are dedicated to calls and SMS only\n(do not include internet), and are used to top up the basic 300 units in the plan. 200 Units Plan (7.5 EGP) The 200 units plan is one of the extra plans in Hekaya Internet\nfrom e& Egypt. Its price is 7.5 EGP, granting the customer 200 extra units for calls and SMS. • Extra Plan: 200 units in Hekaya Internet from e& Egypt. • Price of the 200 units plan: 7.5 EGP.', ""Plan: Mini Hekaya Internet 41 (for 2 weeks) Mini Hekaya Internet 41 (for 2 weeks) is one of\nthe Mini Hekaya Internet plans from e& Egypt. Its price is 41 EGP, granting the customer\n1,750 MB of internet and 90 units for calls and SMS, with a 14-day validity. • Plan Name: Mini Hekaya Internet 41 (for 2 weeks) within the Mini Hekaya Internet\nplans from e& Egypt. • Price of Mini Hekaya Internet 41 (for 2 weeks): 41 EGP. • Internet in Mini Hekaya Internet 41 (for 2 weeks): 1,750 MB. • Units for calls and SMS in Mini Hekaya Internet 41 (for 2 weeks): 90 units. • Validity of Mini Hekaya Internet 41 (for 2 weeks): 14 days. • Subscription to Mini Hekaya Internet 41 (for 2 weeks): Via code *200# or through\nthe My e& Egypt app. • Auto-renewal for Mini Hekaya Internet 41 (for 2 weeks): The plan auto-renews if\nthere is sufficient balance in the customer's account. 8. Mini Hekaya Internet Plans — 3 Weeks Validity\nMini Hekaya Internet plans from e& Egypt that last for 21 days. Every plan includes internet\n+ 120 units for calls and SMS."", 'Plan: Mini Hekaya Internet 32 (for 3 weeks) Mini Hekaya Internet 32 (for 3 weeks) is one of\nthe Mini Hekaya Internet plans from e& Egypt. Its price is 32 EGP, granting the customer\n850 MB of internet and 120 units for calls and SMS, with a 21-day validity. • Plan Name: Mini Hekaya Internet 32 (for 3 weeks) within the Mini Hekaya Internet\nplans from e& Egypt. • Price of Mini Hekaya Internet 32 (for 3 weeks): 32 EGP. • Internet in Mini Hekaya Internet 32 (for 3 weeks): 850 MB.']","With the Hekaya Internet 46 plan, you get **1,250 MB of internet**. The plan also includes 300 units for calls and SMS, and you can choose 1 preferred app from a list of 12 available apps. The price of this plan is **46 EGP** and it includes entertainment subscriptions to Twist Sport, Twist Music, Twist TV, Shahid Mobile, and VIU [1][11].",1.0,0.932657363272314
How many apps can I choose with the Hekaya Internet 46 plan?,"['Plan: Mini Hekaya Internet 63 (for 3 weeks) Mini Hekaya Internet 63 (for 3 weeks) is one of\n14. Frequently Asked Questions about Hekaya Internet Plans\nThe following FAQs are phrased so that a retrieval system can fetch the complete answer\non its own:\nWhat are the Hekaya Internet plans from e& Egypt? Hekaya Internet is a portfolio of\nprepaid mobile plans from e& Egypt, designed for customers who need a lot of internet. It\nincludes 12 monthly plans starting from Hekaya Internet 46 up to Hekaya Internet 600, 9\nshort-term mini plans, and extra unit plans. How many apps can a customer choose in Hekaya Internet? In Hekaya Internet plans\nfrom e& Egypt, a customer can choose only 1 app in the Hekaya Internet 46 and 58 plans,\nup to 2 apps in plans from 80 to 165, and up to 3 apps in plans from 205 to 600. What is the list of available apps to choose from in Hekaya Internet? In Hekaya Internet\nfrom e& Egypt, the apps available to choose are: Facebook, WhatsApp, Instagram,\nTelegram, TikTok, Anghami, SoundCloud, Shahid, Netflix, Watchit, YouTube, and PUBG. A\ntotal of 12 apps.', 'Plan: Hekaya Internet 46 Hekaya Internet 46 is one of the monthly Hekaya Internet plans\nfrom e& Egypt. Its price is 46 EGP, granting the customer 1,250 MB of internet and 300\nunits for calls and SMS, in addition to choosing 1 preferred app from the list of available\napps, and entertainment subscriptions to Twist Sport, Twist Music, Twist TV, Shahid\nMobile, and VIU. • Plan Name: Hekaya Internet 46 within the monthly Hekaya Internet plans from e&\nEgypt. • Price of Hekaya Internet 46: 46 EGP. • Internet in Hekaya Internet 46: 1,250 MB. • Call/SMS Units in Hekaya Internet 46: 300 units (1 min to e& Egypt = 1 unit, 1 min\nto other networks = 5 units). • Number of apps the customer chooses in Hekaya Internet 46: 1 app from a list of\n12 available apps (Facebook, WhatsApp, Instagram, Telegram, TikTok, Anghami,\nSoundCloud, Shahid, Netflix, Watchit, YouTube, PUBG).', 'Plan: Hekaya Internet 480 Hekaya Internet 480 is one of the monthly Hekaya Internet\nplans from e& Egypt. Its price is 480 EGP, granting the customer 30,000 MB of internet and\n300 units for calls and SMS, in addition to choosing up to 3 preferred apps from the list of\navailable apps, and entertainment subscriptions to Twist Sport, Twist Music, Twist TV,\nStarzplay, Shahid VIP, VIU, and TOD. • Plan Name: Hekaya Internet 480 within the monthly Hekaya Internet plans from e&\nEgypt. • Price of Hekaya Internet 480: 480 EGP. • Internet in Hekaya Internet 480: 30,000 MB. • Call/SMS Units in Hekaya Internet 480: 300 units (1 min to e& Egypt = 1 unit, 1 min\nto other networks = 5 units). • Number of apps the customer chooses in Hekaya Internet 480: Up to 3 apps\nfrom a list of 12 available apps (Facebook, WhatsApp, Instagram, Telegram, TikTok,\nAnghami, SoundCloud, Shahid, Netflix, Watchit, YouTube, PUBG). • Basic Entertainment Services in Hekaya Internet 480: Twist Sport, Twist Music,\nTwist TV, Starzplay, and Shahid VIP.', 'Plan: Hekaya Internet 345 Hekaya Internet 345 is one of the monthly Hekaya Internet\nplans from e& Egypt. Its price is 345 EGP, granting the customer 20,000 MB of internet and\n300 units for calls and SMS, in addition to choosing up to 3 preferred apps from the list of\navailable apps, and entertainment subscriptions to Twist Sport, Twist Music, Twist TV,\nStarzplay, Shahid VIP, and VIU. • Plan Name: Hekaya Internet 345 within the monthly Hekaya Internet plans from e&\nEgypt. • Price of Hekaya Internet 345: 345 EGP. • Internet in Hekaya Internet 345: 20,000 MB. • Call/SMS Units in Hekaya Internet 345: 300 units (1 min to e& Egypt = 1 unit, 1 min\nto other networks = 5 units). • Number of apps the customer chooses in Hekaya Internet 345: Up to 3 apps\nfrom a list of 12 available apps (Facebook, WhatsApp, Instagram, Telegram, TikTok,\nAnghami, SoundCloud, Shahid, Netflix, Watchit, YouTube, PUBG).', 'Plan: Hekaya Internet 80 Hekaya Internet 80 is one of the monthly Hekaya Internet plans\nfrom e& Egypt. Its price is 80 EGP, granting the customer 3,250 MB of internet and 300\nunits for calls and SMS, in addition to choosing up to 2 preferred apps from the list of\navailable apps, and entertainment subscriptions to Twist Sport, Twist Music, Twist TV,\nShahid Mobile, and VIU. • Plan Name: Hekaya Internet 80 within the monthly Hekaya Internet plans from e&\nEgypt. • Price of Hekaya Internet 80: 80 EGP. • Internet in Hekaya Internet 80: 3,250 MB. • Call/SMS Units in Hekaya Internet 80: 300 units (1 min to e& Egypt = 1 unit, 1 min\nto other networks = 5 units). • Number of apps the customer chooses in Hekaya Internet 80: Up to 2 apps from\na list of 12 available apps (Facebook, WhatsApp, Instagram, Telegram, TikTok,\nAnghami, SoundCloud, Shahid, Netflix, Watchit, YouTube, PUBG). • Basic Entertainment Services in Hekaya Internet 80: Twist Sport, Twist Music,\nTwist TV, and Shahid Mobile.', 'Plan: Hekaya Internet 600 Hekaya Internet 600 is one of the monthly Hekaya Internet\nplans from e& Egypt. Its price is 600 EGP, granting the customer 50,000 MB of internet and\n300 units for calls and SMS, in addition to choosing up to 3 preferred apps from the list of\navailable apps, and entertainment subscriptions to Twist Sport, Twist Music, Twist TV,\nStarzplay, Shahid VIP, VIU, and TOD. • Plan Name: Hekaya Internet 600 within the monthly Hekaya Internet plans from e&\nEgypt. • Price of Hekaya Internet 600: 600 EGP. • Internet in Hekaya Internet 600: 50,000 MB. • Call/SMS Units in Hekaya Internet 600: 300 units (1 min to e& Egypt = 1 unit, 1 min\nto other networks = 5 units). • Number of apps the customer chooses in Hekaya Internet 600: Up to 3 apps\nfrom a list of 12 available apps (Facebook, WhatsApp, Instagram, Telegram, TikTok,\nAnghami, SoundCloud, Shahid, Netflix, Watchit, YouTube, PUBG). • Basic Entertainment Services in Hekaya Internet 600: Twist Sport, Twist Music,\nTwist TV, Starzplay, and Shahid VIP. • Additional Entertainment Subscriptions in Hekaya Internet 600: VIU, and TOD\n(auto-renews with every renewal, must be activated the first time). 4. Selectable Apps in Hekaya Internet\nIn Hekaya Internet plans from e& Egypt, the customer chooses their preferred apps from a\nlist of 12 apps, to use freely within the internet bundle. The allowed number of apps varies\nby plan (1, 2, or 3). Available Apps to Choose From:\n• Facebook is available to choose in Hekaya Internet plans from e& Egypt — within\nthe social media apps category. • WhatsApp is available to choose in Hekaya Internet plans from e& Egypt — within\nthe social media apps category. • Instagram is available to choose in Hekaya Internet plans from e& Egypt — within\nthe social media apps category. • Telegram is available to choose in Hekaya Internet plans from e& Egypt — within\nthe social media apps category. • TikTok is available to choose in Hekaya Internet plans from e& Egypt — within the\nsocial media apps category. • Anghami is available to choose in Hekaya Internet plans from e& Egypt — within the\nmusic apps category. • SoundCloud is available to choose in Hekaya Internet plans from e& Egypt — within\nthe music apps category. • Shahid is available to choose in Hekaya Internet plans from e& Egypt — within the\nvideo and series apps category. • Netflix is available to choose in Hekaya Internet plans from e& Egypt — within the\nvideo and series apps category. • Watchit is available to choose in Hekaya Internet plans from e& Egypt — within the\nvideo and series apps category. • YouTube is available to choose in Hekaya Internet plans from e& Egypt — within the\nvideo and series apps category. • PUBG is available to choose in Hekaya Internet plans from e& Egypt — within the\ngaming apps category. Number of Allowed Apps per Plan:\n• Hekaya Internet 46 Plan: Only 1 app. • Hekaya Internet 58 Plan: Only 1 app. • Hekaya Internet 80 Plan: Up to 2 apps. • Hekaya Internet 105 Plan: Up to 2 apps. • Hekaya Internet 132 Plan: Up to 2 apps. • Hekaya Internet 165 Plan: Up to 2 apps. • Hekaya Internet 205 Plan: Up to 3 apps. • Hekaya Internet 270 Plan: Up to 3 apps. • Hekaya Internet 345 Plan: Up to 3 apps. • Hekaya Internet 415 Plan: Up to 3 apps. • Hekaya Internet 480 Plan: Up to 3 apps. • Hekaya Internet 600 Plan: Up to 3 apps. 5. Extra Unit Plans in Hekaya Internet\nThe extra unit plans in Hekaya Internet from e& Egypt are dedicated to calls and SMS only\n(do not include internet), and are used to top up the basic 300 units in the plan. 200 Units Plan (7.5 EGP) The 200 units plan is one of the extra plans in Hekaya Internet\nfrom e& Egypt. Its price is 7.5 EGP, granting the customer 200 extra units for calls and SMS. • Extra Plan: 200 units in Hekaya Internet from e& Egypt. • Price of the 200 units plan: 7.5 EGP.', 'Plan: Hekaya Internet 415 Hekaya Internet 415 is one of the monthly Hekaya Internet\nplans from e& Egypt. Its price is 415 EGP, granting the customer 25,000 MB of internet and\n300 units for calls and SMS, in addition to choosing up to 3 preferred apps from the list of\navailable apps, and entertainment subscriptions to Twist Sport, Twist Music, Twist TV,\nStarzplay, Shahid VIP, and VIU. • Plan Name: Hekaya Internet 415 within the monthly Hekaya Internet plans from e&\nEgypt. • Price of Hekaya Internet 415: 415 EGP. • Internet in Hekaya Internet 415: 25,000 MB. • Call/SMS Units in Hekaya Internet 415: 300 units (1 min to e& Egypt = 1 unit, 1 min\nto other networks = 5 units). • Number of apps the customer chooses in Hekaya Internet 415: Up to 3 apps\nfrom a list of 12 available apps (Facebook, WhatsApp, Instagram, Telegram, TikTok,\nAnghami, SoundCloud, Shahid, Netflix, Watchit, YouTube, PUBG). • Basic Entertainment Services in Hekaya Internet 415: Twist Sport, Twist Music,\nTwist TV, Starzplay, and Shahid VIP.', 'Plan: Hekaya Internet 105 Hekaya Internet 105 is one of the monthly Hekaya Internet\nplans from e& Egypt. Its price is 105 EGP, granting the customer 4,750 MB of internet and\n300 units for calls and SMS, in addition to choosing up to 2 preferred apps from the list of\navailable apps, and entertainment subscriptions to Twist Sport, Twist Music, Twist TV,\nShahid Mobile, and VIU. • Plan Name: Hekaya Internet 105 within the monthly Hekaya Internet plans from e&\nEgypt. • Price of Hekaya Internet 105: 105 EGP. • Internet in Hekaya Internet 105: 4,750 MB. • Call/SMS Units in Hekaya Internet 105: 300 units (1 min to e& Egypt = 1 unit, 1 min\nto other networks = 5 units). • Number of apps the customer chooses in Hekaya Internet 105: Up to 2 apps\nfrom a list of 12 available apps (Facebook, WhatsApp, Instagram, Telegram, TikTok,\nAnghami, SoundCloud, Shahid, Netflix, Watchit, YouTube, PUBG). • Basic Entertainment Services in Hekaya Internet 105: Twist Sport, Twist Music,\nTwist TV, and Shahid Mobile.', 'Plan: Hekaya Internet 270 Hekaya Internet 270 is one of the monthly Hekaya Internet\nplans from e& Egypt. Its price is 270 EGP, granting the customer 15,000 MB of internet and\n300 units for calls and SMS, in addition to choosing up to 3 preferred apps from the list of\navailable apps, and entertainment subscriptions to Twist Sport, Twist Music, Twist TV,\nStarzplay, Shahid Mobile, and VIU. • Plan Name: Hekaya Internet 270 within the monthly Hekaya Internet plans from e&\nEgypt. • Price of Hekaya Internet 270: 270 EGP. • Internet in Hekaya Internet 270: 15,000 MB. • Call/SMS Units in Hekaya Internet 270: 300 units (1 min to e& Egypt = 1 unit, 1 min\nto other networks = 5 units). • Number of apps the customer chooses in Hekaya Internet 270: Up to 3 apps\nfrom a list of 12 available apps (Facebook, WhatsApp, Instagram, Telegram, TikTok,\nAnghami, SoundCloud, Shahid, Netflix, Watchit, YouTube, PUBG). • Basic Entertainment Services in Hekaya Internet 270: Twist Sport, Twist Music,\nTwist TV, Starzplay, and Shahid Mobile.', 'Plan: Hekaya Internet 205 Hekaya Internet 205 is one of the monthly Hekaya Internet\nplans from e& Egypt. Its price is 205 EGP, granting the customer 11,500 MB of internet and\n300 units for calls and SMS, in addition to choosing up to 3 preferred apps from the list of\navailable apps, and entertainment subscriptions to Twist Sport, Twist Music, Twist TV,\nStarzplay, Shahid Mobile, and VIU. • Plan Name: Hekaya Internet 205 within the monthly Hekaya Internet plans from e&\nEgypt. • Price of Hekaya Internet 205: 205 EGP. • Internet in Hekaya Internet 205: 11,500 MB. • Call/SMS Units in Hekaya Internet 205: 300 units (1 min to e& Egypt = 1 unit, 1 min\nto other networks = 5 units). • Number of apps the customer chooses in Hekaya Internet 205: Up to 3 apps\nfrom a list of 12 available apps (Facebook, WhatsApp, Instagram, Telegram, TikTok,\nAnghami, SoundCloud, Shahid, Netflix, Watchit, YouTube, PUBG).', 'Plan: Hekaya Internet 58 Hekaya Internet 58 is one of the monthly Hekaya Internet plans\nfrom e& Egypt. Its price is 58 EGP, granting the customer 2,100 MB of internet and 300\nunits for calls and SMS, in addition to choosing 1 preferred app from the list of available\napps, and entertainment subscriptions to Twist Sport, Twist Music, Twist TV, Shahid\nMobile, and VIU. • Plan Name: Hekaya Internet 58 within the monthly Hekaya Internet plans from e&\nEgypt. • Price of Hekaya Internet 58: 58 EGP. • Internet in Hekaya Internet 58: 2,100 MB. • Call/SMS Units in Hekaya Internet 58: 300 units (1 min to e& Egypt = 1 unit, 1 min\nto other networks = 5 units). • Number of apps the customer chooses in Hekaya Internet 58: 1 app from a list of\n12 available apps (Facebook, WhatsApp, Instagram, Telegram, TikTok, Anghami,\nSoundCloud, Shahid, Netflix, Watchit, YouTube, PUBG).', 'Plan: Hekaya Internet 165 Hekaya Internet 165 is one of the monthly Hekaya Internet\nplans from e& Egypt. Its price is 165 EGP, granting the customer 8,750 MB of internet and\n300 units for calls and SMS, in addition to choosing up to 2 preferred apps from the list of\navailable apps, and entertainment subscriptions to Twist Sport, Twist Music, Twist TV,\nStarzplay, Shahid Mobile, and VIU. • Plan Name: Hekaya Internet 165 within the monthly Hekaya Internet plans from e&\nEgypt. • Price of Hekaya Internet 165: 165 EGP. • Internet in Hekaya Internet 165: 8,750 MB. • Call/SMS Units in Hekaya Internet 165: 300 units (1 min to e& Egypt = 1 unit, 1 min\nto other networks = 5 units). • Number of apps the customer chooses in Hekaya Internet 165: Up to 2 apps\nfrom a list of 12 available apps (Facebook, WhatsApp, Instagram, Telegram, TikTok,\nAnghami, SoundCloud, Shahid, Netflix, Watchit, YouTube, PUBG).', 'Plan: Hekaya Internet 132 Hekaya Internet 132 is one of the monthly Hekaya Internet\nplans from e& Egypt. Its price is 132 EGP, granting the customer 6,750 MB of internet and\n300 units for calls and SMS, in addition to choosing up to 2 preferred apps from the list of\navailable apps, and entertainment subscriptions to Twist Sport, Twist Music, Twist TV,\nStarzplay, Shahid Mobile, and VIU. • Plan Name: Hekaya Internet 132 within the monthly Hekaya Internet plans from e&\nEgypt. • Price of Hekaya Internet 132: 132 EGP. • Internet in Hekaya Internet 132: 6,750 MB. • Call/SMS Units in Hekaya Internet 132: 300 units (1 min to e& Egypt = 1 unit, 1 min\nto other networks = 5 units). • Number of apps the customer chooses in Hekaya Internet 132: Up to 2 apps\nfrom a list of 12 available apps (Facebook, WhatsApp, Instagram, Telegram, TikTok,\nAnghami, SoundCloud, Shahid, Netflix, Watchit, YouTube, PUBG). • Basic Entertainment Services in Hekaya Internet 132: Twist Sport, Twist Music,\nTwist TV, Starzplay, and Shahid Mobile.', 'Plan: Hekaya Internet 46 Hekaya Internet 46 is one of the monthly Hekaya Internet plans\n• Basic Entertainment Services in Hekaya Internet 46: Twist Sport, Twist Music,\nTwist TV, and Shahid Mobile. • Additional Entertainment Subscriptions in Hekaya Internet 46: VIU (auto-renews\nwith every renewal, must be activated the first time).', ""Plan: Mini Hekaya Internet 46 (for 3 weeks) Mini Hekaya Internet 46 (for 3 weeks) is one of\n• Units for calls and SMS in Mini Hekaya Internet 46 (for 3 weeks): 120 units. • Validity of Mini Hekaya Internet 46 (for 3 weeks): 21 days. • Subscription to Mini Hekaya Internet 46 (for 3 weeks): Via code *200# or through\nthe My e& Egypt app. • Auto-renewal for Mini Hekaya Internet 46 (for 3 weeks): The plan auto-renews if\nthere is sufficient balance in the customer's account.""]","With the Hekaya Internet 46 plan, you can choose **1 preferred app** from the list of 12 available apps, which include Facebook, WhatsApp, Instagram, Telegram, TikTok, Anghami, SoundCloud, Shahid, Netflix, Watchit, YouTube, and PUBG [2].",1.0,0.9725146641192446
What is Mini Hekaya Internet 46 and how long is it valid?,"[""Plan: Mini Hekaya Internet 46 (for 3 weeks) Mini Hekaya Internet 46 (for 3 weeks) is one of\n• Units for calls and SMS in Mini Hekaya Internet 46 (for 3 weeks): 120 units. • Validity of Mini Hekaya Internet 46 (for 3 weeks): 21 days. • Subscription to Mini Hekaya Internet 46 (for 3 weeks): Via code *200# or through\nthe My e& Egypt app. • Auto-renewal for Mini Hekaya Internet 46 (for 3 weeks): The plan auto-renews if\nthere is sufficient balance in the customer's account."", 'Plan: Mini Hekaya Internet 46 (for 3 weeks) Mini Hekaya Internet 46 (for 3 weeks) is one of\nthe Mini Hekaya Internet plans from e& Egypt. Its price is 46 EGP, granting the customer\n1,500 MB of internet and 120 units for calls and SMS, with a 21-day validity. • Plan Name: Mini Hekaya Internet 46 (for 3 weeks) within the Mini Hekaya Internet\nplans from e& Egypt. • Price of Mini Hekaya Internet 46 (for 3 weeks): 46 EGP. • Internet in Mini Hekaya Internet 46 (for 3 weeks): 1,500 MB.', ""Plan: Mini Hekaya Internet 41 (for 2 weeks) Mini Hekaya Internet 41 (for 2 weeks) is one of\nthe Mini Hekaya Internet plans from e& Egypt. Its price is 41 EGP, granting the customer\n1,750 MB of internet and 90 units for calls and SMS, with a 14-day validity. • Plan Name: Mini Hekaya Internet 41 (for 2 weeks) within the Mini Hekaya Internet\nplans from e& Egypt. • Price of Mini Hekaya Internet 41 (for 2 weeks): 41 EGP. • Internet in Mini Hekaya Internet 41 (for 2 weeks): 1,750 MB. • Units for calls and SMS in Mini Hekaya Internet 41 (for 2 weeks): 90 units. • Validity of Mini Hekaya Internet 41 (for 2 weeks): 14 days. • Subscription to Mini Hekaya Internet 41 (for 2 weeks): Via code *200# or through\nthe My e& Egypt app. • Auto-renewal for Mini Hekaya Internet 41 (for 2 weeks): The plan auto-renews if\nthere is sufficient balance in the customer's account. 8. Mini Hekaya Internet Plans — 3 Weeks Validity\nMini Hekaya Internet plans from e& Egypt that last for 21 days. Every plan includes internet\n+ 120 units for calls and SMS."", 'Plan: Mini Hekaya Internet 32 (for 3 weeks) Mini Hekaya Internet 32 (for 3 weeks) is one of\nthe Mini Hekaya Internet plans from e& Egypt. Its price is 32 EGP, granting the customer\n850 MB of internet and 120 units for calls and SMS, with a 21-day validity. • Plan Name: Mini Hekaya Internet 32 (for 3 weeks) within the Mini Hekaya Internet\nplans from e& Egypt. • Price of Mini Hekaya Internet 32 (for 3 weeks): 32 EGP. • Internet in Mini Hekaya Internet 32 (for 3 weeks): 850 MB.', ""Plan: Mini Hekaya Internet 32 (for 3 weeks) Mini Hekaya Internet 32 (for 3 weeks) is one of\n• Units for calls and SMS in Mini Hekaya Internet 32 (for 3 weeks): 120 units. • Validity of Mini Hekaya Internet 32 (for 3 weeks): 21 days. • Subscription to Mini Hekaya Internet 32 (for 3 weeks): Via code *200# or through\nthe My e& Egypt app. • Auto-renewal for Mini Hekaya Internet 32 (for 3 weeks): The plan auto-renews if\nthere is sufficient balance in the customer's account."", 'Plan: Mini Hekaya Internet 21 Mini Hekaya Internet 21 is one of the Mini Hekaya Internet\n7. Mini Hekaya Internet Plans — 2 Weeks Validity\nMini Hekaya Internet plans from e& Egypt that last for 14 days. Every plan includes internet\n+ 90 units for calls and SMS.', ""Plan: Mini Hekaya Internet 23 (for 2 weeks) Mini Hekaya Internet 23 (for 2 weeks) is one of\n• Units for calls and SMS in Mini Hekaya Internet 23 (for 2 weeks): 90 units. • Validity of Mini Hekaya Internet 23 (for 2 weeks): 14 days. • Subscription to Mini Hekaya Internet 23 (for 2 weeks): Via code *200# or through\nthe My e& Egypt app. • Auto-renewal for Mini Hekaya Internet 23 (for 2 weeks): The plan auto-renews if\nthere is sufficient balance in the customer's account."", 'Plan: Mini Hekaya Internet 23 (for 2 weeks) Mini Hekaya Internet 23 (for 2 weeks) is one of\nthe Mini Hekaya Internet plans from e& Egypt. Its price is 23 EGP, granting the customer\n675 MB of internet and 90 units for calls and SMS, with a 14-day validity. • Plan Name: Mini Hekaya Internet 23 (for 2 weeks) within the Mini Hekaya Internet\nplans from e& Egypt. • Price of Mini Hekaya Internet 23 (for 2 weeks): 23 EGP. • Internet in Mini Hekaya Internet 23 (for 2 weeks): 675 MB.', ""Plan: Mini Hekaya Internet 32 (for 2 weeks) Mini Hekaya Internet 32 (for 2 weeks) is one of\n• Units for calls and SMS in Mini Hekaya Internet 32 (for 2 weeks): 90 units. • Validity of Mini Hekaya Internet 32 (for 2 weeks): 14 days. • Subscription to Mini Hekaya Internet 32 (for 2 weeks): Via code *200# or through\nthe My e& Egypt app. • Auto-renewal for Mini Hekaya Internet 32 (for 2 weeks): The plan auto-renews if\nthere is sufficient balance in the customer's account."", ""Plan: Mini Hekaya Internet 21 Mini Hekaya Internet 21 is one of the Mini Hekaya Internet\nplans from e& Egypt. Its price is 21 EGP, granting the customer 900 MB of internet and 60\nunits for calls and SMS, with a 7-day validity. • Plan Name: Mini Hekaya Internet 21 within the Mini Hekaya Internet plans from e&\nEgypt. • Price of Mini Hekaya Internet 21: 21 EGP. • Internet in Mini Hekaya Internet 21: 900 MB. • Units for calls and SMS in Mini Hekaya Internet 21: 60 units. • Validity of Mini Hekaya Internet 21: 7 days. • Subscription to Mini Hekaya Internet 21: Via code *200# or through the My e&\nEgypt app. • Auto-renewal for Mini Hekaya Internet 21: The plan auto-renews if there is\nsufficient balance in the customer's account."", 'Plan: Mini Hekaya Internet 32 (for 2 weeks) Mini Hekaya Internet 32 (for 2 weeks) is one of\nthe Mini Hekaya Internet plans from e& Egypt. Its price is 32 EGP, granting the customer\n1,100 MB of internet and 90 units for calls and SMS, with a 14-day validity. • Plan Name: Mini Hekaya Internet 32 (for 2 weeks) within the Mini Hekaya Internet\nplans from e& Egypt. • Price of Mini Hekaya Internet 32 (for 2 weeks): 32 EGP. • Internet in Mini Hekaya Internet 32 (for 2 weeks): 1,100 MB.', 'Plan: Mini Hekaya Internet 15 Mini Hekaya Internet 15 is one of the Mini Hekaya Internet\nplans from e& Egypt. Its price is 15 EGP, granting the customer 500 MB of internet and 60\nunits for calls and SMS, with a 7-day validity. • Plan Name: Mini Hekaya Internet 15 within the Mini Hekaya Internet plans from e&\nEgypt. • Price of Mini Hekaya Internet 15: 15 EGP. • Internet in Mini Hekaya Internet 15: 500 MB. • Units for calls and SMS in Mini Hekaya Internet 15: 60 units. • Validity of Mini Hekaya Internet 15: 7 days.', ""Plan: Mini Hekaya Internet 63 (for 3 weeks) Mini Hekaya Internet 63 (for 3 weeks) is one of\nthe Mini Hekaya Internet plans from e& Egypt. Its price is 63 EGP, granting the customer\n2,500 MB of internet and 120 units for calls and SMS, with a 21-day validity. • Plan Name: Mini Hekaya Internet 63 (for 3 weeks) within the Mini Hekaya Internet\nplans from e& Egypt. • Price of Mini Hekaya Internet 63 (for 3 weeks): 63 EGP. • Internet in Mini Hekaya Internet 63 (for 3 weeks): 2,500 MB. • Units for calls and SMS in Mini Hekaya Internet 63 (for 3 weeks): 120 units. • Validity of Mini Hekaya Internet 63 (for 3 weeks): 21 days. • Subscription to Mini Hekaya Internet 63 (for 3 weeks): Via code *200# or through\nthe My e& Egypt app. • Auto-renewal for Mini Hekaya Internet 63 (for 3 weeks): The plan auto-renews if\nthere is sufficient balance in the customer's account. 9. Cashback on the e& money Wallet in Hekaya Internet\nThe Hekaya Internet system from e& Egypt offers two separate cashback features on the\ne& money wallet:\nCashback on Unused Internet: In Hekaya Internet from e& Egypt, if the customer has\nremaining internet MBs at the end of the month that were not used, the remaining value is\nconverted to cashback in the customer's e& money wallet. This means no value from the\nplan is lost. Cashback on Renewal: In Hekaya Internet from e& Egypt, the customer receives\ncashback in their e& money wallet in the following cases:\n• Renewing the Hekaya Internet plan on the scheduled renewal date: The customer\nreceives cashback in the wallet. • Renewing the Hekaya Internet plan before the scheduled date: The customer\nreceives cashback in the wallet. • Consecutive renewal of the Hekaya Internet plan more than once: The cashback\nvalue the customer receives increases. 10. Conversion Flexibility in Hekaya Internet Plans\nHekaya Internet plans from e& Egypt provide flexibility in converting between internet and\nother benefits:\n• In Hekaya Internet, the customer can convert a portion of the internet bundle into\nextra call minutes to use for calling. • In Hekaya Internet, the customer can convert a portion of the internet bundle into\ncredit to use for purchasing a subscription to any preferred app. • In Hekaya Internet, the customer can partially upgrade to a larger plan at any time\nduring its validity, and only pay the price difference between the current plan and\nthe larger plan."", ""Plan: Mini Hekaya Internet 63 (for 3 weeks) Mini Hekaya Internet 63 (for 3 weeks) is one of\n11. Subscriptions and Codes in Hekaya Internet\nTo subscribe to or manage Hekaya Internet plans from e& Egypt, the customer uses the\nfollowing methods:\n• Code *200#: Used to subscribe to Mini Hekaya Internet plans from e& Egypt. • My e& Egypt App: Used to subscribe to all Hekaya Internet plans (Monthly and\nMini), select preferred apps, upgrade plans, and manage cashback. • Activating entertainment subscriptions (VIU, TOD) for the first time in Hekaya\nInternet is done through the My e& Egypt app. 12. Terms and Conditions for Hekaya Internet\nThe following conditions apply to Hekaya Internet plans from e& Egypt, with each clause\nwritten as an independent, retrievable fact:\n• In Hekaya Internet plans from e& Egypt, a minute or SMS to the e& Egypt network is\ncharged at 1 unit, whereas a minute or SMS to other networks is charged at 5 units. • In Mini Hekaya Internet plans from e& Egypt, the customer can choose from 3\ndifferent options for each validity period (1 week, 2 weeks, 3 weeks). • In Hekaya Internet, the customer can partially upgrade to a larger plan at any time\nduring the same validity period, paying only the price difference between the current\nplan and the larger one. • In Hekaya Internet from e& Egypt, you can subscribe to Mini Hekaya Internet or\nrenew the plan after it expires even if the customer has an active loan (Salfa). • In Hekaya Internet plans, after consuming the plan's units, usage is charged at a\nunified flat rate of 19 piasters per minute, SMS, or MB, in addition to current service\nprices. • Hekaya Internet plans from e& Egypt are available to new customers."", 'Plan: Hekaya Internet 46 Hekaya Internet 46 is one of the monthly Hekaya Internet plans\nfrom e& Egypt. Its price is 46 EGP, granting the customer 1,250 MB of internet and 300\nunits for calls and SMS, in addition to choosing 1 preferred app from the list of available\napps, and entertainment subscriptions to Twist Sport, Twist Music, Twist TV, Shahid\nMobile, and VIU. • Plan Name: Hekaya Internet 46 within the monthly Hekaya Internet plans from e&\nEgypt. • Price of Hekaya Internet 46: 46 EGP. • Internet in Hekaya Internet 46: 1,250 MB. • Call/SMS Units in Hekaya Internet 46: 300 units (1 min to e& Egypt = 1 unit, 1 min\nto other networks = 5 units). • Number of apps the customer chooses in Hekaya Internet 46: 1 app from a list of\n12 available apps (Facebook, WhatsApp, Instagram, Telegram, TikTok, Anghami,\nSoundCloud, Shahid, Netflix, Watchit, YouTube, PUBG).']","### Mini Hekaya Internet 46 Plan Details:

- **Price:** 46 EGP
- **Internet Quota:** 1,500 MB
- **Call/SMS Units:** 120 units
- **Validity Period:** 21 days (3 weeks)
- **Subscription Code:** `*200#` or via the My e& Egypt app
- **Auto-renewal:** The plan auto-renews if there is sufficient balance in the customer's account

This plan is part of the Mini Hekaya Internet family from e& Egypt and offers a balanced package of internet and call/SMS units for a three-week period [2][1].",1.0,0.9313667248839043
How many monthly Hekaya Internet plans are there in total?,"['Plan: Mini Hekaya Internet 63 (for 3 weeks) Mini Hekaya Internet 63 (for 3 weeks) is one of\n14. Frequently Asked Questions about Hekaya Internet Plans\nThe following FAQs are phrased so that a retrieval system can fetch the complete answer\non its own:\nWhat are the Hekaya Internet plans from e& Egypt? Hekaya Internet is a portfolio of\nprepaid mobile plans from e& Egypt, designed for customers who need a lot of internet. It\nincludes 12 monthly plans starting from Hekaya Internet 46 up to Hekaya Internet 600, 9\nshort-term mini plans, and extra unit plans. How many apps can a customer choose in Hekaya Internet? In Hekaya Internet plans\nfrom e& Egypt, a customer can choose only 1 app in the Hekaya Internet 46 and 58 plans,\nup to 2 apps in plans from 80 to 165, and up to 3 apps in plans from 205 to 600. What is the list of available apps to choose from in Hekaya Internet? In Hekaya Internet\nfrom e& Egypt, the apps available to choose are: Facebook, WhatsApp, Instagram,\nTelegram, TikTok, Anghami, SoundCloud, Shahid, Netflix, Watchit, YouTube, and PUBG. A\ntotal of 12 apps.', 'Plan: Hekaya Internet 600 Hekaya Internet 600 is one of the monthly Hekaya Internet\n• Number of units in the plan: 200 units.', 'Plan: Hekaya Internet 80 Hekaya Internet 80 is one of the monthly Hekaya Internet plans\n• Additional Entertainment Subscriptions in Hekaya Internet 80: VIU (auto-renews\nwith every renewal, must be activated the first time).', ""Plan: Hekaya Internet 600 Hekaya Internet 600 is one of the monthly Hekaya Internet\n• Number of units in the plan: 3000 units. • Type of the 3000 units extra plan: One-time, or auto-renewing based on\ncustomer's choice. • Usage of the 3000 units extra plan: Calls and SMS only — does not include\ninternet. • Cost of calls with the extra plan: 1 unit per minute or SMS to e& Egypt numbers,\nand 5 units per minute or SMS to other networks. 6. Mini Hekaya Internet Plans — 1 Week Validity\nMini Hekaya Internet plans from e& Egypt that last for 7 days. Every plan includes internet +\n60 units for calls and SMS."", 'Plan: Hekaya Internet 46 Hekaya Internet 46 is one of the monthly Hekaya Internet plans\n• Basic Entertainment Services in Hekaya Internet 46: Twist Sport, Twist Music,\nTwist TV, and Shahid Mobile. • Additional Entertainment Subscriptions in Hekaya Internet 46: VIU (auto-renews\nwith every renewal, must be activated the first time).', 'Plan: Hekaya Internet 270 Hekaya Internet 270 is one of the monthly Hekaya Internet\n• Additional Entertainment Subscriptions in Hekaya Internet 270: VIU (auto-\nrenews with every renewal, must be activated the first time).', 'Plan: Hekaya Internet 58 Hekaya Internet 58 is one of the monthly Hekaya Internet plans\n• Basic Entertainment Services in Hekaya Internet 58: Twist Sport, Twist Music,\nTwist TV, and Shahid Mobile. • Additional Entertainment Subscriptions in Hekaya Internet 58: VIU (auto-renews\nwith every renewal, must be activated the first time).', 'Plan: Hekaya Internet 165 Hekaya Internet 165 is one of the monthly Hekaya Internet\nplans from e& Egypt. Its price is 165 EGP, granting the customer 8,750 MB of internet and\n300 units for calls and SMS, in addition to choosing up to 2 preferred apps from the list of\navailable apps, and entertainment subscriptions to Twist Sport, Twist Music, Twist TV,\nStarzplay, Shahid Mobile, and VIU. • Plan Name: Hekaya Internet 165 within the monthly Hekaya Internet plans from e&\nEgypt. • Price of Hekaya Internet 165: 165 EGP. • Internet in Hekaya Internet 165: 8,750 MB. • Call/SMS Units in Hekaya Internet 165: 300 units (1 min to e& Egypt = 1 unit, 1 min\nto other networks = 5 units). • Number of apps the customer chooses in Hekaya Internet 165: Up to 2 apps\nfrom a list of 12 available apps (Facebook, WhatsApp, Instagram, Telegram, TikTok,\nAnghami, SoundCloud, Shahid, Netflix, Watchit, YouTube, PUBG).', 'Plan: Hekaya Internet 345 Hekaya Internet 345 is one of the monthly Hekaya Internet\nplans from e& Egypt. Its price is 345 EGP, granting the customer 20,000 MB of internet and\n300 units for calls and SMS, in addition to choosing up to 3 preferred apps from the list of\navailable apps, and entertainment subscriptions to Twist Sport, Twist Music, Twist TV,\nStarzplay, Shahid VIP, and VIU. • Plan Name: Hekaya Internet 345 within the monthly Hekaya Internet plans from e&\nEgypt. • Price of Hekaya Internet 345: 345 EGP. • Internet in Hekaya Internet 345: 20,000 MB. • Call/SMS Units in Hekaya Internet 345: 300 units (1 min to e& Egypt = 1 unit, 1 min\nto other networks = 5 units). • Number of apps the customer chooses in Hekaya Internet 345: Up to 3 apps\nfrom a list of 12 available apps (Facebook, WhatsApp, Instagram, Telegram, TikTok,\nAnghami, SoundCloud, Shahid, Netflix, Watchit, YouTube, PUBG).', 'Plan: Hekaya Internet 480 Hekaya Internet 480 is one of the monthly Hekaya Internet\n• Additional Entertainment Subscriptions in Hekaya Internet 480: VIU, and TOD\n(auto-renews with every renewal, must be activated the first time).', 'Plan: Hekaya Internet 105 Hekaya Internet 105 is one of the monthly Hekaya Internet\n• Additional Entertainment Subscriptions in Hekaya Internet 105: VIU (auto-\nrenews with every renewal, must be activated the first time).', 'Plan: Hekaya Internet 132 Hekaya Internet 132 is one of the monthly Hekaya Internet\n• Additional Entertainment Subscriptions in Hekaya Internet 132: VIU (auto-\nrenews with every renewal, must be activated the first time).', 'Plan: Hekaya Internet 132 Hekaya Internet 132 is one of the monthly Hekaya Internet\nplans from e& Egypt. Its price is 132 EGP, granting the customer 6,750 MB of internet and\n300 units for calls and SMS, in addition to choosing up to 2 preferred apps from the list of\navailable apps, and entertainment subscriptions to Twist Sport, Twist Music, Twist TV,\nStarzplay, Shahid Mobile, and VIU. • Plan Name: Hekaya Internet 132 within the monthly Hekaya Internet plans from e&\nEgypt. • Price of Hekaya Internet 132: 132 EGP. • Internet in Hekaya Internet 132: 6,750 MB. • Call/SMS Units in Hekaya Internet 132: 300 units (1 min to e& Egypt = 1 unit, 1 min\nto other networks = 5 units). • Number of apps the customer chooses in Hekaya Internet 132: Up to 2 apps\nfrom a list of 12 available apps (Facebook, WhatsApp, Instagram, Telegram, TikTok,\nAnghami, SoundCloud, Shahid, Netflix, Watchit, YouTube, PUBG). • Basic Entertainment Services in Hekaya Internet 132: Twist Sport, Twist Music,\nTwist TV, Starzplay, and Shahid Mobile.', 'Plan: Hekaya Internet 480 Hekaya Internet 480 is one of the monthly Hekaya Internet\nplans from e& Egypt. Its price is 480 EGP, granting the customer 30,000 MB of internet and\n300 units for calls and SMS, in addition to choosing up to 3 preferred apps from the list of\navailable apps, and entertainment subscriptions to Twist Sport, Twist Music, Twist TV,\nStarzplay, Shahid VIP, VIU, and TOD. • Plan Name: Hekaya Internet 480 within the monthly Hekaya Internet plans from e&\nEgypt. • Price of Hekaya Internet 480: 480 EGP. • Internet in Hekaya Internet 480: 30,000 MB. • Call/SMS Units in Hekaya Internet 480: 300 units (1 min to e& Egypt = 1 unit, 1 min\nto other networks = 5 units). • Number of apps the customer chooses in Hekaya Internet 480: Up to 3 apps\nfrom a list of 12 available apps (Facebook, WhatsApp, Instagram, Telegram, TikTok,\nAnghami, SoundCloud, Shahid, Netflix, Watchit, YouTube, PUBG). • Basic Entertainment Services in Hekaya Internet 480: Twist Sport, Twist Music,\nTwist TV, Starzplay, and Shahid VIP.', 'Plan: Hekaya Internet 80 Hekaya Internet 80 is one of the monthly Hekaya Internet plans\nfrom e& Egypt. Its price is 80 EGP, granting the customer 3,250 MB of internet and 300\nunits for calls and SMS, in addition to choosing up to 2 preferred apps from the list of\navailable apps, and entertainment subscriptions to Twist Sport, Twist Music, Twist TV,\nShahid Mobile, and VIU. • Plan Name: Hekaya Internet 80 within the monthly Hekaya Internet plans from e&\nEgypt. • Price of Hekaya Internet 80: 80 EGP. • Internet in Hekaya Internet 80: 3,250 MB. • Call/SMS Units in Hekaya Internet 80: 300 units (1 min to e& Egypt = 1 unit, 1 min\nto other networks = 5 units). • Number of apps the customer chooses in Hekaya Internet 80: Up to 2 apps from\na list of 12 available apps (Facebook, WhatsApp, Instagram, Telegram, TikTok,\nAnghami, SoundCloud, Shahid, Netflix, Watchit, YouTube, PUBG). • Basic Entertainment Services in Hekaya Internet 80: Twist Sport, Twist Music,\nTwist TV, and Shahid Mobile.']","There are 12 monthly Hekaya Internet plans from e& Egypt, starting from Hekaya Internet 46 up to Hekaya Internet 600 [1].",1.0,0.9331327054230448
What is the monthly fee for Hekaya Mixat 52 including tax?,"[""Bundle: Hekaya Mixat 52\nHekaya Mixat 52 is one of the monthly bundles from e& Egypt. Monthly fee including tax:\n74.29 EGP. It includes 1,900 Mixes and 1 favorite number (calls charged at 0.5 Mix/min). Upon renewal, the customer receives 104 Coins. Subscription code: *319*45#. • Bundle Name: Hekaya Mixat 52 (Monthly Hekaya Mixat Bundles from e& Egypt). • Monthly Fee (incl. tax): 74.29 EGP. • Mixes Count: 1,900 Mixes. • Favorite Numbers: 1 number (charged at 0.5 Mix/minute). • Coins upon Renewal: 104 Coins added to the customer's balance in the e& Egypt\nCoins program. • Facebook & WhatsApp: Included up to 200 MB under the Fair Usage Policy (FUP). • Family Lines: No additional family lines."", ""Bundle: Hekaya Mixat 180\nHekaya Mixat 180 is one of the monthly bundles from e& Egypt. Monthly fee including tax:\n257.15 EGP. It includes 9,350 Mixes and 3 favorite numbers (calls charged at 0.5 Mix/min). Upon renewal, the customer receives 360 Coins. Subscription code: *319*155#. • Bundle Name: Hekaya Mixat 180 (Monthly Hekaya Mixat Bundles from e& Egypt). • Monthly Fee (incl. tax): 257.15 EGP. • Mixes Count: 9,350 Mixes. • Favorite Numbers: 3 numbers (charged at 0.5 Mix/minute). • Coins upon Renewal: 360 Coins added to the customer's balance in the e& Egypt\nCoins program. • Facebook & WhatsApp: Available throughout the bundle validity."", ""Bundle: Hekaya Mixat 270\nHekaya Mixat 270 is one of the monthly bundles from e& Egypt. Monthly fee including tax:\n385.72 EGP. It includes 15,400 Mixes and 3 favorite numbers (calls charged at 0.5\nMix/min). Upon renewal, the customer receives 540 Coins. Subscription code: *319*235#. • Bundle Name: Hekaya Mixat 270 (Monthly Hekaya Mixat Bundles from e& Egypt). • Monthly Fee (incl. tax): 385.72 EGP. • Mixes Count: 15,400 Mixes. • Favorite Numbers: 3 numbers (charged at 0.5 Mix/minute). • Coins upon Renewal: 540 Coins added to the customer's balance in the e& Egypt\nCoins program. • Facebook & WhatsApp: Available throughout the bundle validity. • Family Lines: 3 additional family lines. • Home Internet: 150 GB Home Internet option available in this bundle. • Included Entertainment Subscriptions: VIU, Twist Music, Twist TV, Starzplay,\nShahid Mobile. • Subscription Code: *319*235#."", ""Bundle: Hekaya Mixat 120\nHekaya Mixat 120 is one of the monthly bundles from e& Egypt. Monthly fee including tax:\n171.44 EGP. It includes 5,375 Mixes and 2 favorite numbers (calls charged at 0.5 Mix/min). Upon renewal, the customer receives 240 Coins. Subscription code: *319*105#. • Bundle Name: Hekaya Mixat 120 (Monthly Hekaya Mixat Bundles from e& Egypt). • Monthly Fee (incl. tax): 171.44 EGP. • Mixes Count: 5,375 Mixes. • Favorite Numbers: 2 numbers (charged at 0.5 Mix/minute). • Coins upon Renewal: 240 Coins added to the customer's balance in the e& Egypt\nCoins program. • Facebook & WhatsApp: Available throughout the bundle validity."", ""Bundle: Hekaya Mixat 92\nHekaya Mixat 92 is one of the monthly bundles from e& Egypt. Monthly fee including tax:\n131.44 EGP. It includes 3,750 Mixes and 2 favorite numbers (calls charged at 0.5 Mix/min). Upon renewal, the customer receives 184 Coins. Subscription code: *319*80#. • Bundle Name: Hekaya Mixat 92 (Monthly Hekaya Mixat Bundles from e& Egypt). • Monthly Fee (incl. tax): 131.44 EGP. • Mixes Count: 3,750 Mixes. • Favorite Numbers: 2 numbers (charged at 0.5 Mix/minute). • Coins upon Renewal: 184 Coins added to the customer's balance in the e& Egypt\nCoins program. • Facebook & WhatsApp: Available throughout the bundle validity."", ""Bundle: Hekaya Mixat 69\nHekaya Mixat 69 is one of the monthly bundles from e& Egypt. Monthly fee including tax:\n98.58 EGP. It includes 2,800 Mixes and 1 favorite number (calls charged at 0.5 Mix/min). Upon renewal, the customer receives 138 Coins. Subscription code: *319*60#. • Bundle Name: Hekaya Mixat 69 (Monthly Hekaya Mixat Bundles from e& Egypt). • Monthly Fee (incl. tax): 98.58 EGP. • Mixes Count: 2,800 Mixes. • Favorite Numbers: 1 number (charged at 0.5 Mix/minute). • Coins upon Renewal: 138 Coins added to the customer's balance in the e& Egypt\nCoins program. • Facebook & WhatsApp: Included up to 200 MB under the Fair Usage Policy (FUP). • Family Lines: No additional family lines."", ""Bundle: Extra 15\n8. Family Lines in Hekaya Mixat\nHekaya Mixat allows sharing the base bundle with family members. Allowed additional\nlines per bundle:\n• Hekaya Mixat 52: No additional family lines allowed. • Hekaya Mixat 69: No additional family lines allowed. • Hekaya Mixat 92: 1 additional family line. • Hekaya Mixat 120: 1 additional family line. • Hekaya Mixat 180: 2 additional family lines. • Hekaya Mixat 270: 3 additional family lines. Mix Distribution to Family Lines\nWhen adding a family line, the primary line holder can allocate a fixed percentage of the\nprimary bundle's Mixes on a monthly basis:\n• 10% of the primary Hekaya Mixat bundle. • 25% of the primary Hekaya Mixat bundle. • 50% of the primary Hekaya Mixat bundle. In addition to the fixed monthly allocation, the primary line holder can transfer on-demand\nextra Mixes to any family line at any point during the month via *319# or the My e& Egypt\napp. 9. Mix Rollover and Renewals\n• Rollover to the Following Month: Unused Mixes from the current billing cycle roll\nover to the next month if the customer renews on or before the due date. If the\nrenewal is late, leftover Mixes are forfeited. • Consumption Priority: Consumption is drawn first from the current month's base\nbundle Mixes, then from rolled-over Mixes from the previous month. • Out-of-Bundle Rates: After exhausting all bundle Mixes, the customer is billed at a\nflat rate of 19 piasters per minute or megabyte until the bundle is renewed or a new\nadd-on is purchased. • Early Renewal: Customers can renew before the due date after exhausting their\nMixes via the Early Renewal service by dialing *807#."", 'Bundle: Extra 15\nIf a customer attempts to renew without sufficient balance, they have a 2-day grace\nwindow upon recharging. If not activated within 2 days, re-subscription via USSD is\nrequired. 20. Hekaya Mini recharges start from 19 EGP and include Facebook and WhatsApp\naccess. 21. Hekaya Mini can be recharged or renewed via *556*9*RechargeCode# or through\nthe My e& Egypt app. 22. The Fair Usage Policy limit for Facebook and WhatsApp on Hekaya Mini recharges is\n12.5 MB. 23. Once Mixes are exhausted, the customer can top up via *556*9#, dial *319#, or\nrenew the full monthly bundle. 24. Super Connect bundles offer larger data quotas if the primary Hekaya Mixat bundle\nis active/renewed at the time of Super Connect activation. 14. Glossary of Terms\n• Hekaya Mixat: The prepaid mobile bundle ecosystem from e& Egypt, featuring 6\nmonthly plans, 3 weekly Mini recharges, Extra add-ons, and exclusive Super\nConnect internet add-ons. • The Mix: The unified unit of measurement in Hekaya Mixat. 1 Mix = 1 local on-net\nminute, 2 social MBs, 1 general MB, or 0.2 off-net minutes (5 Mixes per off-net\nminute). • Favorite Number: A selected contact number allowing discounted calls charged at\n0.5 Mix/minute instead of 1 full Mix. • Hekaya Mini Recharge: Three short-term weekly micro-bundles starting from 19\nEGP, valid for 6 to 10 days, including Facebook and WhatsApp. • Exclusive Super Connect for Hekaya Mixat: Add-on internet packages offered at\nexclusive discounted prices for Hekaya Mixat users (10 tiers from 9 EGP to 520 EGP\npre-tax). • Extra: Small add-on bundles to purchase additional Mixes (tiers: 4.5, 7.5, and 15)\nvia *626#. • Fair Usage Policy (FUP): A traffic cap applied to social apps (Facebook/WhatsApp)\non lower-tier bundles (200 MB on Mixat 52 & 69; 12.5 MB on Mini recharges). • Temporary Holding System: The state a customer enters after a Mini recharge\nexpires, allowing them to renew the monthly plan or trigger another Mini recharge. • Early Renewal: A feature allowing customers to renew their plan ahead of schedule\nafter exhausting all Mixes via *807#. • USSD Code *319#: The primary account management code for Hekaya Mixat. • USSD Code *566#: The access code for Super Connect internet add-ons. • USSD Code *809#: The code for weekly plan renewals (*809*1#, *809*2#,\n*809*3#). • Coins: Reward points earned automatically with every bundle renewal, redeemable\nfor gifts and benefits. • Customers with Special Needs: An eligible customer segment entitled to a\nlifetime 50% discount on all Hekaya Mixat bundles. 15. Frequently Asked Questions (FAQ)\nWhat is Hekaya Mixat from e& Egypt? Hekaya Mixat is a prepaid mobile bundle system from e& Egypt that relies on a unified unit\n(""Mix"") rather than separate buckets for minutes and megabytes. It encompasses 6\nmonthly bundles, 3 weekly recharges, exclusive Super Connect add-ons, and Extra top-\nups. What is the conversion rate of a Mix to minutes and megabytes? In Hekaya Mixat from e& Egypt: 1 Mix = 1 minute/SMS to e& Egypt, 0.2 minutes (5 Mixes = 1\nmin) to other networks, 2 MB for social media applications (Facebook, WhatsApp,\nInstagram, etc.), or 1 MB for general web browsing. What are the key differences between the 6 monthly Hekaya Mixat bundles? The tiers scale in price and benefits: Mixat 52 (74.29 EGP incl. tax) and Mixat 69 (98.58 EGP)\nare entry plans; Mixat 92 (131.44 EGP) and Mixat 120 (171.44 EGP) add 1 family line and\nuncapped Facebook/WhatsApp; Mixat 180 (257.15 EGP) and Mixat 270 (385.72 EGP) add\nHome Internet redemption and multiple family lines. What is a Favorite Number in Hekaya Mixat? A Favorite Number is a contact chosen by the customer that costs only 0.5 Mix per minute\ninstead of 1 Mix. The number of allowed favorite contacts depends on the plan (1 on Mixat\n52 & 69, 2 on Mixat 92 & 120, and 3 on Mixat 180 & 270). Can family lines be added to all Hekaya Mixat plans? No. Family line sharing starts from Hekaya Mixat 92 (1 line), 120 (1 line), 180 (2 lines), and\n270 (3 lines). Bundles 52 and 69 do not support family lines. How does a Hekaya Mixat customer obtain Home Internet? Home Internet is available exclusively for Hekaya Mixat 180 and 270 subscribers via unit\nredemption: 5,800 Mixes for 100 GB (available on both plans) or 7,000 Mixes for 150 GB\n(available on Mixat 270 only). What is the difference between standard Super Connect and Super Connect for\nHekaya Mixat? Super Connect bundles for Hekaya Mixat are priced lower than standard Super Connect\nplans for the same data allowances (e.g., 350 MB costs 9 EGP on Hekaya Mixat vs. 10.5\nEGP on standard plans; 48,000 MB costs 520 EGP vs. 600 EGP). What happens if a customer is late in renewing the Hekaya Mixat bundle? If renewal is delayed past the due date, leftover Mixes do not roll over. Once the bundle is\ndepleted or expired, usage is billed at a flat rate of 19 piasters per minute or megabyte until\nrenewed. Are Hekaya Mixat customers eligible for the Coins program? Yes. Hekaya Mixat customers automatically earn Coins upon every monthly renewal: 104\nCoins (Mixat 52), 138 Coins (Mixat 69), 184 Coins (Mixat 92), 240 Coins (Mixat 120), 360\nCoins (Mixat 180), and 540 Coins (Mixat 270). What is the master USSD code to manage Hekaya Mixat? The master USSD management code is *319#. It allows customers to add/remove family\nmembers, check balances, transfer Mixes, switch bundles, and renew monthly plans or\nMini recharges. Is there a discount for customers with special needs?', 'Bundle: Extra 15\n11. Integration with the Coins Program in Hekaya Mixat\nUpon every bundle renewal, Hekaya Mixat subscribers automatically earn Coins credited\nto their e& Egypt rewards balance:\n• Hekaya Mixat 52 renewal: 104 Coins. • Hekaya Mixat 69 renewal: 138 Coins. • Hekaya Mixat 92 renewal: 184 Coins. • Hekaya Mixat 120 renewal: 240 Coins. • Hekaya Mixat 180 renewal: 360 Coins. • Hekaya Mixat 270 renewal: 540 Coins. 12. Important USSD Codes for Hekaya Mixat Customers\n• *319# — Master code for Hekaya Mixat (add/remove family lines, balance inquiry,\ntransfer units, switch plans, renew base plan or mini recharge). • *809# — Weekly renewal code (*809*1# for 1 week, *809*2# for 2 weeks, *809*3#\nfor 3 weeks). • *011# — Discover the best Hekaya Mixat plan, promotions, and special offers. • *556*9*RechargeCode# — Purchase Hekaya Mini recharge bundles with 12.5 and\n15 codes from Aqwa Kart scratch cards. • *304# — International calling services for Hekaya Mixat users. • *626# — Subscribe to Hekaya Mixat Extra add-ons (4.5, 7.5, 15). • *3333# — Check latest Hekaya Mixat promotions, bundle services, balance\ninquiries, and plan migrations. • *808# — Check internet usage in Hekaya Mixat. • *806# — Minute cap management services. • *566# — Subscribe to Super Connect add-on internet bundles.', 'Bundle: Extra 15\n10. Weekly Renewal in Hekaya Mixat\nHekaya Mixat allows weekly renewals instead of full monthly renewals via the *809# USSD\ncodes:\n• Renew for 1 week: Dial *809*1#. • Renew for 2 weeks: Dial *809*2#. • Renew for 3 weeks: Dial *809*3#. Weekly Consumption Limits by Bundle (Legacy Systems)\nWeekly consumption limits correspond to previous tier names in Hekaya Mixat:\n• Hekaya Mixat 35: Weekly max consumption: 120 Mixes / 240 minutes. • Hekaya Mixat 50: Weekly max consumption: 400 Mixes / 800 minutes. • Hekaya Mixat 65: Weekly max consumption: 500 Mixes / 1,000 minutes. • Hekaya Mixat 100: Weekly max consumption: 850 Mixes / 1,700 minutes. • Hekaya Mixat 150: Weekly max consumption: 1,500 Mixes / 3,000 minutes. • Hekaya Mixat 200: Weekly max consumption: 2,700 Mixes / 5,400 minutes. Note: The bundle names above (35, 50, 65, 100, 150, 200) reflect an older naming system\nand may differ from current active plans (52, 69, 92, 120, 180, 270). Fair usage rules apply\nonce limits are reached.', 'Bundle: Hekaya Mixat 52\n• Home Internet: Does not include Home Internet service. • Included Entertainment Subscriptions: VIU, Twist Music, Shahid Mobile. • Subscription Code: *319*45#.', 'Bundle: Extra 15\n13. Terms and Conditions for Hekaya Mixat\nThe following conditions apply to e& Egypt Hekaya Mixat bundles:\n1. If the customer renews on or before the due date, remaining Mixes roll over to the\nnext month.', 'Bundle: Extra 15\nYes. Customers with special needs receive a 50% lifetime discount across all e& Egypt\nHekaya Mixat bundles.', 'Bundle: Hekaya Mini Recharge 22.5\nHekaya Mini Recharge 22.5 is a micro-bundle from e& Egypt. Usable credit: 15.75 EGP. Includes 525 Mixes, valid for 7 days. • Bundle Name: Hekaya Mini Recharge 22.5 (e& Egypt). • Usable Credit Added: 15.75 EGP.', 'Bundle: Hekaya Mini Recharge 22.5\n• Mixes Count: 525 Mixes. • Facebook & WhatsApp: Included up to 12.5 MB under FUP. • Validity: 7 days. • Recharge Code: *556*9*RechargeCode#. • Renewal Code: *319#.']",The monthly fee for Hekaya Mixat 52 including tax is **74.29 EGP**[1].,1.0,0.99999861421259
How many Mixes does Hekaya Mixat 52 include?,"[""Bundle: Hekaya Mixat 52\nHekaya Mixat 52 is one of the monthly bundles from e& Egypt. Monthly fee including tax:\n74.29 EGP. It includes 1,900 Mixes and 1 favorite number (calls charged at 0.5 Mix/min). Upon renewal, the customer receives 104 Coins. Subscription code: *319*45#. • Bundle Name: Hekaya Mixat 52 (Monthly Hekaya Mixat Bundles from e& Egypt). • Monthly Fee (incl. tax): 74.29 EGP. • Mixes Count: 1,900 Mixes. • Favorite Numbers: 1 number (charged at 0.5 Mix/minute). • Coins upon Renewal: 104 Coins added to the customer's balance in the e& Egypt\nCoins program. • Facebook & WhatsApp: Included up to 200 MB under the Fair Usage Policy (FUP). • Family Lines: No additional family lines."", 'Bundle: Extra 15\n11. Integration with the Coins Program in Hekaya Mixat\nUpon every bundle renewal, Hekaya Mixat subscribers automatically earn Coins credited\nto their e& Egypt rewards balance:\n• Hekaya Mixat 52 renewal: 104 Coins. • Hekaya Mixat 69 renewal: 138 Coins. • Hekaya Mixat 92 renewal: 184 Coins. • Hekaya Mixat 120 renewal: 240 Coins. • Hekaya Mixat 180 renewal: 360 Coins. • Hekaya Mixat 270 renewal: 540 Coins. 12. Important USSD Codes for Hekaya Mixat Customers\n• *319# — Master code for Hekaya Mixat (add/remove family lines, balance inquiry,\ntransfer units, switch plans, renew base plan or mini recharge). • *809# — Weekly renewal code (*809*1# for 1 week, *809*2# for 2 weeks, *809*3#\nfor 3 weeks). • *011# — Discover the best Hekaya Mixat plan, promotions, and special offers. • *556*9*RechargeCode# — Purchase Hekaya Mini recharge bundles with 12.5 and\n15 codes from Aqwa Kart scratch cards. • *304# — International calling services for Hekaya Mixat users. • *626# — Subscribe to Hekaya Mixat Extra add-ons (4.5, 7.5, 15). • *3333# — Check latest Hekaya Mixat promotions, bundle services, balance\ninquiries, and plan migrations. • *808# — Check internet usage in Hekaya Mixat. • *806# — Minute cap management services. • *566# — Subscribe to Super Connect add-on internet bundles.', ""Bundle: Extra 15\n8. Family Lines in Hekaya Mixat\nHekaya Mixat allows sharing the base bundle with family members. Allowed additional\nlines per bundle:\n• Hekaya Mixat 52: No additional family lines allowed. • Hekaya Mixat 69: No additional family lines allowed. • Hekaya Mixat 92: 1 additional family line. • Hekaya Mixat 120: 1 additional family line. • Hekaya Mixat 180: 2 additional family lines. • Hekaya Mixat 270: 3 additional family lines. Mix Distribution to Family Lines\nWhen adding a family line, the primary line holder can allocate a fixed percentage of the\nprimary bundle's Mixes on a monthly basis:\n• 10% of the primary Hekaya Mixat bundle. • 25% of the primary Hekaya Mixat bundle. • 50% of the primary Hekaya Mixat bundle. In addition to the fixed monthly allocation, the primary line holder can transfer on-demand\nextra Mixes to any family line at any point during the month via *319# or the My e& Egypt\napp. 9. Mix Rollover and Renewals\n• Rollover to the Following Month: Unused Mixes from the current billing cycle roll\nover to the next month if the customer renews on or before the due date. If the\nrenewal is late, leftover Mixes are forfeited. • Consumption Priority: Consumption is drawn first from the current month's base\nbundle Mixes, then from rolled-over Mixes from the previous month. • Out-of-Bundle Rates: After exhausting all bundle Mixes, the customer is billed at a\nflat rate of 19 piasters per minute or megabyte until the bundle is renewed or a new\nadd-on is purchased. • Early Renewal: Customers can renew before the due date after exhausting their\nMixes via the Early Renewal service by dialing *807#."", ""Bundle: Hekaya Mixat 270\nHekaya Mixat 270 is one of the monthly bundles from e& Egypt. Monthly fee including tax:\n385.72 EGP. It includes 15,400 Mixes and 3 favorite numbers (calls charged at 0.5\nMix/min). Upon renewal, the customer receives 540 Coins. Subscription code: *319*235#. • Bundle Name: Hekaya Mixat 270 (Monthly Hekaya Mixat Bundles from e& Egypt). • Monthly Fee (incl. tax): 385.72 EGP. • Mixes Count: 15,400 Mixes. • Favorite Numbers: 3 numbers (charged at 0.5 Mix/minute). • Coins upon Renewal: 540 Coins added to the customer's balance in the e& Egypt\nCoins program. • Facebook & WhatsApp: Available throughout the bundle validity. • Family Lines: 3 additional family lines. • Home Internet: 150 GB Home Internet option available in this bundle. • Included Entertainment Subscriptions: VIU, Twist Music, Twist TV, Starzplay,\nShahid Mobile. • Subscription Code: *319*235#."", ""Bundle: Hekaya Mixat 69\nHekaya Mixat 69 is one of the monthly bundles from e& Egypt. Monthly fee including tax:\n98.58 EGP. It includes 2,800 Mixes and 1 favorite number (calls charged at 0.5 Mix/min). Upon renewal, the customer receives 138 Coins. Subscription code: *319*60#. • Bundle Name: Hekaya Mixat 69 (Monthly Hekaya Mixat Bundles from e& Egypt). • Monthly Fee (incl. tax): 98.58 EGP. • Mixes Count: 2,800 Mixes. • Favorite Numbers: 1 number (charged at 0.5 Mix/minute). • Coins upon Renewal: 138 Coins added to the customer's balance in the e& Egypt\nCoins program. • Facebook & WhatsApp: Included up to 200 MB under the Fair Usage Policy (FUP). • Family Lines: No additional family lines."", ""Bundle: Hekaya Mixat 92\nHekaya Mixat 92 is one of the monthly bundles from e& Egypt. Monthly fee including tax:\n131.44 EGP. It includes 3,750 Mixes and 2 favorite numbers (calls charged at 0.5 Mix/min). Upon renewal, the customer receives 184 Coins. Subscription code: *319*80#. • Bundle Name: Hekaya Mixat 92 (Monthly Hekaya Mixat Bundles from e& Egypt). • Monthly Fee (incl. tax): 131.44 EGP. • Mixes Count: 3,750 Mixes. • Favorite Numbers: 2 numbers (charged at 0.5 Mix/minute). • Coins upon Renewal: 184 Coins added to the customer's balance in the e& Egypt\nCoins program. • Facebook & WhatsApp: Available throughout the bundle validity."", ""Bundle: Hekaya Mixat 120\nHekaya Mixat 120 is one of the monthly bundles from e& Egypt. Monthly fee including tax:\n171.44 EGP. It includes 5,375 Mixes and 2 favorite numbers (calls charged at 0.5 Mix/min). Upon renewal, the customer receives 240 Coins. Subscription code: *319*105#. • Bundle Name: Hekaya Mixat 120 (Monthly Hekaya Mixat Bundles from e& Egypt). • Monthly Fee (incl. tax): 171.44 EGP. • Mixes Count: 5,375 Mixes. • Favorite Numbers: 2 numbers (charged at 0.5 Mix/minute). • Coins upon Renewal: 240 Coins added to the customer's balance in the e& Egypt\nCoins program. • Facebook & WhatsApp: Available throughout the bundle validity."", ""Bundle: Hekaya Mixat 180\nHekaya Mixat 180 is one of the monthly bundles from e& Egypt. Monthly fee including tax:\n257.15 EGP. It includes 9,350 Mixes and 3 favorite numbers (calls charged at 0.5 Mix/min). Upon renewal, the customer receives 360 Coins. Subscription code: *319*155#. • Bundle Name: Hekaya Mixat 180 (Monthly Hekaya Mixat Bundles from e& Egypt). • Monthly Fee (incl. tax): 257.15 EGP. • Mixes Count: 9,350 Mixes. • Favorite Numbers: 3 numbers (charged at 0.5 Mix/minute). • Coins upon Renewal: 360 Coins added to the customer's balance in the e& Egypt\nCoins program. • Facebook & WhatsApp: Available throughout the bundle validity."", 'Bundle: Hekaya Mini Recharge 19\n• Mixes Count: 400 Mixes. • Facebook & WhatsApp: Included up to 12.5 MB under FUP. • Validity: 6 days. • Recharge Code: *556*9*RechargeCode#. • Renewal Code: *319#.', 'Bundle: Hekaya Mixat 52\n• Home Internet: Does not include Home Internet service. • Included Entertainment Subscriptions: VIU, Twist Music, Shahid Mobile. • Subscription Code: *319*45#.', 'Bundle: Hekaya Mini Recharge 22.5\n• Mixes Count: 525 Mixes. • Facebook & WhatsApp: Included up to 12.5 MB under FUP. • Validity: 7 days. • Recharge Code: *556*9*RechargeCode#. • Renewal Code: *319#.', 'Bundle: Extra 15\n7. Home Internet Service in Hekaya Mixat\nCustomers subscribed to Hekaya Mixat 180 and Hekaya Mixat 270 can redeem a portion of\ntheir mobile Mixes for a Home Internet quota. Two tiers are available:\nHome Internet 100 GB Bundle\n• Required Units: 5,800 Mixes. • Internet Quota: 100 GB. • Quota Distribution: 70 GB available all day + 30 GB available from 3:00 AM to 10:00\nAM. • Eligibility: Available exclusively for Hekaya Mixat 180 and Hekaya Mixat 270\nsubscribers. Home Internet 150 GB Bundle\n• Required Units: 7,000 Mixes. • Internet Quota: 150 GB. • Quota Distribution: 120 GB available all day + 30 GB available from 3:00 AM to\n10:00 AM. • Eligibility: Available exclusively for Hekaya Mixat 270 subscribers.', 'Plan: Mini Hekaya Internet 63 (for 3 weeks) Mini Hekaya Internet 63 (for 3 weeks) is one of\nHow many call units are in every Hekaya Internet plan? All monthly Hekaya Internet\nplans from e& Egypt include 300 units for calls and SMS. A minute to e& Egypt = 1 unit, and\na minute to other networks = 5 units. What is the difference between Hekaya Internet and Hekaya Mixes from e& Egypt? Hekaya Internet from e& Egypt focuses primarily on internet (starting from 1,250 MB up to\n50,000 MB), along with 300 call units. Hekaya Mixes, on the other hand, relies on a unified\n""Mix"" unit that serves both calls and internet together, focusing more heavily on calls. How does a Hekaya Internet customer get cashback? A Hekaya Internet customer from\ne& Egypt receives cashback in their e& money wallet in two cases: First — if they have\nremaining unused MBs from the plan, the balance is converted to cashback. Second —\nwhen renewing the plan on or before its due date, and the cashback increases with\nconsecutive renewals. What are Mini Hekaya Internet plans? Mini Hekaya Internet from e& Egypt are 9 short-\nterm plans divided across 3 validities: 7 days (10.5, 15, 21 EGP), two weeks (23, 32, 41\nEGP), and 3 weeks (32, 46, 63 EGP). They include internet and call units.', 'Bundle: Hekaya Mixat 120\n• Family Lines: 1 additional family line. • Home Internet: Does not include Home Internet service. • Included Entertainment Subscriptions: VIU, Twist Music, Twist TV, Starzplay,\nShahid Mobile. • Subscription Code: *319*105#.', 'Bundle: Hekaya Mixat 92\n• Family Lines: 1 additional family line. • Home Internet: Does not include Home Internet service. • Included Entertainment Subscriptions: VIU, Twist Music, Twist TV, Shahid Mobile. • Subscription Code: *319*80#.']","The Hekaya Mixat 52 plan includes **1,900 Mixes**. The monthly fee including tax is 74.29 EGP, and it allows 1 favorite number with calls charged at 0.5 Mix/minute. Upon renewal, the customer receives 104 Coins in the e& Egypt Coins program. Subscription code: `*319*45#`[1].",1.0,0.922965148980742
What is the subscription code for Hekaya Mixat 52?,"[""Bundle: Hekaya Mixat 52\nHekaya Mixat 52 is one of the monthly bundles from e& Egypt. Monthly fee including tax:\n74.29 EGP. It includes 1,900 Mixes and 1 favorite number (calls charged at 0.5 Mix/min). Upon renewal, the customer receives 104 Coins. Subscription code: *319*45#. • Bundle Name: Hekaya Mixat 52 (Monthly Hekaya Mixat Bundles from e& Egypt). • Monthly Fee (incl. tax): 74.29 EGP. • Mixes Count: 1,900 Mixes. • Favorite Numbers: 1 number (charged at 0.5 Mix/minute). • Coins upon Renewal: 104 Coins added to the customer's balance in the e& Egypt\nCoins program. • Facebook & WhatsApp: Included up to 200 MB under the Fair Usage Policy (FUP). • Family Lines: No additional family lines."", 'Bundle: Hekaya Mixat 52\n• Home Internet: Does not include Home Internet service. • Included Entertainment Subscriptions: VIU, Twist Music, Shahid Mobile. • Subscription Code: *319*45#.', 'Bundle: Extra 15\n11. Integration with the Coins Program in Hekaya Mixat\nUpon every bundle renewal, Hekaya Mixat subscribers automatically earn Coins credited\nto their e& Egypt rewards balance:\n• Hekaya Mixat 52 renewal: 104 Coins. • Hekaya Mixat 69 renewal: 138 Coins. • Hekaya Mixat 92 renewal: 184 Coins. • Hekaya Mixat 120 renewal: 240 Coins. • Hekaya Mixat 180 renewal: 360 Coins. • Hekaya Mixat 270 renewal: 540 Coins. 12. Important USSD Codes for Hekaya Mixat Customers\n• *319# — Master code for Hekaya Mixat (add/remove family lines, balance inquiry,\ntransfer units, switch plans, renew base plan or mini recharge). • *809# — Weekly renewal code (*809*1# for 1 week, *809*2# for 2 weeks, *809*3#\nfor 3 weeks). • *011# — Discover the best Hekaya Mixat plan, promotions, and special offers. • *556*9*RechargeCode# — Purchase Hekaya Mini recharge bundles with 12.5 and\n15 codes from Aqwa Kart scratch cards. • *304# — International calling services for Hekaya Mixat users. • *626# — Subscribe to Hekaya Mixat Extra add-ons (4.5, 7.5, 15). • *3333# — Check latest Hekaya Mixat promotions, bundle services, balance\ninquiries, and plan migrations. • *808# — Check internet usage in Hekaya Mixat. • *806# — Minute cap management services. • *566# — Subscribe to Super Connect add-on internet bundles.', 'Bundle: Hekaya Mixat 92\n• Family Lines: 1 additional family line. • Home Internet: Does not include Home Internet service. • Included Entertainment Subscriptions: VIU, Twist Music, Twist TV, Shahid Mobile. • Subscription Code: *319*80#.', 'Bundle: Hekaya Mixat 120\n• Family Lines: 1 additional family line. • Home Internet: Does not include Home Internet service. • Included Entertainment Subscriptions: VIU, Twist Music, Twist TV, Starzplay,\nShahid Mobile. • Subscription Code: *319*105#.', ""Bundle: Hekaya Mixat 270\nHekaya Mixat 270 is one of the monthly bundles from e& Egypt. Monthly fee including tax:\n385.72 EGP. It includes 15,400 Mixes and 3 favorite numbers (calls charged at 0.5\nMix/min). Upon renewal, the customer receives 540 Coins. Subscription code: *319*235#. • Bundle Name: Hekaya Mixat 270 (Monthly Hekaya Mixat Bundles from e& Egypt). • Monthly Fee (incl. tax): 385.72 EGP. • Mixes Count: 15,400 Mixes. • Favorite Numbers: 3 numbers (charged at 0.5 Mix/minute). • Coins upon Renewal: 540 Coins added to the customer's balance in the e& Egypt\nCoins program. • Facebook & WhatsApp: Available throughout the bundle validity. • Family Lines: 3 additional family lines. • Home Internet: 150 GB Home Internet option available in this bundle. • Included Entertainment Subscriptions: VIU, Twist Music, Twist TV, Starzplay,\nShahid Mobile. • Subscription Code: *319*235#."", ""Bundle: Hekaya Mixat 180\nHekaya Mixat 180 is one of the monthly bundles from e& Egypt. Monthly fee including tax:\n257.15 EGP. It includes 9,350 Mixes and 3 favorite numbers (calls charged at 0.5 Mix/min). Upon renewal, the customer receives 360 Coins. Subscription code: *319*155#. • Bundle Name: Hekaya Mixat 180 (Monthly Hekaya Mixat Bundles from e& Egypt). • Monthly Fee (incl. tax): 257.15 EGP. • Mixes Count: 9,350 Mixes. • Favorite Numbers: 3 numbers (charged at 0.5 Mix/minute). • Coins upon Renewal: 360 Coins added to the customer's balance in the e& Egypt\nCoins program. • Facebook & WhatsApp: Available throughout the bundle validity."", ""Bundle: Hekaya Mixat 120\nHekaya Mixat 120 is one of the monthly bundles from e& Egypt. Monthly fee including tax:\n171.44 EGP. It includes 5,375 Mixes and 2 favorite numbers (calls charged at 0.5 Mix/min). Upon renewal, the customer receives 240 Coins. Subscription code: *319*105#. • Bundle Name: Hekaya Mixat 120 (Monthly Hekaya Mixat Bundles from e& Egypt). • Monthly Fee (incl. tax): 171.44 EGP. • Mixes Count: 5,375 Mixes. • Favorite Numbers: 2 numbers (charged at 0.5 Mix/minute). • Coins upon Renewal: 240 Coins added to the customer's balance in the e& Egypt\nCoins program. • Facebook & WhatsApp: Available throughout the bundle validity."", ""Bundle: Hekaya Mixat 92\nHekaya Mixat 92 is one of the monthly bundles from e& Egypt. Monthly fee including tax:\n131.44 EGP. It includes 3,750 Mixes and 2 favorite numbers (calls charged at 0.5 Mix/min). Upon renewal, the customer receives 184 Coins. Subscription code: *319*80#. • Bundle Name: Hekaya Mixat 92 (Monthly Hekaya Mixat Bundles from e& Egypt). • Monthly Fee (incl. tax): 131.44 EGP. • Mixes Count: 3,750 Mixes. • Favorite Numbers: 2 numbers (charged at 0.5 Mix/minute). • Coins upon Renewal: 184 Coins added to the customer's balance in the e& Egypt\nCoins program. • Facebook & WhatsApp: Available throughout the bundle validity."", ""Bundle: Hekaya Mixat 69\nHekaya Mixat 69 is one of the monthly bundles from e& Egypt. Monthly fee including tax:\n98.58 EGP. It includes 2,800 Mixes and 1 favorite number (calls charged at 0.5 Mix/min). Upon renewal, the customer receives 138 Coins. Subscription code: *319*60#. • Bundle Name: Hekaya Mixat 69 (Monthly Hekaya Mixat Bundles from e& Egypt). • Monthly Fee (incl. tax): 98.58 EGP. • Mixes Count: 2,800 Mixes. • Favorite Numbers: 1 number (charged at 0.5 Mix/minute). • Coins upon Renewal: 138 Coins added to the customer's balance in the e& Egypt\nCoins program. • Facebook & WhatsApp: Included up to 200 MB under the Fair Usage Policy (FUP). • Family Lines: No additional family lines."", 'Bundle: Super Connect 32 (Exclusive for Hekaya Mixat)\n• Validity: 28 days (independent of the main Hekaya Mixat validity). • Subscription: Via *566# or the My e& Egypt app.', 'Bundle: Super Connect 260 (Exclusive for Hekaya Mixat)\n• Validity: 28 days (independent of the main Hekaya Mixat validity). • Subscription: Via *566# or the My e& Egypt app.', 'Bundle: Super Connect 390 (Exclusive for Hekaya Mixat)\n• Validity: 28 days (independent of the main Hekaya Mixat validity). • Subscription: Via *566# or the My e& Egypt app.', 'Bundle: Super Connect 165 (Exclusive for Hekaya Mixat)\n• Validity: 28 days (independent of the main Hekaya Mixat validity). • Subscription: Via *566# or the My e& Egypt app.', 'Bundle: Super Connect 50 (Exclusive for Hekaya Mixat)\n• Validity: 28 days (independent of the main Hekaya Mixat validity). • Subscription: Via *566# or the My e& Egypt app.']",The subscription code for the Hekaya Mixat 52 plan is `*319*45#`[1][2].,1.0,0.9861817828812002
Does Hekaya Mixat 52 include family lines?,"[""Bundle: Extra 15\n8. Family Lines in Hekaya Mixat\nHekaya Mixat allows sharing the base bundle with family members. Allowed additional\nlines per bundle:\n• Hekaya Mixat 52: No additional family lines allowed. • Hekaya Mixat 69: No additional family lines allowed. • Hekaya Mixat 92: 1 additional family line. • Hekaya Mixat 120: 1 additional family line. • Hekaya Mixat 180: 2 additional family lines. • Hekaya Mixat 270: 3 additional family lines. Mix Distribution to Family Lines\nWhen adding a family line, the primary line holder can allocate a fixed percentage of the\nprimary bundle's Mixes on a monthly basis:\n• 10% of the primary Hekaya Mixat bundle. • 25% of the primary Hekaya Mixat bundle. • 50% of the primary Hekaya Mixat bundle. In addition to the fixed monthly allocation, the primary line holder can transfer on-demand\nextra Mixes to any family line at any point during the month via *319# or the My e& Egypt\napp. 9. Mix Rollover and Renewals\n• Rollover to the Following Month: Unused Mixes from the current billing cycle roll\nover to the next month if the customer renews on or before the due date. If the\nrenewal is late, leftover Mixes are forfeited. • Consumption Priority: Consumption is drawn first from the current month's base\nbundle Mixes, then from rolled-over Mixes from the previous month. • Out-of-Bundle Rates: After exhausting all bundle Mixes, the customer is billed at a\nflat rate of 19 piasters per minute or megabyte until the bundle is renewed or a new\nadd-on is purchased. • Early Renewal: Customers can renew before the due date after exhausting their\nMixes via the Early Renewal service by dialing *807#."", ""Bundle: Hekaya Mixat 52\nHekaya Mixat 52 is one of the monthly bundles from e& Egypt. Monthly fee including tax:\n74.29 EGP. It includes 1,900 Mixes and 1 favorite number (calls charged at 0.5 Mix/min). Upon renewal, the customer receives 104 Coins. Subscription code: *319*45#. • Bundle Name: Hekaya Mixat 52 (Monthly Hekaya Mixat Bundles from e& Egypt). • Monthly Fee (incl. tax): 74.29 EGP. • Mixes Count: 1,900 Mixes. • Favorite Numbers: 1 number (charged at 0.5 Mix/minute). • Coins upon Renewal: 104 Coins added to the customer's balance in the e& Egypt\nCoins program. • Facebook & WhatsApp: Included up to 200 MB under the Fair Usage Policy (FUP). • Family Lines: No additional family lines."", 'Bundle: Hekaya Mixat 92\n• Family Lines: 1 additional family line. • Home Internet: Does not include Home Internet service. • Included Entertainment Subscriptions: VIU, Twist Music, Twist TV, Shahid Mobile. • Subscription Code: *319*80#.', 'Bundle: Hekaya Mixat 120\n• Family Lines: 1 additional family line. • Home Internet: Does not include Home Internet service. • Included Entertainment Subscriptions: VIU, Twist Music, Twist TV, Starzplay,\nShahid Mobile. • Subscription Code: *319*105#.', 'Bundle: Hekaya Mixat 180\n• Family Lines: 2 additional family lines. • Home Internet: 100 GB Home Internet option available in this bundle. • Included Entertainment Subscriptions: VIU, Twist Music, Twist TV, Starzplay,\nShahid Mobile. • Subscription Code: *319*155#.', ""Bundle: Hekaya Mixat 69\nHekaya Mixat 69 is one of the monthly bundles from e& Egypt. Monthly fee including tax:\n98.58 EGP. It includes 2,800 Mixes and 1 favorite number (calls charged at 0.5 Mix/min). Upon renewal, the customer receives 138 Coins. Subscription code: *319*60#. • Bundle Name: Hekaya Mixat 69 (Monthly Hekaya Mixat Bundles from e& Egypt). • Monthly Fee (incl. tax): 98.58 EGP. • Mixes Count: 2,800 Mixes. • Favorite Numbers: 1 number (charged at 0.5 Mix/minute). • Coins upon Renewal: 138 Coins added to the customer's balance in the e& Egypt\nCoins program. • Facebook & WhatsApp: Included up to 200 MB under the Fair Usage Policy (FUP). • Family Lines: No additional family lines."", ""Bundle: Hekaya Mixat 92\nHekaya Mixat 92 is one of the monthly bundles from e& Egypt. Monthly fee including tax:\n131.44 EGP. It includes 3,750 Mixes and 2 favorite numbers (calls charged at 0.5 Mix/min). Upon renewal, the customer receives 184 Coins. Subscription code: *319*80#. • Bundle Name: Hekaya Mixat 92 (Monthly Hekaya Mixat Bundles from e& Egypt). • Monthly Fee (incl. tax): 131.44 EGP. • Mixes Count: 3,750 Mixes. • Favorite Numbers: 2 numbers (charged at 0.5 Mix/minute). • Coins upon Renewal: 184 Coins added to the customer's balance in the e& Egypt\nCoins program. • Facebook & WhatsApp: Available throughout the bundle validity."", 'Plan: Mini Hekaya Internet 63 (for 3 weeks) Mini Hekaya Internet 63 (for 3 weeks) is one of\nHow many call units are in every Hekaya Internet plan? All monthly Hekaya Internet\nplans from e& Egypt include 300 units for calls and SMS. A minute to e& Egypt = 1 unit, and\na minute to other networks = 5 units. What is the difference between Hekaya Internet and Hekaya Mixes from e& Egypt? Hekaya Internet from e& Egypt focuses primarily on internet (starting from 1,250 MB up to\n50,000 MB), along with 300 call units. Hekaya Mixes, on the other hand, relies on a unified\n""Mix"" unit that serves both calls and internet together, focusing more heavily on calls. How does a Hekaya Internet customer get cashback? A Hekaya Internet customer from\ne& Egypt receives cashback in their e& money wallet in two cases: First — if they have\nremaining unused MBs from the plan, the balance is converted to cashback. Second —\nwhen renewing the plan on or before its due date, and the cashback increases with\nconsecutive renewals. What are Mini Hekaya Internet plans? Mini Hekaya Internet from e& Egypt are 9 short-\nterm plans divided across 3 validities: 7 days (10.5, 15, 21 EGP), two weeks (23, 32, 41\nEGP), and 3 weeks (32, 46, 63 EGP). They include internet and call units.', ""Aqwa Card 75 does not include a Hekaya Mini recharge.\nAhlan Pay As You Go Plan from e& Egypt\nAhlan Pay As You Go is a collection of 3 prepaid tariff plans on e& Egypt based on pay-per-\nuse rather than purchasing bundles. No Mixes or megabytes are included; each minute or\nSMS is billed individually according to the plan's rate."", 'Bundle: Extra 15\nYes. Customers with special needs receive a 50% lifetime discount across all e& Egypt\nHekaya Mixat bundles.', 'Aqwa Card 44 does not include a Hekaya Mini recharge.\nValidity of Aqwa Card 44: 14 days. Subscription code for Aqwa Card 44: *811# for Aqwa Card customers from e& Egypt.', 'Aqwa Card 45 does not include a Hekaya Mini recharge.\nValidity of Aqwa Card 45: 28 days. Subscription code for Aqwa Card 45: *811# for Aqwa Card customers from e& Egypt.', ""Emerald 1120, Emerald 1725, and Emerald 3450.\n• Family Line: An additional line added under the main Emerald package owner's\naccount. Family lines share the account's package and enjoy 10,000 free internal\nminutes among family members. • Intra Minutes: Call minutes between lines sharing the same Emerald account. All\nEmerald packages include 10,000 minutes per month of this type. • eHome DSL and eHome Wireless: e& Egypt's home internet products. Emerald\npackages include a discount on one of them (discounts cannot be combined). • Emerald Points: Loyalty points associated with Emerald packages, accumulating\nmonthly to be redeemed in e& Egypt's MORE rewards program. • Entertainment E-Coins: A balance separate from loyalty points, dedicated to\nchoosing streaming entertainment services like Twist, TOD, VIU, Shahid, Starzplay,\nand Amazon Prime. • GTO: The specialized hotel booking partner offering exclusive discounts to Emerald\ncustomers of up to 30% off the lowest available online rates. • ADIB: The acronym used for Abu Dhabi Islamic Bank–Egypt, the issuer of the co-\nbranded card with e& Egypt, which grants Emerald customers access to\ninternational airport lounges. • MORE Program: The general rewards program from e& Egypt."", 'Aqwa Card 5 does not include a Hekaya Mini recharge.\nValidity of Aqwa Card 5: 2 days. Subscription code for Aqwa Card 5: *811# for Aqwa Card customers from e& Egypt.', 'Plan: Hekaya Internet 46 Hekaya Internet 46 is one of the monthly Hekaya Internet plans\n• Basic Entertainment Services in Hekaya Internet 46: Twist Sport, Twist Music,\nTwist TV, and Shahid Mobile. • Additional Entertainment Subscriptions in Hekaya Internet 46: VIU (auto-renews\nwith every renewal, must be activated the first time).']","No, the Hekaya Mixat 52 plan does not include any additional family lines. It allows only the primary line without any family line additions[2].",1.0,0.9752517439884624
What entertainment subscriptions come with Hekaya Mixat 52?,"['Bundle: Hekaya Mixat 52\n• Home Internet: Does not include Home Internet service. • Included Entertainment Subscriptions: VIU, Twist Music, Shahid Mobile. • Subscription Code: *319*45#.', 'Bundle: Hekaya Mixat 180\n• Family Lines: 2 additional family lines. • Home Internet: 100 GB Home Internet option available in this bundle. • Included Entertainment Subscriptions: VIU, Twist Music, Twist TV, Starzplay,\nShahid Mobile. • Subscription Code: *319*155#.', 'Bundle: Hekaya Mixat 120\n• Family Lines: 1 additional family line. • Home Internet: Does not include Home Internet service. • Included Entertainment Subscriptions: VIU, Twist Music, Twist TV, Starzplay,\nShahid Mobile. • Subscription Code: *319*105#.', 'Bundle: Hekaya Mixat 69\n• Home Internet: Does not include Home Internet service. • Included Entertainment Subscriptions: VIU, Twist Music, Shahid Mobile. • Subscription Code: *319*60#.', 'Bundle: Hekaya Mixat 92\n• Family Lines: 1 additional family line. • Home Internet: Does not include Home Internet service. • Included Entertainment Subscriptions: VIU, Twist Music, Twist TV, Shahid Mobile. • Subscription Code: *319*80#.', 'Plan: Hekaya Internet 46 Hekaya Internet 46 is one of the monthly Hekaya Internet plans\n• Basic Entertainment Services in Hekaya Internet 46: Twist Sport, Twist Music,\nTwist TV, and Shahid Mobile. • Additional Entertainment Subscriptions in Hekaya Internet 46: VIU (auto-renews\nwith every renewal, must be activated the first time).', ""Bundle: Hekaya Mixat 52\nHekaya Mixat 52 is one of the monthly bundles from e& Egypt. Monthly fee including tax:\n74.29 EGP. It includes 1,900 Mixes and 1 favorite number (calls charged at 0.5 Mix/min). Upon renewal, the customer receives 104 Coins. Subscription code: *319*45#. • Bundle Name: Hekaya Mixat 52 (Monthly Hekaya Mixat Bundles from e& Egypt). • Monthly Fee (incl. tax): 74.29 EGP. • Mixes Count: 1,900 Mixes. • Favorite Numbers: 1 number (charged at 0.5 Mix/minute). • Coins upon Renewal: 104 Coins added to the customer's balance in the e& Egypt\nCoins program. • Facebook & WhatsApp: Included up to 200 MB under the Fair Usage Policy (FUP). • Family Lines: No additional family lines."", 'Plan: Hekaya Internet 58 Hekaya Internet 58 is one of the monthly Hekaya Internet plans\n• Basic Entertainment Services in Hekaya Internet 58: Twist Sport, Twist Music,\nTwist TV, and Shahid Mobile. • Additional Entertainment Subscriptions in Hekaya Internet 58: VIU (auto-renews\nwith every renewal, must be activated the first time).', 'Plan: Hekaya Internet 345 Hekaya Internet 345 is one of the monthly Hekaya Internet\n• Basic Entertainment Services in Hekaya Internet 345: Twist Sport, Twist Music,\nTwist TV, Starzplay, and Shahid VIP. • Additional Entertainment Subscriptions in Hekaya Internet 345: VIU (auto-\nrenews with every renewal, must be activated the first time).', 'Plan: Hekaya Internet 205 Hekaya Internet 205 is one of the monthly Hekaya Internet\n• Basic Entertainment Services in Hekaya Internet 205: Twist Sport, Twist Music,\nTwist TV, Starzplay, and Shahid Mobile. • Additional Entertainment Subscriptions in Hekaya Internet 205: VIU (auto-\nrenews with every renewal, must be activated the first time).', 'Plan: Hekaya Internet 165 Hekaya Internet 165 is one of the monthly Hekaya Internet\n• Basic Entertainment Services in Hekaya Internet 165: Twist Sport, Twist Music,\nTwist TV, Starzplay, and Shahid Mobile. • Additional Entertainment Subscriptions in Hekaya Internet 165: VIU (auto-\nrenews with every renewal, must be activated the first time).', 'Bundle: Super Connect 50 (Exclusive for Hekaya Mixat)\n• Validity: 28 days (independent of the main Hekaya Mixat validity). • Subscription: Via *566# or the My e& Egypt app.', 'Plan: Hekaya Internet 270 Hekaya Internet 270 is one of the monthly Hekaya Internet\n• Additional Entertainment Subscriptions in Hekaya Internet 270: VIU (auto-\nrenews with every renewal, must be activated the first time).', 'Plan: Hekaya Internet 480 Hekaya Internet 480 is one of the monthly Hekaya Internet\n• Additional Entertainment Subscriptions in Hekaya Internet 480: VIU, and TOD\n(auto-renews with every renewal, must be activated the first time).', 'Bundle: Super Connect 105 (Exclusive for Hekaya Mixat)\n• Validity: 28 days (independent of the main Hekaya Mixat validity). • Subscription: Via *566# or the My e& Egypt app.']","The Hekaya Mixat 52 plan includes the following entertainment subscriptions:

- VIU
- Twist Music
- Shahid Mobile

You can subscribe to this plan using the code `*319*45#`[1].",1.0,0.9802018515899948
How much does an Aqwa Card 19 recharge cost and what does it include?,"['Aqwa Card 19 is one of the Aqwa Card recharges from e& Egypt priced at 19 EGP. It\nprovides the customer with 425 Mixes, megabytes, or minutes to all networks, in addition\nto 300 minutes for video, entertainment, or social websites, plus an embedded Hekaya\nMini recharge worth 400 Mixes + Facebook and WhatsApp, and is valid for 6 days. Subscription is via the code *811#.', 'Aqwa Card 19 is one of the Aqwa Card recharges from e& Egypt priced at 19 EGP. It\nRecharge Name: Aqwa Card 19 within the Aqwa Card recharges from e& Egypt. Price of Aqwa Card 19: 19 EGP. Core content of Aqwa Card 19: 425 Mixes, megabytes, or minutes to all networks. Video, entertainment, or social minutes in Aqwa Card 19: 300 minutes. Hekaya Mini recharge included in Aqwa Card 19: 400 Mixes + Facebook and WhatsApp. Validity of Aqwa Card 19: 6 days. Subscription code for Aqwa Card 19: *811# for Aqwa Card customers from e& Egypt.', 'Aqwa Card 22.5 is one of the Aqwa Card recharges from e& Egypt priced at 22.5 EGP. It\nRecharge Name: Aqwa Card 22.5 within the Aqwa Card recharges from e& Egypt. Price of Aqwa Card 22.5: 22.5 EGP. Core content of Aqwa Card 22.5: 550 Mixes, megabytes, or minutes to all networks. Video, entertainment, or social minutes in Aqwa Card 22.5: 320 minutes. Hekaya Mini recharge included in Aqwa Card 22.5: 525 Mixes + Facebook and WhatsApp. Validity of Aqwa Card 22.5: 7 days. Subscription code for Aqwa Card 22.5: *811# for Aqwa Card customers from e& Egypt.', 'Aqwa Card 22.5 is one of the Aqwa Card recharges from e& Egypt priced at 22.5 EGP. It\nprovides the customer with 550 Mixes, megabytes, or minutes to all networks, in addition\nto 320 minutes for video, entertainment, or social websites, plus an embedded Hekaya\nMini recharge worth 525 Mixes + Facebook and WhatsApp, and is valid for 7 days. Subscription is via the code *811#.', 'Aqwa Card 30 is one of the Aqwa Card recharges from e& Egypt priced at 30 EGP. It\nprovides the customer with 750 Mixes, megabytes, or minutes to all networks, in addition\nto 400 minutes for video, entertainment, or social websites, plus an embedded Hekaya\nMini recharge worth 700 Mixes + Facebook and WhatsApp, and is valid for 10 days. Subscription is via the code *811#.', 'Aqwa Card 15 is one of the Aqwa Card recharges from e& Egypt priced at 15 EGP. It\nprovides the customer with 300 Mixes, megabytes, or minutes to all networks, in addition\nto 210 minutes for video, entertainment, or social websites, and is valid for 2 days. Subscription is via the code *811#.', 'Aqwa Card 30 is one of the Aqwa Card recharges from e& Egypt priced at 30 EGP. It\nRecharge Name: Aqwa Card 30 within the Aqwa Card recharges from e& Egypt. Price of Aqwa Card 30: 30 EGP. Core content of Aqwa Card 30: 750 Mixes, megabytes, or minutes to all networks. Video, entertainment, or social minutes in Aqwa Card 30: 400 minutes. Hekaya Mini recharge included in Aqwa Card 30: 700 Mixes + Facebook and WhatsApp. Validity of Aqwa Card 30: 10 days. Subscription code for Aqwa Card 30: *811# for Aqwa Card customers from e& Egypt.', 'Aqwa Card 75 is one of the Aqwa Card recharges from e& Egypt priced at 75 EGP. It\nSubscription is via the code *811#. Recharge Name: Aqwa Card 75 within the Aqwa Card recharges from e& Egypt. Price of Aqwa Card 75: 75 EGP. Core content of Aqwa Card 75: 1,300 Mixes or minutes to all networks. No extra minutes for video, entertainment, or social apps are included in Aqwa Card 75.', 'Aqwa Card 75 is one of the Aqwa Card recharges from e& Egypt priced at 75 EGP. It\nprovides the customer with 1,300 Mixes or minutes to all networks and is valid for 28 days.', 'Aqwa Card 44 is one of the Aqwa Card recharges from e& Egypt priced at 44 EGP. It\nprovides the customer with 1,100 Mixes or minutes to all networks and is valid for 14 days.', 'Aqwa Card 44 is one of the Aqwa Card recharges from e& Egypt priced at 44 EGP. It\nSubscription is via the code *811#. Recharge Name: Aqwa Card 44 within the Aqwa Card recharges from e& Egypt. Price of Aqwa Card 44: 44 EGP. Core content of Aqwa Card 44: 1,100 Mixes or minutes to all networks. No extra minutes for video, entertainment, or social apps are included in Aqwa Card 44.', 'Aqwa Card 45 is one of the Aqwa Card recharges from e& Egypt priced at 45 EGP. It\nprovides the customer with 700 Mixes or minutes to all networks and is valid for 28 days.', 'Aqwa Card 45 is one of the Aqwa Card recharges from e& Egypt priced at 45 EGP. It\nSubscription is via the code *811#. Recharge Name: Aqwa Card 45 within the Aqwa Card recharges from e& Egypt. Price of Aqwa Card 45: 45 EGP. Core content of Aqwa Card 45: 700 Mixes or minutes to all networks. No extra minutes for video, entertainment, or social apps are included in Aqwa Card 45.', 'Aqwa Card 5 is one of the Aqwa Card recharges from e& Egypt priced at 5 EGP. It provides\nSubscription is via the code *811#. Recharge Name: Aqwa Card 5 within the Aqwa Card recharges from e& Egypt. Price of Aqwa Card 5: 5 EGP. Core content of Aqwa Card 5: 80 Mixes. No extra minutes for video, entertainment, or social apps are included in Aqwa Card 5.', 'Aqwa Card 5 is one of the Aqwa Card recharges from e& Egypt priced at 5 EGP. It provides\nthe customer with 80 Mixes and is valid for 2 days.']","The Aqwa Card 19 recharge costs **19 EGP**. It includes:

- 425 Mixes, megabytes, or minutes to all networks
- 300 minutes for video, entertainment, or social websites
- An embedded Hekaya Mini recharge worth 400 Mixes plus Facebook and WhatsApp access
- Validity period of 6 days

You can subscribe to it using the code `*811#`[1][2].",1.0,0.9859436978400706
What is the validity of Aqwa Card 5?,"['Aqwa Card 5 does not include a Hekaya Mini recharge.\nValidity of Aqwa Card 5: 2 days. Subscription code for Aqwa Card 5: *811# for Aqwa Card customers from e& Egypt.', 'Aqwa Card 5 is one of the Aqwa Card recharges from e& Egypt priced at 5 EGP. It provides\nthe customer with 80 Mixes and is valid for 2 days.', 'Aqwa Card 22.5 is one of the Aqwa Card recharges from e& Egypt priced at 22.5 EGP. It\nRecharge Name: Aqwa Card 22.5 within the Aqwa Card recharges from e& Egypt. Price of Aqwa Card 22.5: 22.5 EGP. Core content of Aqwa Card 22.5: 550 Mixes, megabytes, or minutes to all networks. Video, entertainment, or social minutes in Aqwa Card 22.5: 320 minutes. Hekaya Mini recharge included in Aqwa Card 22.5: 525 Mixes + Facebook and WhatsApp. Validity of Aqwa Card 22.5: 7 days. Subscription code for Aqwa Card 22.5: *811# for Aqwa Card customers from e& Egypt.', 'Aqwa Card 22.5 is one of the Aqwa Card recharges from e& Egypt priced at 22.5 EGP. It\nprovides the customer with 550 Mixes, megabytes, or minutes to all networks, in addition\nto 320 minutes for video, entertainment, or social websites, plus an embedded Hekaya\nMini recharge worth 525 Mixes + Facebook and WhatsApp, and is valid for 7 days. Subscription is via the code *811#.', 'Aqwa Card 5 is one of the Aqwa Card recharges from e& Egypt priced at 5 EGP. It provides\nSubscription is via the code *811#. Recharge Name: Aqwa Card 5 within the Aqwa Card recharges from e& Egypt. Price of Aqwa Card 5: 5 EGP. Core content of Aqwa Card 5: 80 Mixes. No extra minutes for video, entertainment, or social apps are included in Aqwa Card 5.', 'Aqwa Card 44 does not include a Hekaya Mini recharge.\nValidity of Aqwa Card 44: 14 days. Subscription code for Aqwa Card 44: *811# for Aqwa Card customers from e& Egypt.', 'Aqwa Card 45 does not include a Hekaya Mini recharge.\nValidity of Aqwa Card 45: 28 days. Subscription code for Aqwa Card 45: *811# for Aqwa Card customers from e& Egypt.', 'Aqwa Card 15 does not include a Hekaya Mini recharge.\nValidity of Aqwa Card 15: 2 days. Subscription code for Aqwa Card 15: *811# for Aqwa Card customers from e& Egypt.', 'Aqwa Card 75 is one of the Aqwa Card recharges from e& Egypt priced at 75 EGP. It\nprovides the customer with 1,300 Mixes or minutes to all networks and is valid for 28 days.', 'Aqwa Card 45 is one of the Aqwa Card recharges from e& Egypt priced at 45 EGP. It\nprovides the customer with 700 Mixes or minutes to all networks and is valid for 28 days.', 'Aqwa Card 44 is one of the Aqwa Card recharges from e& Egypt priced at 44 EGP. It\nprovides the customer with 1,100 Mixes or minutes to all networks and is valid for 14 days.', 'Aqwa Card 15 is one of the Aqwa Card recharges from e& Egypt priced at 15 EGP. It\nprovides the customer with 300 Mixes, megabytes, or minutes to all networks, in addition\nto 210 minutes for video, entertainment, or social websites, and is valid for 2 days. Subscription is via the code *811#.', 'Aqwa Card 75 does not include a Hekaya Mini recharge.\nValidity of Aqwa Card 75: 28 days. Subscription code for Aqwa Card 75: *811# for Aqwa Card customers from e& Egypt. Applications and Websites Covered in Aqwa Card Bundles\nAqwa Card applications from e& Egypt are divided into 3 categories: Entertainment, Social,\nand Video. Each application within its category is charged according to the bundle\nsettings. Entertainment Websites Category in Aqwa Card\nThe applications and websites falling under the Entertainment category in Aqwa Card\nbundles from e& Egypt are:\nShahid within the Entertainment category in Aqwa Card bundles from e& Egypt. Watchit within the Entertainment category in Aqwa Card bundles from e& Egypt. Netflix within the Entertainment category in Aqwa Card bundles from e& Egypt. Facebook within the Entertainment category in Aqwa Card bundles from e& Egypt. Instagram within the Entertainment category in Aqwa Card bundles from e& Egypt. TikTok within the Entertainment category in Aqwa Card bundles from e& Egypt. Anghami within the Entertainment category in Aqwa Card bundles from e& Egypt. SoundCloud within the Entertainment category in Aqwa Card bundles from e& Egypt. PUBG within the Entertainment category in Aqwa Card bundles from e& Egypt. Google Maps within the Entertainment category in Aqwa Card bundles from e& Egypt. Twist Music within the Entertainment category in Aqwa Card bundles from e& Egypt. Twist Sports within the Entertainment category in Aqwa Card bundles from e& Egypt. Twist Games within the Entertainment category in Aqwa Card bundles from e& Egypt. Social Websites Category in Aqwa Card\nThe applications and websites falling under the Social category in Aqwa Card bundles from\ne& Egypt are:\nFacebook within the Social category in Aqwa Card bundles from e& Egypt. TikTok within the Social category in Aqwa Card bundles from e& Egypt. Instagram within the Social category in Aqwa Card bundles from e& Egypt. X (formerly Twitter) within the Social category in Aqwa Card bundles from e& Egypt. Snapchat within the Social category in Aqwa Card bundles from e& Egypt. Messenger within the Social category in Aqwa Card bundles from e& Egypt. Video Websites Category in Aqwa Card\nThe applications and websites falling under the Video category in Aqwa Card bundles from\ne& Egypt are:\nYouTube within the Video category in Aqwa Card bundles from e& Egypt. Shahid within the Video category in Aqwa Card bundles from e& Egypt. Netflix within the Video category in Aqwa Card bundles from e& Egypt. VIU within the Video category in Aqwa Card bundles from e& Egypt. Telegram within the Video category in Aqwa Card bundles from e& Egypt. Starzplay within the Video category in Aqwa Card bundles from e& Egypt. TOD within the Video category in Aqwa Card bundles from e& Egypt. Terms and Conditions of Aqwa Card Recharges\nIn Aqwa Card recharges from e& Egypt, a minute to other networks is charged as 5 minutes\nor 5 Mixes from the bundle. Applications categorized as Entertainment websites in Aqwa Card from e& Egypt are:\nShahid, Watchit, Netflix, Facebook, Instagram, TikTok, Anghami, SoundCloud, PUBG,\nGoogle Maps, Twist Music, Twist Sports, Twist Games.', 'Aqwa Card 19 is one of the Aqwa Card recharges from e& Egypt priced at 19 EGP. It\nRecharge Name: Aqwa Card 19 within the Aqwa Card recharges from e& Egypt. Price of Aqwa Card 19: 19 EGP. Core content of Aqwa Card 19: 425 Mixes, megabytes, or minutes to all networks. Video, entertainment, or social minutes in Aqwa Card 19: 300 minutes. Hekaya Mini recharge included in Aqwa Card 19: 400 Mixes + Facebook and WhatsApp. Validity of Aqwa Card 19: 6 days. Subscription code for Aqwa Card 19: *811# for Aqwa Card customers from e& Egypt.', 'Aqwa Card 30 is one of the Aqwa Card recharges from e& Egypt priced at 30 EGP. It\nRecharge Name: Aqwa Card 30 within the Aqwa Card recharges from e& Egypt. Price of Aqwa Card 30: 30 EGP. Core content of Aqwa Card 30: 750 Mixes, megabytes, or minutes to all networks. Video, entertainment, or social minutes in Aqwa Card 30: 400 minutes. Hekaya Mini recharge included in Aqwa Card 30: 700 Mixes + Facebook and WhatsApp. Validity of Aqwa Card 30: 10 days. Subscription code for Aqwa Card 30: *811# for Aqwa Card customers from e& Egypt.']",The validity of Aqwa Card 5 is **2 days**. You can subscribe to it using the code `*811#` if you are an Aqwa Card customer from e& Egypt[2][5].,1.0,0.9486525600342364
Does Aqwa Card 5 include a Hekaya Mini recharge?,"['Aqwa Card 5 does not include a Hekaya Mini recharge.\nValidity of Aqwa Card 5: 2 days. Subscription code for Aqwa Card 5: *811# for Aqwa Card customers from e& Egypt.', 'Aqwa Card 75 does not include a Hekaya Mini recharge.\nApplications categorized as Social websites in Aqwa Card from e& Egypt are: Facebook,\nTikTok, Instagram, X (Twitter), Snapchat, Messenger. Applications categorized as Video websites in Aqwa Card from e& Egypt are: YouTube,\nShahid, Netflix, VIU, Telegram, Starzplay, and TOD. 3.', ""Aqwa Card 75 does not include a Hekaya Mini recharge.\nAhlan Pay As You Go Plan from e& Egypt\nAhlan Pay As You Go is a collection of 3 prepaid tariff plans on e& Egypt based on pay-per-\nuse rather than purchasing bundles. No Mixes or megabytes are included; each minute or\nSMS is billed individually according to the plan's rate."", 'Aqwa Card 44 does not include a Hekaya Mini recharge.\nValidity of Aqwa Card 44: 14 days. Subscription code for Aqwa Card 44: *811# for Aqwa Card customers from e& Egypt.', 'Aqwa Card 15 does not include a Hekaya Mini recharge.\nValidity of Aqwa Card 15: 2 days. Subscription code for Aqwa Card 15: *811# for Aqwa Card customers from e& Egypt.', 'Aqwa Card 45 does not include a Hekaya Mini recharge.\nValidity of Aqwa Card 45: 28 days. Subscription code for Aqwa Card 45: *811# for Aqwa Card customers from e& Egypt.', 'Aqwa Card 22.5 is one of the Aqwa Card recharges from e& Egypt priced at 22.5 EGP. It\nRecharge Name: Aqwa Card 22.5 within the Aqwa Card recharges from e& Egypt. Price of Aqwa Card 22.5: 22.5 EGP. Core content of Aqwa Card 22.5: 550 Mixes, megabytes, or minutes to all networks. Video, entertainment, or social minutes in Aqwa Card 22.5: 320 minutes. Hekaya Mini recharge included in Aqwa Card 22.5: 525 Mixes + Facebook and WhatsApp. Validity of Aqwa Card 22.5: 7 days. Subscription code for Aqwa Card 22.5: *811# for Aqwa Card customers from e& Egypt.', 'Aqwa Card 22.5 is one of the Aqwa Card recharges from e& Egypt priced at 22.5 EGP. It\nprovides the customer with 550 Mixes, megabytes, or minutes to all networks, in addition\nto 320 minutes for video, entertainment, or social websites, plus an embedded Hekaya\nMini recharge worth 525 Mixes + Facebook and WhatsApp, and is valid for 7 days. Subscription is via the code *811#.', 'Bundle: One-and-a-Half-Pound Menu\nCalling or texting other\nnetworks costs 5 times more than on-net usage within the e& Egypt network in most\nprepaid bundles. Integrated Hekaya Mini Recharge\nA feature in the 19, 22.5, and 30 EGP Aqwa Card recharges from e& Egypt, where the\ncustomer receives an embedded Hekaya Mini recharge (400 / 525 / 700 Mixes with\nFacebook and WhatsApp) on top of the base recharge allowance. 7.', 'Aqwa Card 75 does not include a Hekaya Mini recharge.\nValidity of Aqwa Card 75: 28 days. Subscription code for Aqwa Card 75: *811# for Aqwa Card customers from e& Egypt. Applications and Websites Covered in Aqwa Card Bundles\nAqwa Card applications from e& Egypt are divided into 3 categories: Entertainment, Social,\nand Video. Each application within its category is charged according to the bundle\nsettings. Entertainment Websites Category in Aqwa Card\nThe applications and websites falling under the Entertainment category in Aqwa Card\nbundles from e& Egypt are:\nShahid within the Entertainment category in Aqwa Card bundles from e& Egypt. Watchit within the Entertainment category in Aqwa Card bundles from e& Egypt. Netflix within the Entertainment category in Aqwa Card bundles from e& Egypt. Facebook within the Entertainment category in Aqwa Card bundles from e& Egypt. Instagram within the Entertainment category in Aqwa Card bundles from e& Egypt. TikTok within the Entertainment category in Aqwa Card bundles from e& Egypt. Anghami within the Entertainment category in Aqwa Card bundles from e& Egypt. SoundCloud within the Entertainment category in Aqwa Card bundles from e& Egypt. PUBG within the Entertainment category in Aqwa Card bundles from e& Egypt. Google Maps within the Entertainment category in Aqwa Card bundles from e& Egypt. Twist Music within the Entertainment category in Aqwa Card bundles from e& Egypt. Twist Sports within the Entertainment category in Aqwa Card bundles from e& Egypt. Twist Games within the Entertainment category in Aqwa Card bundles from e& Egypt. Social Websites Category in Aqwa Card\nThe applications and websites falling under the Social category in Aqwa Card bundles from\ne& Egypt are:\nFacebook within the Social category in Aqwa Card bundles from e& Egypt. TikTok within the Social category in Aqwa Card bundles from e& Egypt. Instagram within the Social category in Aqwa Card bundles from e& Egypt. X (formerly Twitter) within the Social category in Aqwa Card bundles from e& Egypt. Snapchat within the Social category in Aqwa Card bundles from e& Egypt. Messenger within the Social category in Aqwa Card bundles from e& Egypt. Video Websites Category in Aqwa Card\nThe applications and websites falling under the Video category in Aqwa Card bundles from\ne& Egypt are:\nYouTube within the Video category in Aqwa Card bundles from e& Egypt. Shahid within the Video category in Aqwa Card bundles from e& Egypt. Netflix within the Video category in Aqwa Card bundles from e& Egypt. VIU within the Video category in Aqwa Card bundles from e& Egypt. Telegram within the Video category in Aqwa Card bundles from e& Egypt. Starzplay within the Video category in Aqwa Card bundles from e& Egypt. TOD within the Video category in Aqwa Card bundles from e& Egypt. Terms and Conditions of Aqwa Card Recharges\nIn Aqwa Card recharges from e& Egypt, a minute to other networks is charged as 5 minutes\nor 5 Mixes from the bundle. Applications categorized as Entertainment websites in Aqwa Card from e& Egypt are:\nShahid, Watchit, Netflix, Facebook, Instagram, TikTok, Anghami, SoundCloud, PUBG,\nGoogle Maps, Twist Music, Twist Sports, Twist Games.', 'Aqwa Card 19 is one of the Aqwa Card recharges from e& Egypt priced at 19 EGP. It\nprovides the customer with 425 Mixes, megabytes, or minutes to all networks, in addition\nto 300 minutes for video, entertainment, or social websites, plus an embedded Hekaya\nMini recharge worth 400 Mixes + Facebook and WhatsApp, and is valid for 6 days. Subscription is via the code *811#.', 'Aqwa Card 19 is one of the Aqwa Card recharges from e& Egypt priced at 19 EGP. It\nRecharge Name: Aqwa Card 19 within the Aqwa Card recharges from e& Egypt. Price of Aqwa Card 19: 19 EGP. Core content of Aqwa Card 19: 425 Mixes, megabytes, or minutes to all networks. Video, entertainment, or social minutes in Aqwa Card 19: 300 minutes. Hekaya Mini recharge included in Aqwa Card 19: 400 Mixes + Facebook and WhatsApp. Validity of Aqwa Card 19: 6 days. Subscription code for Aqwa Card 19: *811# for Aqwa Card customers from e& Egypt.', 'Aqwa Card 30 is one of the Aqwa Card recharges from e& Egypt priced at 30 EGP. It\nprovides the customer with 750 Mixes, megabytes, or minutes to all networks, in addition\nto 400 minutes for video, entertainment, or social websites, plus an embedded Hekaya\nMini recharge worth 700 Mixes + Facebook and WhatsApp, and is valid for 10 days. Subscription is via the code *811#.', 'Aqwa Card 30 is one of the Aqwa Card recharges from e& Egypt priced at 30 EGP. It\nRecharge Name: Aqwa Card 30 within the Aqwa Card recharges from e& Egypt. Price of Aqwa Card 30: 30 EGP. Core content of Aqwa Card 30: 750 Mixes, megabytes, or minutes to all networks. Video, entertainment, or social minutes in Aqwa Card 30: 400 minutes. Hekaya Mini recharge included in Aqwa Card 30: 700 Mixes + Facebook and WhatsApp. Validity of Aqwa Card 30: 10 days. Subscription code for Aqwa Card 30: *811# for Aqwa Card customers from e& Egypt.', 'Aqwa Card 5 is one of the Aqwa Card recharges from e& Egypt priced at 5 EGP. It provides\nSubscription is via the code *811#. Recharge Name: Aqwa Card 5 within the Aqwa Card recharges from e& Egypt. Price of Aqwa Card 5: 5 EGP. Core content of Aqwa Card 5: 80 Mixes. No extra minutes for video, entertainment, or social apps are included in Aqwa Card 5.']","No, Aqwa Card 5 does not include a Hekaya Mini recharge [1].",1.0,0.9999990406385617
What is Ahlan by the Second?,"['Plan: Ahlan by the Second\nDaily Plans from e& Egypt\nDaily Plans are two ultra-short bundles from e& Egypt, valid until midnight on the day of\nsubscription. Each bundle provides the customer with a number of Mixes that can be used\nflexibly for calls, internet, or SMS.', 'Plan: Ahlan by the Second\nAhlan by the Second plan from e& Egypt charges per second rather than per minute, with\ntwo different rates: night (from 12 midnight to 6 AM) and day (from 6 AM to 12 midnight). Plan Name: Ahlan by the Second within the Ahlan Pay As You Go plans from e& Egypt. Night rate in Ahlan by the Second: 3 milliemes per second (from 12 midnight to 6 AM). Day rate in Ahlan by the Second: 4 milliemes per second (from 6 AM to 12 midnight). Migration code to Ahlan by the Second: *339# or via the My e& Egypt app. Voice service for Ahlan by the Second: 5250. Terms and Conditions of Ahlan Pay As You Go Plans\nTo switch between Ahlan Pay As You Go plans from e& Egypt, the customer dials *3333# or\nuses the My e& Egypt app. In the Ahlan Super Yes plan from e& Egypt, the customer can set up 10 favorite numbers by\ncalling 535 at a cost of 60 piastres per call and following the instructions. In the Ahlan Super Yes plan from e& Egypt, the customer can also set a favorite number by\nsending the number via SMS to 535 at a cost of 7 piastres. In the Ahlan Super Yes plan from e& Egypt, changing or modifying the favorite numbers list\nis free of charge once per month. 4.', 'Bundle: One-and-a-Half-Pound Menu\n9. Frequently Asked Questions about Simple Prepaid Plans\nThe following frequently asked questions are structured so that an information retrieval\nsystem can fetch each complete answer independently:\nWhat is the difference between Aqwa Card and Hekaya Mix from e& Egypt? Aqwa Card from e& Egypt is a simple prepaid recharge system that does not require a\nmonthly bundle subscription; the customer receives Mixes and internet/video/social\nminutes with every recharge ranging from 5 EGP to 75 EGP. In contrast, Hekaya Mix is a\nlarger system offering fixed monthly bundles and broader features such as Home Internet\nand family lines. What is the Ahlan Super Yes plan from e& Egypt? The Ahlan Super Yes plan from e& Egypt is a prepaid tariff based on favorite numbers. Local minutes cost 15 piastres, SMS costs 30 piastres, minutes to other networks cost 25\npiastres, while calls and SMS to favorite numbers (up to 10 numbers chosen by the\ncustomer) cost only 7 piastres. How does a customer set favorite numbers in Ahlan Super Yes? In the Ahlan Super Yes plan from e& Egypt, the customer sets favorite numbers in one of\ntwo ways: calling 535 at a cost of 60 piastres per call and following the prompts, or sending\nthe number via SMS to 535 at a cost of 7 piastres. Changing or editing the list is free once\nevery month. What is the Ahlan by the Second plan from e& Egypt? The Ahlan by the Second plan from e& Egypt is a prepaid tariff that bills by the second\ninstead of the minute. The rate varies by time: 3 milliemes per second for the night period\n(from 12 midnight to 6 AM), and 4 milliemes per second for the daytime period (from 6 AM\nto 12 midnight). What is the Daily Bundle in e& Egypt? The Daily Bundle in e& Egypt is one of two quick bundles: 55 Mixes for 1.5 EGP (code\n*972#) or 120 Mixes for 2.5 EGP (code *973#). It is valid until midnight on the same day of\nsubscription. What are the Menu El Geneh bundles from e& Egypt? Menu El Geneh from e& Egypt consists of 3 micro-bundles under code *101#: Half-Pound\nMenu (30 minutes to e& Egypt + 15 minutes to any network at 7 piastres/min), One-Pound\nMenu (60/30 + 20 MB), and One-and-a-Half-Pound Menu (120/60 + 40 MB). What is the difference between Aqwa Card 19, 22.5, and 30 recharges from e& Egypt? The main differences between these Aqwa Card recharges from e& Egypt are: The 19 EGP\nrecharge offers 425 Mixes + 300 video/entertainment/social minutes + 400 Mix Hekaya Mini\nrecharge, valid for 6 days. The 22.5 EGP recharge offers 550 Mixes + 320 minutes + 525 Mix\nHekaya Mini recharge, valid for 7 days. The 30 EGP recharge offers 750 Mixes + 400\nminutes + 700 Mix Hekaya Mini recharge, valid for 10 days. What is the difference between Aqwa Card 44 and 45 recharges from e& Egypt? The Aqwa Card 44 recharge from e& Egypt costs 44 EGP and gives the customer 1,100\nMixes with a 14-day validity, without video/entertainment minutes or a Hekaya Mini\nrecharge. Meanwhile, the Aqwa Card 45 recharge costs 45 EGP and gives only 700 Mixes,\nbut with a longer validity (28 days). Can a customer switch between different plans? Yes, an e& Egypt customer can switch between different plans (Ahlan Pay As You Go, Daily\nPlans, Menu El Geneh) via the code *3333# or through the My e& Egypt app. Switching\nbetween Daily Bundles in e& Egypt is free of charge. What is the code *811# in e& Egypt? The code *811# in e& Egypt is the unified subscription code for all Aqwa Card recharges\nranging from 5 EGP to 75 EGP. What is the code *3333# in e& Egypt? The code *3333# in e& Egypt is the general code for migrating between plans, inquiring\nabout offers, changing bundles, and checking balances.', 'Bundle: One-and-a-Half-Pound Menu\nCodes for Different Plans\nEach of the four plans has a specific code used by the customer for subscription or\nmanagement. Each code is detailed independently below for easy retrieval:\nCode *811# in e& Egypt: To subscribe to all Aqwa Card recharges from 5 EGP to 75 EGP. Code *339# in e& Egypt: To switch between the three Ahlan Pay As You Go plans (15\nPiastres Everything, Super Yes, Ahlan by the Second). Code *972# in e& Egypt: To subscribe to Daily Bundle 55 Mixes for 1.5 EGP. Code *973# in e& Egypt: To subscribe to Daily Bundle 120 Mixes for 2.5 EGP. Code *101# in e& Egypt: To subscribe to all three Menu El Geneh bundles (Half-Pound\nMenu, One-Pound Menu, One-and-a-Half-Pound Menu). Code *3333# in e& Egypt: To migrate between different plans and check the latest offers. Number 5250: Voice service for Ahlan Pay As You Go plans in e& Egypt. Number 535: To configure favorite numbers in the Ahlan Super Yes plan — call for 60\npiastres or SMS for 7 piastres. 8. Glossary of Terms\nAqwa Card\nA simple prepaid recharge system from e& Egypt, featuring 8 recharges ranging in price\nfrom 5 to 75 EGP. Ahlan Pay As You Go\nA group of 3 prepaid tariff plans from e& Egypt without bundles, billed per usage: 15\nPiastres Everything, Super Yes, and Ahlan by the Second. Super Yes\nAn Ahlan plan for favorite numbers from e& Egypt, allowing 10 favorite numbers to be\nconfigured at a rate of 7 piastres per minute and SMS. Ahlan by the Second\nAn Ahlan plan from e& Egypt that charges per second rather than per minute, with two\nrates: 3 milliemes/second night, 4 milliemes/second day. Daily Plans\nTwo ultra-short bundles from e& Egypt (55 Mixes for 1.5 EGP, and 120 Mixes for 2.5 EGP)\nthat expire at midnight. Menu El Geneh\n3 micro-bundles from e& Egypt focusing on calls to e& Egypt numbers, priced at\napproximately 0.5, 1, and 1.5 EGP. The Mix\nThe unified balance unit used across e& Egypt prepaid systems, usable for calls, internet,\nand SMS according to designated consumption rates. Hekaya Mini Recharge\nA short-validity recharge from the Hekaya Mixes plan by e& Egypt, including Mixes along\nwith Facebook and WhatsApp, occasionally embedded within Aqwa Card recharges. Favorite Numbers\nA list of 10 numbers set up by the customer in the Ahlan Super Yes plan from e& Egypt to\nreceive a discounted rate (7 piastres) for calls and SMS. Code *811#\nThe unified code to subscribe to all Aqwa Card recharges from e& Egypt. Code *339#\nThe unified code to switch between the three Ahlan Pay As You Go plans in e& Egypt. Code *101#\nThe unified code to subscribe to all Menu El Geneh bundles from e& Egypt. Code *3333#\nThe general code for plan migration in e& Egypt, as well as for checking offers and services.', ""Aqwa Card 75 does not include a Hekaya Mini recharge.\nAhlan Pay As You Go Plan from e& Egypt\nAhlan Pay As You Go is a collection of 3 prepaid tariff plans on e& Egypt based on pay-per-\nuse rather than purchasing bundles. No Mixes or megabytes are included; each minute or\nSMS is billed individually according to the plan's rate."", 'Plan: Ahlan Super Yes\nAhlan Super Yes plan from e& Egypt is based on a favorite numbers system. A minute to\nany number in Egypt costs 15 piastres, an SMS costs 30 piastres, a minute to other\nnetworks costs 25 piastres, and a minute or SMS to favorite numbers costs only 7 piastres. Plan Name: Ahlan Super Yes within the Ahlan Pay As You Go plans from e& Egypt.', 'Plan: Ahlan 15 Piastres Everything\nAhlan 15 Piastres Everything plan from e& Egypt offers a flat rate of 15 piastres per minute\nto any number in Egypt and to any other network, and 15 piastres per SMS to any number in\nEgypt. Plan Name: Ahlan 15 Piastres Everything within the Ahlan Pay As You Go plans from e&\nEgypt. Minute rate to any number in Egypt in Ahlan 15 Piastres Everything: 15 piastres.', 'Bundle: One-and-a-Half-Pound Menu\n6. Common Concepts Across Plans\nThe Mix\nThe Mix is the unified unit used across e& Egypt prepaid systems (Aqwa Card, Daily Plans,\nMenu El Geneh, Hekaya Mixes). The customer spends it on calls, internet, and SMS at the\nfollowing rates: 1 Mix per minute to e& Egypt numbers, and 5 Mixes per minute to other\nnetworks. Favorite Numbers\nA feature in the Ahlan Super Yes plan from e& Egypt, allowing the customer to set up to 10\nfavorite numbers to enjoy a special rate of 7 piastres per minute and SMS instead of the\nregular rate. Other Networks\nTelecommunications networks in Egypt other than e& Egypt.', 'Plan: Ahlan 15 Piastres Everything\nSMS rate to any number in Egypt in Ahlan 15 Piastres Everything: 15 piastres. Minute rate to any other network in Ahlan 15 Piastres Everything: 15 piastres. Migration code to Ahlan 15 Piastres Everything: *339# or via the My e& Egypt app. Voice service for Ahlan 15 Piastres Everything: 5250.', 'Plan: Ahlan Super Yes\nMinute rate to any number in Egypt in Ahlan Super Yes: 15 piastres. SMS rate to any number in Egypt in Ahlan Super Yes: 30 piastres. Minute rate to any other network in Ahlan Super Yes: 25 piastres. Minute and SMS rate to favorite numbers in Ahlan Super Yes: 7 piastres. Migration code to Ahlan Super Yes: *339# or via the My e& Egypt app. Voice service for Ahlan Super Yes: 5250.', '8. مسرد المصطلحات\nنقاط اميرالد\nهي نقاط الولاء المرتبطة بباقات اميرالد، تتراكم شهريًا ويتم استبدالها في برنامج المكافآت MORE من إي آند مصر. النقاط الترفيهية (Entertainment E-Coins)\nهي رصيد مستقل عن نقاط الولاء، يخصص لاختيار خدمات البث الترفيهية مثل Twist و TOD و VIU و شاهد و Starzplay و Amazon Prime. GTO\nهو الشريك المتخصص في حجوزات الفنادق الذي يقدم خصومات فندقية حصرية لعملاء اميرالد تصل إلى 30% على أقل سعر للفندق المتاح على الإنترنت. ADIB\nهو الاختصار المستخدم لمصرف أبوظبي الإسلامي–مصر، الجهة المُصدِرة للبطاقة المشتركة مع إي آند مصر، والتي تمنح عميل اميرالد الوصول إلى صالات المطارات الدولية. برنامج MORE\nهو برنامج المكافآت العام من إي آند مصر. يستخدم عملاء اميرالد نقاط الولاء الخاصة بهم لاستبدالها مع شركاء MORE مثل لوريس وسينما رينيسانس وروما بيتزا وماكدونالدز وغطّاطي و Espresso Lab وكازيون و Bath & Body Works وغيرهم. تطبيق ماي إي آند مصر\nهو التطبيق الرسمي للخدمة الذاتية من إي آند مصر، يستخدمه عميل اميرالد لإدارة حسابه، وتوزيع الباقة بين خطوط العائلة، وتفعيل التجوال. دليل 7070\nهو خدمة الدليل من إي آند مصر. تشمل باقات اميرالد عددًا من الدقائق المجانية لخدمة 7070 يختلف حسب الباقة، والدقائق الإضافية تكلف 1.5 جنيه للدقيقة. الكود *800#\nهو الكود الذي يطلبه عميل اميرالد لإدارة حسابه والباقة من خلال خدمة USSD.', '3. نظام أهلا حسب الاستخدام من إي آند مصر\nالخدمة الصوتية لـ أهلاً بالثانية: الرقم 5250. شروط وأحكام أنظمة أهلا حسب الاستخدام\nللتحويل بين أنظمة أهلا حسب الاستخدام من إي آند مصر، يطلب العميل الكود *3333# أو يستخدم تطبيق ماي إي آند مصر. في نظام أهلا super yes من إي آند مصر، يستطيع العميل ضبط 10 أرقام مفضلة عن طريق الاتصال بالرقم 535 بتكلفة 60 قرشًا للمكالمة واتباع التعليمات. في نظام أهلا super yes من إي آند مصر، يستطيع العميل أيضًا ضبط رقم مفضل بإرسال الرقم في رسالة قصيرة إلى الرقم 535 بتكلفة 7 قروش. في نظام أهلا super yes من إي آند مصر، تغيير أو تعديل قائمة الأرقام المفضلة مجاني مرة واحدة كل شهر.', '3. نظام أهلا حسب الاستخدام من إي آند مصر\nالخدمة الصوتية لـ أهلا super yes: الرقم 5250. النظام: أهلاً بالثانية\nنظام أهلاً بالثانية من إي آند مصر يحاسب بالثانية بدلًا من الدقيقة، مع سعرين مختلفين: ليلي (من 12 منتصف الليل إلى 6 صباحًا) ونهاري (من 6 صباحًا إلى 12 منتصف الليل). اسم النظام: أهلاً بالثانية ضمن أنظمة أهلا حسب الاستخدام من إي آند مصر. سعر الفترة الليلية في أهلاً بالثانية: 3 مليم في الثانية (من 12 منتصف الليل إلى 6 صباحًا). سعر الفترة النهارية في أهلاً بالثانية: 4 مليم في الثانية (من 6 صباحًا إلى 12 منتصف الليل). كود التحويل إلى أهلاً بالثانية: *339# أو من خلال تطبيق ماي إي آند مصر.', '2. الباقات الأساسية لخط الداتا\nكل باقة موصوفة هنا بشكل مستقل. الباقات بصلاحية شهر واحد\nالباقات الشهرية في خط الداتا من إي آند مصر تضم باقتين، مناسبة للاستخدام الخفيف أو الظرفي.', ""Plan: Mini Hekaya Internet 32 (for 2 weeks) Mini Hekaya Internet 32 (for 2 weeks) is one of\n• Units for calls and SMS in Mini Hekaya Internet 32 (for 2 weeks): 90 units. • Validity of Mini Hekaya Internet 32 (for 2 weeks): 14 days. • Subscription to Mini Hekaya Internet 32 (for 2 weeks): Via code *200# or through\nthe My e& Egypt app. • Auto-renewal for Mini Hekaya Internet 32 (for 2 weeks): The plan auto-renews if\nthere is sufficient balance in the customer's account.""]","### Ahlan by the Second Plan from e& Egypt

- **Type:** Prepaid tariff plan under Ahlan Pay As You Go.
- **Billing:** Charges per second instead of per minute.
- **Rates:**
  - Night rate (12 midnight to 6 AM): 3 milliemes per second.
  - Day rate (6 AM to 12 midnight): 4 milliemes per second.
- **Migration code:** `*339#` or via the My e& Egypt app.
- **Voice service number:** 5250.
- **Usage:** Pay only for the exact seconds used, with different rates depending on the time of day.

This plan is part of the Ahlan Pay As You Go group, which bills based on usage rather than bundles[2][13].",1.0,0.9083120185440884
Compare Aqwa Card 15 and Aqwa Card 19.,"['Aqwa Card 19 is one of the Aqwa Card recharges from e& Egypt priced at 19 EGP. It\nRecharge Name: Aqwa Card 19 within the Aqwa Card recharges from e& Egypt. Price of Aqwa Card 19: 19 EGP. Core content of Aqwa Card 19: 425 Mixes, megabytes, or minutes to all networks. Video, entertainment, or social minutes in Aqwa Card 19: 300 minutes. Hekaya Mini recharge included in Aqwa Card 19: 400 Mixes + Facebook and WhatsApp. Validity of Aqwa Card 19: 6 days. Subscription code for Aqwa Card 19: *811# for Aqwa Card customers from e& Egypt.', 'Aqwa Card 19 is one of the Aqwa Card recharges from e& Egypt priced at 19 EGP. It\nprovides the customer with 425 Mixes, megabytes, or minutes to all networks, in addition\nto 300 minutes for video, entertainment, or social websites, plus an embedded Hekaya\nMini recharge worth 400 Mixes + Facebook and WhatsApp, and is valid for 6 days. Subscription is via the code *811#.', 'Aqwa Card 15 is one of the Aqwa Card recharges from e& Egypt priced at 15 EGP. It\nRecharge Name: Aqwa Card 15 within the Aqwa Card recharges from e& Egypt. Price of Aqwa Card 15: 15 EGP. Core content of Aqwa Card 15: 300 Mixes, megabytes, or minutes to all networks. Video, entertainment, or social minutes in Aqwa Card 15: 210 minutes.', 'Aqwa Card 15 is one of the Aqwa Card recharges from e& Egypt priced at 15 EGP. It\nprovides the customer with 300 Mixes, megabytes, or minutes to all networks, in addition\nto 210 minutes for video, entertainment, or social websites, and is valid for 2 days. Subscription is via the code *811#.', 'Aqwa Card 15 does not include a Hekaya Mini recharge.\nValidity of Aqwa Card 15: 2 days. Subscription code for Aqwa Card 15: *811# for Aqwa Card customers from e& Egypt.', 'Aqwa Card 22.5 is one of the Aqwa Card recharges from e& Egypt priced at 22.5 EGP. It\nRecharge Name: Aqwa Card 22.5 within the Aqwa Card recharges from e& Egypt. Price of Aqwa Card 22.5: 22.5 EGP. Core content of Aqwa Card 22.5: 550 Mixes, megabytes, or minutes to all networks. Video, entertainment, or social minutes in Aqwa Card 22.5: 320 minutes. Hekaya Mini recharge included in Aqwa Card 22.5: 525 Mixes + Facebook and WhatsApp. Validity of Aqwa Card 22.5: 7 days. Subscription code for Aqwa Card 22.5: *811# for Aqwa Card customers from e& Egypt.', 'Aqwa Card 5 is one of the Aqwa Card recharges from e& Egypt priced at 5 EGP. It provides\nthe customer with 80 Mixes and is valid for 2 days.', 'Aqwa Card 45 does not include a Hekaya Mini recharge.\nValidity of Aqwa Card 45: 28 days. Subscription code for Aqwa Card 45: *811# for Aqwa Card customers from e& Egypt.', '14. مسرد المصطلحات\nمتاحة بثلاث فئات (4.5، 7.5، 15) من خلال الكود *626#. سياسة الاستخدام العادل\nسياسة في حكاية ميكسات تحدد سقفًا لاستخدام تطبيقات السوشيال (فيسبوك وواتساب) في الباقات الصغيرة (200 ميجابايت في حكاية ميكسات 52 و 69، و 12.5 ميجابايت في شحنات ميني). النظام المؤقت\nحالة مؤقتة لعميل حكاية ميكسات بعد انتهاء صلاحية باقة شحنة ميني، يعود فيها العميل إلى الباقة الشهرية ويستطيع تجديدها أو تجديد شحنة ميني. التجديد المبكر\nخدمة في حكاية ميكسات تتيح للعميل تجديد باقته قبل ميعادها بعد انتهاء ميكساتها، من خلال الكود *807#. الكود *319#\nالكود الرئيسي لعميل حكاية ميكسات لإدارة باقته، إضافة وإزالة خطوط العائلة، نقل الوحدات، الاستعلام عن الرصيد، والتغيير بين الباقات. الكود *566#\nالكود الذي يستخدمه عميل حكاية ميكسات للاشتراك في باقات سوبر كونكت الحصرية. الكود *809#\nالكود المخصص للتجديد الأسبوعي في حكاية ميكسات. *809*1# لأسبوع، *809*2# لأسبوعين، *809*3# لثلاثة أسابيع. الكوينز\nنقاط برنامج المكافآت من إي آند مصر التي يجمعها عميل حكاية ميكسات تلقائيًا مع كل تجديد، يستبدلها لاحقًا بهدايا. المخالفون ذوو الاحتياجات الخاصة\nشريحة من عملاء حكاية ميكسات تحصل على خصم 50% مدى الحياة على جميع باقات حكاية ميكسات.', 'Bundle: Hekaya Mini Recharge 19\nHekaya Mini Recharge 19 is a micro-bundle from e& Egypt. Usable credit: 13.3 EGP. Includes 400 Mixes, valid for 6 days. • Bundle Name: Hekaya Mini Recharge 19 (e& Egypt). • Usable Credit Added: 13.3 EGP.', 'الباقة: اكسترا 15\nكود الاشتراك في اكسترا 15: *626#.', 'Bundle: Extra 15\n11. Integration with the Coins Program in Hekaya Mixat\nUpon every bundle renewal, Hekaya Mixat subscribers automatically earn Coins credited\nto their e& Egypt rewards balance:\n• Hekaya Mixat 52 renewal: 104 Coins. • Hekaya Mixat 69 renewal: 138 Coins. • Hekaya Mixat 92 renewal: 184 Coins. • Hekaya Mixat 120 renewal: 240 Coins. • Hekaya Mixat 180 renewal: 360 Coins. • Hekaya Mixat 270 renewal: 540 Coins. 12. Important USSD Codes for Hekaya Mixat Customers\n• *319# — Master code for Hekaya Mixat (add/remove family lines, balance inquiry,\ntransfer units, switch plans, renew base plan or mini recharge). • *809# — Weekly renewal code (*809*1# for 1 week, *809*2# for 2 weeks, *809*3#\nfor 3 weeks). • *011# — Discover the best Hekaya Mixat plan, promotions, and special offers. • *556*9*RechargeCode# — Purchase Hekaya Mini recharge bundles with 12.5 and\n15 codes from Aqwa Kart scratch cards. • *304# — International calling services for Hekaya Mixat users. • *626# — Subscribe to Hekaya Mixat Extra add-ons (4.5, 7.5, 15). • *3333# — Check latest Hekaya Mixat promotions, bundle services, balance\ninquiries, and plan migrations. • *808# — Check internet usage in Hekaya Mixat. • *806# — Minute cap management services. • *566# — Subscribe to Super Connect add-on internet bundles.', '9. إجابات شائعة عن أنظمة الـ prepaid البسيطة\nالأسئلة الشائعة التالية مصاغة بحيث يمكن لنظام الاسترجاع جلب الإجابة كاملة بمفردها:\nما الفرق بين أقوى كارت وحكاية ميكسات من إي آند مصر؟\nأقوى كارت من إي آند مصر هو نظام شحن prepaid بسيط لا يشترط الاشتراك في باقة شهرية، يحصل العميل فيه على ميكسات ودقائق إنترنت/فيديو/سوشيال مع كل شحنة من 5 جنيه إلى 75 جنيه. أما حكاية ميكسات فهو نظام أكبر بباقات شهرية ثابتة وخيارات أوسع مثل الإنترنت المنزلي وخطوط العائلة. ما هو نظام أهلا super yes من إي آند مصر؟\nنظام أهلا super yes من إي آند مصر هو خطة أسعار prepaid تعتمد على الأرقام المفضلة. الدقيقة المحلية بـ 15 قرشًا، والرسالة بـ 30 قرشًا، والدقيقة للشبكات الأخرى بـ 25 قرشًا، أما الأرقام المفضلة (حتى 10 أرقام يحددها العميل) فالدقيقة والرسالة لها بـ 7 قروش فقط. كيف يضبط العميل الأرقام المفضلة في أهلا super yes؟\nفي نظام أهلا super yes من إي آند مصر، يضبط العميل أرقامه المفضلة بأحد طريقتين: اتصال بالرقم 535 بتكلفة 60 قرشًا للمكالمة واتباع التعليمات، أو إرسال الرقم في رسالة قصيرة إلى الرقم 535 بتكلفة 7 قروش. التغيير أو التعديل مجاني مرة واحدة كل شهر.', 'الباقة: ميني حكاية انترنت 15\nالوحدات للمكالمات والرسائل في ميني حكاية انترنت 15: 60 وحدة. صلاحية ميني حكاية انترنت 15: 7 أيام. الاشتراك في ميني حكاية انترنت 15: من خلال الكود *200# أو عن طريق تطبيق ماي إي آند مصر. التجديد التلقائي لـ ميني حكاية انترنت 15: تتجدد الباقة تلقائيًا في حال وجود رصيد كافٍ في حساب العميل.', 'Plan: Mini Hekaya Internet 15 Mini Hekaya Internet 15 is one of the Mini Hekaya Internet\nplans from e& Egypt. Its price is 15 EGP, granting the customer 500 MB of internet and 60\nunits for calls and SMS, with a 7-day validity. • Plan Name: Mini Hekaya Internet 15 within the Mini Hekaya Internet plans from e&\nEgypt. • Price of Mini Hekaya Internet 15: 15 EGP. • Internet in Mini Hekaya Internet 15: 500 MB. • Units for calls and SMS in Mini Hekaya Internet 15: 60 units. • Validity of Mini Hekaya Internet 15: 7 days.']","### Comparison between Aqwa Card 15 and Aqwa Card 19

| Feature                         | Aqwa Card 15                         | Aqwa Card 19                          |
|---------------------------------|------------------------------------|-------------------------------------|
| **Price**                      | 15 EGP                             | 19 EGP                              |
| **Core Content (Mixes/MB/Minutes to all networks)** | 300 Mixes, megabytes, or minutes   | 425 Mixes, megabytes, or minutes    |
| **Video, Entertainment, or Social Minutes** | 210 minutes                       | 300 minutes                         |
| **Hekaya Mini Recharge Included** | No                               | Yes, includes 400 Mixes + Facebook and WhatsApp |
| **Validity**                   | 2 days                            | 6 days                             |
| **Subscription Code**          | `*811#`                          | `*811#`                           |

**Summary:**
- Aqwa Card 19 offers more core content (425 vs. 300), more video/social minutes (300 vs. 210), and includes a Hekaya Mini recharge with Facebook and WhatsApp access.
- Aqwa Card 19 has a longer validity of 6 days compared to 2 days for Aqwa Card 15.
- Aqwa Card 15 is cheaper but with fewer benefits and shorter validity.

This makes Aqwa Card 15 suitable for short-term, low usage, while Aqwa Card 19 is better for longer use with more data and social app access included [1][4].",1.0,0.9683442404435701
What's the difference between Emerald 430 and the higher Emerald tiers in terms of internet?,"['Package: Emerald 430 The Emerald 430 package is one of the Emerald postpaid packages\n• Outgoing Roaming Minutes in Emerald 430: 10 minutes. • Incoming Roaming Minutes in Emerald 430: None. • Roaming Internet in Emerald 430: 50 MB per month, plus 1.5 GB twice a year. • Extra Emerald Points in Emerald 430: 250 points per month, used in the MORE\nrewards program. • Entertainment E-Coins in Emerald 430: 1,875 E-Coins per month, used by the\ncustomer to choose entertainment services from Twist Sport, Twist Music, Twist TV,\nTOD, VIU, Shahid, Starzplay, and Amazon Prime. • Emerald GTO Hotel Discount in Emerald 430: 10% off the lowest available online\nhotel rates worldwide. • Maximum Mobile Phone Installment Limit in Emerald 430: Up to 15,000 EGP. • Special Privileges in Emerald 430: No additional special privileges, except for a\n25% discount on MOVE Club.', 'Package: Emerald 430 The Emerald 430 package is one of the Emerald postpaid packages\nfrom e& Egypt, with a monthly price of 430 EGP before taxes. The package includes 12 GB\nof local internet, 2,500 local minutes, 500 SMS per month, and allows the addition of one\nextra line to the same account. • Package Name: Emerald 430. • Monthly Price for Emerald 430: 430 EGP, before adding 8% schedule tax, 14% VAT,\nand a 10 EGP State Resource Development fee. • Local Internet in Emerald 430: 12 GB per month. • Local Minutes in Emerald 430: 2,500 minutes per month. • SMS in Emerald 430: 500 messages per month. • Extra Family Lines in Emerald 430: 1 extra line on the same Emerald account. • Intra-Family Call Minutes in Emerald 430: 10,000 free minutes per month\nbetween lines on the same account. • eHome DSL Discount in Emerald 430: 160 EGP per month. • eHome Wireless Discount in Emerald 430: 165 EGP per month (cannot be\ncombined with the eHome DSL discount). • International Minutes in Emerald 430: None.', 'Emerald 3450.\nTerms & Conditions\nThe following conditions apply to all Emerald packages unless otherwise stated. Each\npoint here is written as an independent retrievable fact:\n• All announced prices for Emerald packages are exclusive of taxes. • Taxes added to the monthly price of Emerald packages include: an 8% schedule tax,\na 14% Value Added Tax (VAT), and a 10 EGP State Resource Development fee per\nmonth. • Local call rates outside the Emerald package: 19 piasters per local minute, and 30\npiasters per local SMS. • International call rates outside the Emerald package: 8 EGP per international\nminute, and 5 EGP per international SMS. • The eHome DSL discount with Emerald is deducted in exchange for a portion of the\nlocal internet quota: 2 GB for Emerald 430; 3 GB for Emerald 780; 5 GB for Emerald\n1120; and 10 GB for Emerald 1725 and Emerald 3450. • The eHome DSL discount and eHome Wireless discount cannot be combined; the\nEmerald customer must choose only one of them. • The maximum intra-family minutes in Emerald: 10,000 minutes per month between\nlines on the same account. • The maximum SMS limit: 500 messages for Emerald 430, and 2,000 messages for', ""Emerald 3450.\n• How to Choose: The subscriber uses their E-Coins balance to choose the apps\nthey wish to subscribe to. Internet Worthy (Internet Flexibility) The Internet Worthy feature in Emerald allows\ncarrying over unused internet to the next month, as well as borrowing a portion of next\nmonth’s internet in advance. • Internet Rollover: Any remaining local internet quota rolls over to the following\nmonth for one month. • Borrowing from Next Month: An Emerald customer can use up to 50% of their next\nmonth's internet quota in advance. • Internet Distribution: Internet can be distributed and transferred among Emerald\nfamily members via the My e& Egypt app or by dialing *800#. • Add-on Packages: Monthly recurring Emerald internet add-ons are available, as\nwell as on-demand add-ons. MOVE Club Discount A health/fitness benefit shared across all Emerald packages,\ngranting the subscriber a 25% discount on MOVE sports club memberships. • Discount Percentage: 25% on MOVE club subscriptions. • Eligibility: All Emerald customers across all packages (430, 780, 1120, 1725, and\n3450)."", 'Package: Emerald 780 The Emerald 780 package is one of the Emerald postpaid packages\n• Outgoing Roaming Minutes in Emerald 780: 30 minutes. • Incoming Roaming Minutes in Emerald 780: 15 minutes. • Roaming Internet in Emerald 780: 50 MB per month, plus 5 GB twice a year. • Extra Emerald Points in Emerald 780: 450 points per month, used in the MORE\nrewards program. • Entertainment E-Coins in Emerald 780: 3,375 E-Coins per month, used by the\ncustomer to choose entertainment services from Twist Sport, Twist Music, Twist TV,\nTOD, VIU, Shahid, Starzplay, and Amazon Prime. • Emerald GTO Hotel Discount in Emerald 780: 10% off the lowest available online\nhotel rates worldwide. • Maximum Mobile Phone Installment Limit in Emerald 780: Up to 30,000 EGP. • Special Privileges in Emerald 780: No additional special privileges, except for a\n25% discount on MOVE Club.', 'Package: Emerald 3450 The Emerald 3450 package is one of the Emerald postpaid\n• Outgoing Roaming Minutes in Emerald 3450: 90 minutes. • Incoming Roaming Minutes in Emerald 3450: 45 minutes. • Roaming Internet in Emerald 3450: 50 MB per month, plus 10 GB four times a year. • Extra Emerald Points in Emerald 3450: 4,000 points per month, used in the MORE\nrewards program. • Entertainment E-Coins in Emerald 3450: 10,000 E-Coins per month, used by the\ncustomer to choose entertainment services from Twist Sport, Twist Music, Twist TV,\nTOD, VIU, Shahid, Starzplay, and Amazon Prime. • Emerald GTO Hotel Discount in Emerald 3450: 30% off the lowest available online\nhotel rates worldwide. • Maximum Mobile Phone Installment Limit in Emerald 3450: Up to 75,000 EGP. • Special Privileges in Emerald 3450: 24/7 personal account manager, international\nconcierge service, and a 25% discount on MOVE Club.', 'Emerald 780, 1120, 1725, and 3450.\n• The ""Call Filter"" service (Nas We Nas) is included for free in Emerald packages. • An Emerald customer can benefit from a mobile phone installment plan; the\nmaximum installment value varies based on the Emerald package and subscription\nduration.', 'Package: Emerald 1725 The Emerald 1725 package is one of the Emerald postpaid\n• Outgoing Roaming Minutes in Emerald 1725: 60 minutes. • Incoming Roaming Minutes in Emerald 1725: 30 minutes. • Roaming Internet in Emerald 1725: 50 MB per month, plus 10 GB three times a\nyear. • Extra Emerald Points in Emerald 1725: 2,000 points per month, used in the MORE\nrewards program. • Entertainment E-Coins in Emerald 1725: 7,500 E-Coins per month, used by the\ncustomer to choose entertainment services from Twist Sport, Twist Music, Twist TV,\nTOD, VIU, Shahid, Starzplay, and Amazon Prime. • Emerald GTO Hotel Discount in Emerald 1725: 20% off the lowest available online\nhotel rates worldwide. • Maximum Mobile Phone Installment Limit in Emerald 1725: Up to 75,000 EGP. • Special Privileges in Emerald 1725: No additional special privileges, except for a\n25% discount on MOVE Club.', 'الباقة: اميرالد 430\nدقائق إرسال المكالمات أثناء التجوال في باقة اميرالد 430: 10 دقائق. دقائق استقبال المكالمات أثناء التجوال في باقة اميرالد 430: لا يوجد. إنترنت التجوال في باقة اميرالد 430: 50 ميجا شهريًا، بالإضافة إلى 1.5 جيجا مرتين في السنة. نقاط اميرالد الإضافية في باقة اميرالد 430: 250 نقطة شهريًا، تُستخدم في برنامج المكافآت MORE. النقاط الترفيهية (Entertainment E-Coins) في باقة اميرالد 430: 1,875 نقطة ترفيهية شهريًا، يختار بها العميل خدماته الترفيهية من Twist Sport و Twist Music و Twist TV و TOD و VIU و شاهد و Starzplay و Amazon Prime. خصم فنادق Emerald GTO في باقة اميرالد 430: 10% على أقل سعر للفنادق المتاح على الإنترنت في جميع أنحاء العالم. الحد الأقصى لتقسيط الهاتف المحمول في باقة اميرالد 430: حتى 15,000 جنيه. المزايا الخاصة في باقة اميرالد 430: لا توجد مزايا خاصة إضافية، عدا خصم 25% على نادي MOVE.', 'Package: Data Line 72 GB The Data Line 72 GB is one of the e& Egypt Data Line packages.\nThe\noffer does not repeat upon renewal. • What is the difference between the 1-month, 3-month, and 6-month validity\npackages? In the e& Egypt Data Line, there are 3 validity tiers: one month (two\npackages: 1.8 and 2.5 GB), 3 months (5 packages from 3.5 to 45 GB), and 6 months\n(one package: 72 GB). The longer the validity, the larger the internet quota and the\ngreater the savings. • How does the customer renew the Data Line package? To renew the e& Egypt\nData Line package, the customer uses one of the following methods: sending the\nnumber 1 in an SMS to 130, dialing the code *130#, or renewing through the My e&\nEgypt app. • What are the add-on packages for the Data Line? In the e& Egypt Data Line, there\nare two add-on packages: Extra 500 MB for 15 EGP (send 1 to 138), and Extra 1 GB\nfor 29 EGP (send 2 to 138). Both are valid for one month. • What is the largest package on the Data Line? The largest package on the e&\nEgypt Data Line is the Data Line 72 GB for 900 EGP before tax. The basic package is\n72 GB, and with the ""Double the Package"" offer it becomes 144 GB on the first\nrecharge, with a validity of 6 months. • What is the cheapest package on the Data Line? The cheapest package on the e&\nEgypt Data Line is the Data Line 1.8 GB for 46 EGP before tax. The basic package is\n1.8 GB, and with the ""Double the Package"" offer it becomes 3.6 GB on the first\nrecharge, with a validity of one month. • What is the difference between the Data Line and eHome Wireless? The e&\nEgypt Data Line is a portable internet SIM for MiFi and USB Modems, offering\nrelatively smaller quotas and shorter validities. eHome Wireless, on the other hand,\nis a fixed wireless home internet service with higher speeds and a dedicated router. The Data Line is for portable and occasional use, while eHome Wireless is for\npermanent home/office use. • Does a MiFi device require a special SIM card? Yes. A MiFi device requires an e&\nEgypt Data Line SIM card to work. The SIM card determines the package type and\nthe available internet quota. • Can the gigabytes from the ""Double the Package"" offer be used freely?', 'Plan: Hekaya Internet 600 Hekaya Internet 600 is one of the monthly Hekaya Internet\n• Number of units in the plan: 200 units.', 'الباقة: اميرالد 780\nدقائق إرسال المكالمات أثناء التجوال في باقة اميرالد 780: 30 دقيقة. دقائق استقبال المكالمات أثناء التجوال في باقة اميرالد 780: 15 دقيقة. إنترنت التجوال في باقة اميرالد 780: 50 ميجا شهريًا، بالإضافة إلى 5 جيجا مرتين في السنة. نقاط اميرالد الإضافية في باقة اميرالد 780: 450 نقطة شهريًا، تُستخدم في برنامج المكافآت MORE. النقاط الترفيهية (Entertainment E-Coins) في باقة اميرالد 780: 3,375 نقطة ترفيهية شهريًا، يختار بها العميل خدماته الترفيهية من Twist Sport و Twist Music و Twist TV و TOD و VIU و شاهد و Starzplay و Amazon Prime. خصم فنادق Emerald GTO في باقة اميرالد 780: 10% على أقل سعر للفنادق المتاح على الإنترنت في جميع أنحاء العالم. الحد الأقصى لتقسيط الهاتف المحمول في باقة اميرالد 780: حتى 30,000 جنيه. المزايا الخاصة في باقة اميرالد 780: لا توجد مزايا خاصة إضافية، عدا خصم 25% على نادي MOVE.', 'Bundle: One-and-a-Half-Pound Menu\n9. Frequently Asked Questions about Simple Prepaid Plans\nThe following frequently asked questions are structured so that an information retrieval\nsystem can fetch each complete answer independently:\nWhat is the difference between Aqwa Card and Hekaya Mix from e& Egypt? Aqwa Card from e& Egypt is a simple prepaid recharge system that does not require a\nmonthly bundle subscription; the customer receives Mixes and internet/video/social\nminutes with every recharge ranging from 5 EGP to 75 EGP. In contrast, Hekaya Mix is a\nlarger system offering fixed monthly bundles and broader features such as Home Internet\nand family lines. What is the Ahlan Super Yes plan from e& Egypt? The Ahlan Super Yes plan from e& Egypt is a prepaid tariff based on favorite numbers. Local minutes cost 15 piastres, SMS costs 30 piastres, minutes to other networks cost 25\npiastres, while calls and SMS to favorite numbers (up to 10 numbers chosen by the\ncustomer) cost only 7 piastres. How does a customer set favorite numbers in Ahlan Super Yes? In the Ahlan Super Yes plan from e& Egypt, the customer sets favorite numbers in one of\ntwo ways: calling 535 at a cost of 60 piastres per call and following the prompts, or sending\nthe number via SMS to 535 at a cost of 7 piastres. Changing or editing the list is free once\nevery month. What is the Ahlan by the Second plan from e& Egypt? The Ahlan by the Second plan from e& Egypt is a prepaid tariff that bills by the second\ninstead of the minute. The rate varies by time: 3 milliemes per second for the night period\n(from 12 midnight to 6 AM), and 4 milliemes per second for the daytime period (from 6 AM\nto 12 midnight). What is the Daily Bundle in e& Egypt? The Daily Bundle in e& Egypt is one of two quick bundles: 55 Mixes for 1.5 EGP (code\n*972#) or 120 Mixes for 2.5 EGP (code *973#). It is valid until midnight on the same day of\nsubscription. What are the Menu El Geneh bundles from e& Egypt? Menu El Geneh from e& Egypt consists of 3 micro-bundles under code *101#: Half-Pound\nMenu (30 minutes to e& Egypt + 15 minutes to any network at 7 piastres/min), One-Pound\nMenu (60/30 + 20 MB), and One-and-a-Half-Pound Menu (120/60 + 40 MB). What is the difference between Aqwa Card 19, 22.5, and 30 recharges from e& Egypt? The main differences between these Aqwa Card recharges from e& Egypt are: The 19 EGP\nrecharge offers 425 Mixes + 300 video/entertainment/social minutes + 400 Mix Hekaya Mini\nrecharge, valid for 6 days. The 22.5 EGP recharge offers 550 Mixes + 320 minutes + 525 Mix\nHekaya Mini recharge, valid for 7 days. The 30 EGP recharge offers 750 Mixes + 400\nminutes + 700 Mix Hekaya Mini recharge, valid for 10 days. What is the difference between Aqwa Card 44 and 45 recharges from e& Egypt? The Aqwa Card 44 recharge from e& Egypt costs 44 EGP and gives the customer 1,100\nMixes with a 14-day validity, without video/entertainment minutes or a Hekaya Mini\nrecharge. Meanwhile, the Aqwa Card 45 recharge costs 45 EGP and gives only 700 Mixes,\nbut with a longer validity (28 days). Can a customer switch between different plans? Yes, an e& Egypt customer can switch between different plans (Ahlan Pay As You Go, Daily\nPlans, Menu El Geneh) via the code *3333# or through the My e& Egypt app. Switching\nbetween Daily Bundles in e& Egypt is free of charge. What is the code *811# in e& Egypt? The code *811# in e& Egypt is the unified subscription code for all Aqwa Card recharges\nranging from 5 EGP to 75 EGP. What is the code *3333# in e& Egypt? The code *3333# in e& Egypt is the general code for migrating between plans, inquiring\nabout offers, changing bundles, and checking balances.', '9. إجابات شائعة عن أنظمة الـ prepaid البسيطة\nالأسئلة الشائعة التالية مصاغة بحيث يمكن لنظام الاسترجاع جلب الإجابة كاملة بمفردها:\nما الفرق بين أقوى كارت وحكاية ميكسات من إي آند مصر؟\nأقوى كارت من إي آند مصر هو نظام شحن prepaid بسيط لا يشترط الاشتراك في باقة شهرية، يحصل العميل فيه على ميكسات ودقائق إنترنت/فيديو/سوشيال مع كل شحنة من 5 جنيه إلى 75 جنيه. أما حكاية ميكسات فهو نظام أكبر بباقات شهرية ثابتة وخيارات أوسع مثل الإنترنت المنزلي وخطوط العائلة. ما هو نظام أهلا super yes من إي آند مصر؟\nنظام أهلا super yes من إي آند مصر هو خطة أسعار prepaid تعتمد على الأرقام المفضلة. الدقيقة المحلية بـ 15 قرشًا، والرسالة بـ 30 قرشًا، والدقيقة للشبكات الأخرى بـ 25 قرشًا، أما الأرقام المفضلة (حتى 10 أرقام يحددها العميل) فالدقيقة والرسالة لها بـ 7 قروش فقط. كيف يضبط العميل الأرقام المفضلة في أهلا super yes؟\nفي نظام أهلا super yes من إي آند مصر، يضبط العميل أرقامه المفضلة بأحد طريقتين: اتصال بالرقم 535 بتكلفة 60 قرشًا للمكالمة واتباع التعليمات، أو إرسال الرقم في رسالة قصيرة إلى الرقم 535 بتكلفة 7 قروش. التغيير أو التعديل مجاني مرة واحدة كل شهر.', '1. نظرة عامة على أنظمة الـ prepaid البسيطة\nتقدّم إي آند مصر مجموعة من أنظمة الـ prepaid البسيطة المخصصة لشرائح مختلفة من العملاء، تختلف عن أنظمة حكاية ميكسات وحكاية انترنت في كونها أبسط وأقصر مدةً وأقل سعرًا في الغالب. تشمل هذه الأنظمة الأربعة التالية:\nنظام أقوى كارت من إي آند مصر: نظام prepaid قائم على الشحن، يضم 8 شحنات من 5 جنيه إلى 75 جنيه، صلاحيات من يومين إلى 28 يومًا، تمنح ميكسات ودقائق فيديو/تسلية/سوشيال وأحيانًا شحنة حكاية ميني مدمجة. نظام أهلا حسب الاستخدام من إي آند مصر: 3 خطط أسعار للمحاسبة لكل استخدام بدون باقات (15 قرش كل حاجة، super yes، أهلاً بالثانية).']","Here's the difference in internet offerings between Emerald 430 and the higher Emerald tiers:

### Emerald 430
- Local Internet: **12 GB per month**
- Roaming Internet: **50 MB per month + 1.5 GB twice a year**
- eHome DSL discount deducts **2 GB** from local internet quota if applied
- Internet rollover and borrowing from next month available
- Internet can be distributed among family members

### Higher Emerald Tiers (780, 1120, 1725, 3450)
- These tiers offer progressively larger local internet quotas (not fully detailed here, but implied larger than 12 GB)
- Roaming Internet increases with tier:
  - Emerald 780: **50 MB per month + 5 GB twice a year**
  - Emerald 1725: **50 MB per month + 10 GB three times a year**
  - Emerald 3450: **50 MB per month + 10 GB four times a year**
- eHome DSL discount deducts larger portions of local internet quota depending on tier:
  - Emerald 780: 3 GB
  - Emerald 1120: 5 GB
  - Emerald 1725 & 3450: 10 GB
- Internet rollover and borrowing from next month available
- Internet distribution among family members allowed

In summary, higher Emerald tiers provide significantly more local internet data and more roaming internet allowance compared to Emerald 430, with larger deductions for eHome DSL discount reflecting the bigger quotas [2][3].",1.0,0.9809557946041035
Compare Hekaya Mixat 52 and Hekaya Mixat 180.,"[""Bundle: Extra 15\n8. Family Lines in Hekaya Mixat\nHekaya Mixat allows sharing the base bundle with family members. Allowed additional\nlines per bundle:\n• Hekaya Mixat 52: No additional family lines allowed. • Hekaya Mixat 69: No additional family lines allowed. • Hekaya Mixat 92: 1 additional family line. • Hekaya Mixat 120: 1 additional family line. • Hekaya Mixat 180: 2 additional family lines. • Hekaya Mixat 270: 3 additional family lines. Mix Distribution to Family Lines\nWhen adding a family line, the primary line holder can allocate a fixed percentage of the\nprimary bundle's Mixes on a monthly basis:\n• 10% of the primary Hekaya Mixat bundle. • 25% of the primary Hekaya Mixat bundle. • 50% of the primary Hekaya Mixat bundle. In addition to the fixed monthly allocation, the primary line holder can transfer on-demand\nextra Mixes to any family line at any point during the month via *319# or the My e& Egypt\napp. 9. Mix Rollover and Renewals\n• Rollover to the Following Month: Unused Mixes from the current billing cycle roll\nover to the next month if the customer renews on or before the due date. If the\nrenewal is late, leftover Mixes are forfeited. • Consumption Priority: Consumption is drawn first from the current month's base\nbundle Mixes, then from rolled-over Mixes from the previous month. • Out-of-Bundle Rates: After exhausting all bundle Mixes, the customer is billed at a\nflat rate of 19 piasters per minute or megabyte until the bundle is renewed or a new\nadd-on is purchased. • Early Renewal: Customers can renew before the due date after exhausting their\nMixes via the Early Renewal service by dialing *807#."", ""Bundle: Hekaya Mixat 180\nHekaya Mixat 180 is one of the monthly bundles from e& Egypt. Monthly fee including tax:\n257.15 EGP. It includes 9,350 Mixes and 3 favorite numbers (calls charged at 0.5 Mix/min). Upon renewal, the customer receives 360 Coins. Subscription code: *319*155#. • Bundle Name: Hekaya Mixat 180 (Monthly Hekaya Mixat Bundles from e& Egypt). • Monthly Fee (incl. tax): 257.15 EGP. • Mixes Count: 9,350 Mixes. • Favorite Numbers: 3 numbers (charged at 0.5 Mix/minute). • Coins upon Renewal: 360 Coins added to the customer's balance in the e& Egypt\nCoins program. • Facebook & WhatsApp: Available throughout the bundle validity."", ""Bundle: Hekaya Mixat 52\nHekaya Mixat 52 is one of the monthly bundles from e& Egypt. Monthly fee including tax:\n74.29 EGP. It includes 1,900 Mixes and 1 favorite number (calls charged at 0.5 Mix/min). Upon renewal, the customer receives 104 Coins. Subscription code: *319*45#. • Bundle Name: Hekaya Mixat 52 (Monthly Hekaya Mixat Bundles from e& Egypt). • Monthly Fee (incl. tax): 74.29 EGP. • Mixes Count: 1,900 Mixes. • Favorite Numbers: 1 number (charged at 0.5 Mix/minute). • Coins upon Renewal: 104 Coins added to the customer's balance in the e& Egypt\nCoins program. • Facebook & WhatsApp: Included up to 200 MB under the Fair Usage Policy (FUP). • Family Lines: No additional family lines."", ""Bundle: Hekaya Mixat 120\nHekaya Mixat 120 is one of the monthly bundles from e& Egypt. Monthly fee including tax:\n171.44 EGP. It includes 5,375 Mixes and 2 favorite numbers (calls charged at 0.5 Mix/min). Upon renewal, the customer receives 240 Coins. Subscription code: *319*105#. • Bundle Name: Hekaya Mixat 120 (Monthly Hekaya Mixat Bundles from e& Egypt). • Monthly Fee (incl. tax): 171.44 EGP. • Mixes Count: 5,375 Mixes. • Favorite Numbers: 2 numbers (charged at 0.5 Mix/minute). • Coins upon Renewal: 240 Coins added to the customer's balance in the e& Egypt\nCoins program. • Facebook & WhatsApp: Available throughout the bundle validity."", 'Bundle: Extra 15\n10. Weekly Renewal in Hekaya Mixat\nHekaya Mixat allows weekly renewals instead of full monthly renewals via the *809# USSD\ncodes:\n• Renew for 1 week: Dial *809*1#. • Renew for 2 weeks: Dial *809*2#. • Renew for 3 weeks: Dial *809*3#. Weekly Consumption Limits by Bundle (Legacy Systems)\nWeekly consumption limits correspond to previous tier names in Hekaya Mixat:\n• Hekaya Mixat 35: Weekly max consumption: 120 Mixes / 240 minutes. • Hekaya Mixat 50: Weekly max consumption: 400 Mixes / 800 minutes. • Hekaya Mixat 65: Weekly max consumption: 500 Mixes / 1,000 minutes. • Hekaya Mixat 100: Weekly max consumption: 850 Mixes / 1,700 minutes. • Hekaya Mixat 150: Weekly max consumption: 1,500 Mixes / 3,000 minutes. • Hekaya Mixat 200: Weekly max consumption: 2,700 Mixes / 5,400 minutes. Note: The bundle names above (35, 50, 65, 100, 150, 200) reflect an older naming system\nand may differ from current active plans (52, 69, 92, 120, 180, 270). Fair usage rules apply\nonce limits are reached.', ""Bundle: Hekaya Mixat 92\nHekaya Mixat 92 is one of the monthly bundles from e& Egypt. Monthly fee including tax:\n131.44 EGP. It includes 3,750 Mixes and 2 favorite numbers (calls charged at 0.5 Mix/min). Upon renewal, the customer receives 184 Coins. Subscription code: *319*80#. • Bundle Name: Hekaya Mixat 92 (Monthly Hekaya Mixat Bundles from e& Egypt). • Monthly Fee (incl. tax): 131.44 EGP. • Mixes Count: 3,750 Mixes. • Favorite Numbers: 2 numbers (charged at 0.5 Mix/minute). • Coins upon Renewal: 184 Coins added to the customer's balance in the e& Egypt\nCoins program. • Facebook & WhatsApp: Available throughout the bundle validity."", ""Bundle: Hekaya Mixat 270\nHekaya Mixat 270 is one of the monthly bundles from e& Egypt. Monthly fee including tax:\n385.72 EGP. It includes 15,400 Mixes and 3 favorite numbers (calls charged at 0.5\nMix/min). Upon renewal, the customer receives 540 Coins. Subscription code: *319*235#. • Bundle Name: Hekaya Mixat 270 (Monthly Hekaya Mixat Bundles from e& Egypt). • Monthly Fee (incl. tax): 385.72 EGP. • Mixes Count: 15,400 Mixes. • Favorite Numbers: 3 numbers (charged at 0.5 Mix/minute). • Coins upon Renewal: 540 Coins added to the customer's balance in the e& Egypt\nCoins program. • Facebook & WhatsApp: Available throughout the bundle validity. • Family Lines: 3 additional family lines. • Home Internet: 150 GB Home Internet option available in this bundle. • Included Entertainment Subscriptions: VIU, Twist Music, Twist TV, Starzplay,\nShahid Mobile. • Subscription Code: *319*235#."", ""Bundle: Hekaya Mixat 69\nHekaya Mixat 69 is one of the monthly bundles from e& Egypt. Monthly fee including tax:\n98.58 EGP. It includes 2,800 Mixes and 1 favorite number (calls charged at 0.5 Mix/min). Upon renewal, the customer receives 138 Coins. Subscription code: *319*60#. • Bundle Name: Hekaya Mixat 69 (Monthly Hekaya Mixat Bundles from e& Egypt). • Monthly Fee (incl. tax): 98.58 EGP. • Mixes Count: 2,800 Mixes. • Favorite Numbers: 1 number (charged at 0.5 Mix/minute). • Coins upon Renewal: 138 Coins added to the customer's balance in the e& Egypt\nCoins program. • Facebook & WhatsApp: Included up to 200 MB under the Fair Usage Policy (FUP). • Family Lines: No additional family lines."", 'Bundle: One-and-a-Half-Pound Menu\n9. Frequently Asked Questions about Simple Prepaid Plans\nThe following frequently asked questions are structured so that an information retrieval\nsystem can fetch each complete answer independently:\nWhat is the difference between Aqwa Card and Hekaya Mix from e& Egypt? Aqwa Card from e& Egypt is a simple prepaid recharge system that does not require a\nmonthly bundle subscription; the customer receives Mixes and internet/video/social\nminutes with every recharge ranging from 5 EGP to 75 EGP. In contrast, Hekaya Mix is a\nlarger system offering fixed monthly bundles and broader features such as Home Internet\nand family lines. What is the Ahlan Super Yes plan from e& Egypt? The Ahlan Super Yes plan from e& Egypt is a prepaid tariff based on favorite numbers. Local minutes cost 15 piastres, SMS costs 30 piastres, minutes to other networks cost 25\npiastres, while calls and SMS to favorite numbers (up to 10 numbers chosen by the\ncustomer) cost only 7 piastres. How does a customer set favorite numbers in Ahlan Super Yes? In the Ahlan Super Yes plan from e& Egypt, the customer sets favorite numbers in one of\ntwo ways: calling 535 at a cost of 60 piastres per call and following the prompts, or sending\nthe number via SMS to 535 at a cost of 7 piastres. Changing or editing the list is free once\nevery month. What is the Ahlan by the Second plan from e& Egypt? The Ahlan by the Second plan from e& Egypt is a prepaid tariff that bills by the second\ninstead of the minute. The rate varies by time: 3 milliemes per second for the night period\n(from 12 midnight to 6 AM), and 4 milliemes per second for the daytime period (from 6 AM\nto 12 midnight). What is the Daily Bundle in e& Egypt? The Daily Bundle in e& Egypt is one of two quick bundles: 55 Mixes for 1.5 EGP (code\n*972#) or 120 Mixes for 2.5 EGP (code *973#). It is valid until midnight on the same day of\nsubscription. What are the Menu El Geneh bundles from e& Egypt? Menu El Geneh from e& Egypt consists of 3 micro-bundles under code *101#: Half-Pound\nMenu (30 minutes to e& Egypt + 15 minutes to any network at 7 piastres/min), One-Pound\nMenu (60/30 + 20 MB), and One-and-a-Half-Pound Menu (120/60 + 40 MB). What is the difference between Aqwa Card 19, 22.5, and 30 recharges from e& Egypt? The main differences between these Aqwa Card recharges from e& Egypt are: The 19 EGP\nrecharge offers 425 Mixes + 300 video/entertainment/social minutes + 400 Mix Hekaya Mini\nrecharge, valid for 6 days. The 22.5 EGP recharge offers 550 Mixes + 320 minutes + 525 Mix\nHekaya Mini recharge, valid for 7 days. The 30 EGP recharge offers 750 Mixes + 400\nminutes + 700 Mix Hekaya Mini recharge, valid for 10 days. What is the difference between Aqwa Card 44 and 45 recharges from e& Egypt? The Aqwa Card 44 recharge from e& Egypt costs 44 EGP and gives the customer 1,100\nMixes with a 14-day validity, without video/entertainment minutes or a Hekaya Mini\nrecharge. Meanwhile, the Aqwa Card 45 recharge costs 45 EGP and gives only 700 Mixes,\nbut with a longer validity (28 days). Can a customer switch between different plans? Yes, an e& Egypt customer can switch between different plans (Ahlan Pay As You Go, Daily\nPlans, Menu El Geneh) via the code *3333# or through the My e& Egypt app. Switching\nbetween Daily Bundles in e& Egypt is free of charge. What is the code *811# in e& Egypt? The code *811# in e& Egypt is the unified subscription code for all Aqwa Card recharges\nranging from 5 EGP to 75 EGP. What is the code *3333# in e& Egypt? The code *3333# in e& Egypt is the general code for migrating between plans, inquiring\nabout offers, changing bundles, and checking balances.', 'Plan: Hekaya Internet 58 Hekaya Internet 58 is one of the monthly Hekaya Internet plans\nfrom e& Egypt. Its price is 58 EGP, granting the customer 2,100 MB of internet and 300\nunits for calls and SMS, in addition to choosing 1 preferred app from the list of available\napps, and entertainment subscriptions to Twist Sport, Twist Music, Twist TV, Shahid\nMobile, and VIU. • Plan Name: Hekaya Internet 58 within the monthly Hekaya Internet plans from e&\nEgypt. • Price of Hekaya Internet 58: 58 EGP. • Internet in Hekaya Internet 58: 2,100 MB. • Call/SMS Units in Hekaya Internet 58: 300 units (1 min to e& Egypt = 1 unit, 1 min\nto other networks = 5 units). • Number of apps the customer chooses in Hekaya Internet 58: 1 app from a list of\n12 available apps (Facebook, WhatsApp, Instagram, Telegram, TikTok, Anghami,\nSoundCloud, Shahid, Netflix, Watchit, YouTube, PUBG).', 'Plan: Hekaya Internet 480 Hekaya Internet 480 is one of the monthly Hekaya Internet\nplans from e& Egypt. Its price is 480 EGP, granting the customer 30,000 MB of internet and\n300 units for calls and SMS, in addition to choosing up to 3 preferred apps from the list of\navailable apps, and entertainment subscriptions to Twist Sport, Twist Music, Twist TV,\nStarzplay, Shahid VIP, VIU, and TOD. • Plan Name: Hekaya Internet 480 within the monthly Hekaya Internet plans from e&\nEgypt. • Price of Hekaya Internet 480: 480 EGP. • Internet in Hekaya Internet 480: 30,000 MB. • Call/SMS Units in Hekaya Internet 480: 300 units (1 min to e& Egypt = 1 unit, 1 min\nto other networks = 5 units). • Number of apps the customer chooses in Hekaya Internet 480: Up to 3 apps\nfrom a list of 12 available apps (Facebook, WhatsApp, Instagram, Telegram, TikTok,\nAnghami, SoundCloud, Shahid, Netflix, Watchit, YouTube, PUBG). • Basic Entertainment Services in Hekaya Internet 480: Twist Sport, Twist Music,\nTwist TV, Starzplay, and Shahid VIP.', 'Plan: Hekaya Internet 132 Hekaya Internet 132 is one of the monthly Hekaya Internet\nplans from e& Egypt. Its price is 132 EGP, granting the customer 6,750 MB of internet and\n300 units for calls and SMS, in addition to choosing up to 2 preferred apps from the list of\navailable apps, and entertainment subscriptions to Twist Sport, Twist Music, Twist TV,\nStarzplay, Shahid Mobile, and VIU. • Plan Name: Hekaya Internet 132 within the monthly Hekaya Internet plans from e&\nEgypt. • Price of Hekaya Internet 132: 132 EGP. • Internet in Hekaya Internet 132: 6,750 MB. • Call/SMS Units in Hekaya Internet 132: 300 units (1 min to e& Egypt = 1 unit, 1 min\nto other networks = 5 units). • Number of apps the customer chooses in Hekaya Internet 132: Up to 2 apps\nfrom a list of 12 available apps (Facebook, WhatsApp, Instagram, Telegram, TikTok,\nAnghami, SoundCloud, Shahid, Netflix, Watchit, YouTube, PUBG). • Basic Entertainment Services in Hekaya Internet 132: Twist Sport, Twist Music,\nTwist TV, Starzplay, and Shahid Mobile.', 'Plan: Hekaya Internet 600 Hekaya Internet 600 is one of the monthly Hekaya Internet\n• Number of units in the plan: 200 units.', 'Aqwa Card 19 is one of the Aqwa Card recharges from e& Egypt priced at 19 EGP. It\nprovides the customer with 425 Mixes, megabytes, or minutes to all networks, in addition\nto 300 minutes for video, entertainment, or social websites, plus an embedded Hekaya\nMini recharge worth 400 Mixes + Facebook and WhatsApp, and is valid for 6 days. Subscription is via the code *811#.', 'Aqwa Card 22.5 is one of the Aqwa Card recharges from e& Egypt priced at 22.5 EGP. It\nprovides the customer with 550 Mixes, megabytes, or minutes to all networks, in addition\nto 320 minutes for video, entertainment, or social websites, plus an embedded Hekaya\nMini recharge worth 525 Mixes + Facebook and WhatsApp, and is valid for 7 days. Subscription is via the code *811#.']","### Comparison: Hekaya Mixat 52 vs. Hekaya Mixat 180

| Feature                  | Hekaya Mixat 52                          | Hekaya Mixat 180                         |
|--------------------------|-----------------------------------------|-----------------------------------------|
| **Monthly Fee (incl. tax)** | 74.29 EGP                              | 257.15 EGP                             |
| **Mixes Count**           | 1,900 Mixes                            | 9,350 Mixes                           |
| **Favorite Numbers**      | 1 number (calls charged at 0.5 Mix/min) | 3 numbers (calls charged at 0.5 Mix/min) |
| **Coins upon Renewal**    | 104 Coins                             | 360 Coins                             |
| **Facebook & WhatsApp**  | Included up to 200 MB under Fair Usage Policy (FUP) | Available throughout the bundle validity |
| **Family Lines**          | No additional family lines allowed    | 2 additional family lines allowed    |
| **Subscription Code**    | `*319*45#`                            | `*319*155#`                          |
| **Other Features**        | -                                     | Includes Facebook & WhatsApp, family sharing, and more Mixes |

**Summary:**  
- Hekaya Mixat 180 offers a much larger bundle with 9,350 Mixes and 3 favorite numbers, suitable for heavy users or families (allows 2 additional family lines).  
- Hekaya Mixat 52 is more affordable with 1,900 Mixes and 1 favorite number, ideal for lighter users without family sharing needs.  
- Both plans provide Facebook & WhatsApp access, but Hekaya Mixat 180 offers it without data limits.  
- Hekaya Mixat 180 also rewards more Coins on renewal and supports family line sharing, making it more versatile for multiple users[2][3].",1.0,0.9474371133755869
Should I get a Data Line package or a Hekaya Internet plan if I only need internet?,"['Plan: Mini Hekaya Internet 63 (for 3 weeks) Mini Hekaya Internet 63 (for 3 weeks) is one of\n14. Frequently Asked Questions about Hekaya Internet Plans\nThe following FAQs are phrased so that a retrieval system can fetch the complete answer\non its own:\nWhat are the Hekaya Internet plans from e& Egypt? Hekaya Internet is a portfolio of\nprepaid mobile plans from e& Egypt, designed for customers who need a lot of internet. It\nincludes 12 monthly plans starting from Hekaya Internet 46 up to Hekaya Internet 600, 9\nshort-term mini plans, and extra unit plans. How many apps can a customer choose in Hekaya Internet? In Hekaya Internet plans\nfrom e& Egypt, a customer can choose only 1 app in the Hekaya Internet 46 and 58 plans,\nup to 2 apps in plans from 80 to 165, and up to 3 apps in plans from 205 to 600. What is the list of available apps to choose from in Hekaya Internet? In Hekaya Internet\nfrom e& Egypt, the apps available to choose are: Facebook, WhatsApp, Instagram,\nTelegram, TikTok, Anghami, SoundCloud, Shahid, Netflix, Watchit, YouTube, and PUBG. A\ntotal of 12 apps.', ""Plan: Hekaya Internet 600 Hekaya Internet 600 is one of the monthly Hekaya Internet\n• Number of units in the plan: 3000 units. • Type of the 3000 units extra plan: One-time, or auto-renewing based on\ncustomer's choice. • Usage of the 3000 units extra plan: Calls and SMS only — does not include\ninternet. • Cost of calls with the extra plan: 1 unit per minute or SMS to e& Egypt numbers,\nand 5 units per minute or SMS to other networks. 6. Mini Hekaya Internet Plans — 1 Week Validity\nMini Hekaya Internet plans from e& Egypt that last for 7 days. Every plan includes internet +\n60 units for calls and SMS."", ""Plan: Mini Hekaya Internet 63 (for 3 weeks) Mini Hekaya Internet 63 (for 3 weeks) is one of\nDo Hekaya Internet plans auto-renew? Mini Hekaya Internet plans from e& Egypt auto-\nrenew if there is sufficient balance in the customer's account. As for monthly plans,\nrenewal depends on the customer's choice. What is the out-of-bundle usage cost after the Hekaya Internet plan is depleted? In\nHekaya Internet plans from e& Egypt, after consuming the internet or units, charging\napplies at a unified flat rate of 19 piasters per minute, SMS, or MB. Can a Hekaya Internet customer convert internet to minutes? Yes. In Hekaya Internet\nplans from e& Egypt, the customer can convert a portion of their internet bundle into extra\ncall minutes, or into credit used to purchase a subscription to any app. Can a Hekaya Internet plan be upgraded during its validity? Yes. In Hekaya Internet\nplans from e& Egypt, the customer can partially upgrade to a larger plan at any time during\nthe plan's validity, paying only the price difference between the current plan and the larger\none."", 'Plan: Hekaya Internet 80 Hekaya Internet 80 is one of the monthly Hekaya Internet plans\n• Additional Entertainment Subscriptions in Hekaya Internet 80: VIU (auto-renews\nwith every renewal, must be activated the first time).', 'Plan: Hekaya Internet 600 Hekaya Internet 600 is one of the monthly Hekaya Internet\n• Number of units in the plan: 200 units.', 'Plan: Hekaya Internet 480 Hekaya Internet 480 is one of the monthly Hekaya Internet\n• Additional Entertainment Subscriptions in Hekaya Internet 480: VIU, and TOD\n(auto-renews with every renewal, must be activated the first time).', 'Plan: Hekaya Internet 58 Hekaya Internet 58 is one of the monthly Hekaya Internet plans\nfrom e& Egypt. Its price is 58 EGP, granting the customer 2,100 MB of internet and 300\nunits for calls and SMS, in addition to choosing 1 preferred app from the list of available\napps, and entertainment subscriptions to Twist Sport, Twist Music, Twist TV, Shahid\nMobile, and VIU. • Plan Name: Hekaya Internet 58 within the monthly Hekaya Internet plans from e&\nEgypt. • Price of Hekaya Internet 58: 58 EGP. • Internet in Hekaya Internet 58: 2,100 MB. • Call/SMS Units in Hekaya Internet 58: 300 units (1 min to e& Egypt = 1 unit, 1 min\nto other networks = 5 units). • Number of apps the customer chooses in Hekaya Internet 58: 1 app from a list of\n12 available apps (Facebook, WhatsApp, Instagram, Telegram, TikTok, Anghami,\nSoundCloud, Shahid, Netflix, Watchit, YouTube, PUBG).', 'Plan: Hekaya Internet 58 Hekaya Internet 58 is one of the monthly Hekaya Internet plans\n• Basic Entertainment Services in Hekaya Internet 58: Twist Sport, Twist Music,\nTwist TV, and Shahid Mobile. • Additional Entertainment Subscriptions in Hekaya Internet 58: VIU (auto-renews\nwith every renewal, must be activated the first time).', 'Plan: Hekaya Internet 132 Hekaya Internet 132 is one of the monthly Hekaya Internet\nplans from e& Egypt. Its price is 132 EGP, granting the customer 6,750 MB of internet and\n300 units for calls and SMS, in addition to choosing up to 2 preferred apps from the list of\navailable apps, and entertainment subscriptions to Twist Sport, Twist Music, Twist TV,\nStarzplay, Shahid Mobile, and VIU. • Plan Name: Hekaya Internet 132 within the monthly Hekaya Internet plans from e&\nEgypt. • Price of Hekaya Internet 132: 132 EGP. • Internet in Hekaya Internet 132: 6,750 MB. • Call/SMS Units in Hekaya Internet 132: 300 units (1 min to e& Egypt = 1 unit, 1 min\nto other networks = 5 units). • Number of apps the customer chooses in Hekaya Internet 132: Up to 2 apps\nfrom a list of 12 available apps (Facebook, WhatsApp, Instagram, Telegram, TikTok,\nAnghami, SoundCloud, Shahid, Netflix, Watchit, YouTube, PUBG). • Basic Entertainment Services in Hekaya Internet 132: Twist Sport, Twist Music,\nTwist TV, Starzplay, and Shahid Mobile.', 'Plan: Hekaya Internet 105 Hekaya Internet 105 is one of the monthly Hekaya Internet\nplans from e& Egypt. Its price is 105 EGP, granting the customer 4,750 MB of internet and\n300 units for calls and SMS, in addition to choosing up to 2 preferred apps from the list of\navailable apps, and entertainment subscriptions to Twist Sport, Twist Music, Twist TV,\nShahid Mobile, and VIU. • Plan Name: Hekaya Internet 105 within the monthly Hekaya Internet plans from e&\nEgypt. • Price of Hekaya Internet 105: 105 EGP. • Internet in Hekaya Internet 105: 4,750 MB. • Call/SMS Units in Hekaya Internet 105: 300 units (1 min to e& Egypt = 1 unit, 1 min\nto other networks = 5 units). • Number of apps the customer chooses in Hekaya Internet 105: Up to 2 apps\nfrom a list of 12 available apps (Facebook, WhatsApp, Instagram, Telegram, TikTok,\nAnghami, SoundCloud, Shahid, Netflix, Watchit, YouTube, PUBG). • Basic Entertainment Services in Hekaya Internet 105: Twist Sport, Twist Music,\nTwist TV, and Shahid Mobile.', 'Plan: Hekaya Internet 80 Hekaya Internet 80 is one of the monthly Hekaya Internet plans\nfrom e& Egypt. Its price is 80 EGP, granting the customer 3,250 MB of internet and 300\nunits for calls and SMS, in addition to choosing up to 2 preferred apps from the list of\navailable apps, and entertainment subscriptions to Twist Sport, Twist Music, Twist TV,\nShahid Mobile, and VIU. • Plan Name: Hekaya Internet 80 within the monthly Hekaya Internet plans from e&\nEgypt. • Price of Hekaya Internet 80: 80 EGP. • Internet in Hekaya Internet 80: 3,250 MB. • Call/SMS Units in Hekaya Internet 80: 300 units (1 min to e& Egypt = 1 unit, 1 min\nto other networks = 5 units). • Number of apps the customer chooses in Hekaya Internet 80: Up to 2 apps from\na list of 12 available apps (Facebook, WhatsApp, Instagram, Telegram, TikTok,\nAnghami, SoundCloud, Shahid, Netflix, Watchit, YouTube, PUBG). • Basic Entertainment Services in Hekaya Internet 80: Twist Sport, Twist Music,\nTwist TV, and Shahid Mobile.', 'Plan: Hekaya Internet 165 Hekaya Internet 165 is one of the monthly Hekaya Internet\nplans from e& Egypt. Its price is 165 EGP, granting the customer 8,750 MB of internet and\n300 units for calls and SMS, in addition to choosing up to 2 preferred apps from the list of\navailable apps, and entertainment subscriptions to Twist Sport, Twist Music, Twist TV,\nStarzplay, Shahid Mobile, and VIU. • Plan Name: Hekaya Internet 165 within the monthly Hekaya Internet plans from e&\nEgypt. • Price of Hekaya Internet 165: 165 EGP. • Internet in Hekaya Internet 165: 8,750 MB. • Call/SMS Units in Hekaya Internet 165: 300 units (1 min to e& Egypt = 1 unit, 1 min\nto other networks = 5 units). • Number of apps the customer chooses in Hekaya Internet 165: Up to 2 apps\nfrom a list of 12 available apps (Facebook, WhatsApp, Instagram, Telegram, TikTok,\nAnghami, SoundCloud, Shahid, Netflix, Watchit, YouTube, PUBG).', 'Plan: Hekaya Internet 46 Hekaya Internet 46 is one of the monthly Hekaya Internet plans\n• Basic Entertainment Services in Hekaya Internet 46: Twist Sport, Twist Music,\nTwist TV, and Shahid Mobile. • Additional Entertainment Subscriptions in Hekaya Internet 46: VIU (auto-renews\nwith every renewal, must be activated the first time).', 'Plan: Hekaya Internet 205 Hekaya Internet 205 is one of the monthly Hekaya Internet\nplans from e& Egypt. Its price is 205 EGP, granting the customer 11,500 MB of internet and\n300 units for calls and SMS, in addition to choosing up to 3 preferred apps from the list of\navailable apps, and entertainment subscriptions to Twist Sport, Twist Music, Twist TV,\nStarzplay, Shahid Mobile, and VIU. • Plan Name: Hekaya Internet 205 within the monthly Hekaya Internet plans from e&\nEgypt. • Price of Hekaya Internet 205: 205 EGP. • Internet in Hekaya Internet 205: 11,500 MB. • Call/SMS Units in Hekaya Internet 205: 300 units (1 min to e& Egypt = 1 unit, 1 min\nto other networks = 5 units). • Number of apps the customer chooses in Hekaya Internet 205: Up to 3 apps\nfrom a list of 12 available apps (Facebook, WhatsApp, Instagram, Telegram, TikTok,\nAnghami, SoundCloud, Shahid, Netflix, Watchit, YouTube, PUBG).', 'Plan: Mini Hekaya Internet 63 (for 3 weeks) Mini Hekaya Internet 63 (for 3 weeks) is one of\nHow many call units are in every Hekaya Internet plan? All monthly Hekaya Internet\nplans from e& Egypt include 300 units for calls and SMS. A minute to e& Egypt = 1 unit, and\na minute to other networks = 5 units. What is the difference between Hekaya Internet and Hekaya Mixes from e& Egypt? Hekaya Internet from e& Egypt focuses primarily on internet (starting from 1,250 MB up to\n50,000 MB), along with 300 call units. Hekaya Mixes, on the other hand, relies on a unified\n""Mix"" unit that serves both calls and internet together, focusing more heavily on calls. How does a Hekaya Internet customer get cashback? A Hekaya Internet customer from\ne& Egypt receives cashback in their e& money wallet in two cases: First — if they have\nremaining unused MBs from the plan, the balance is converted to cashback. Second —\nwhen renewing the plan on or before its due date, and the cashback increases with\nconsecutive renewals. What are Mini Hekaya Internet plans? Mini Hekaya Internet from e& Egypt are 9 short-\nterm plans divided across 3 validities: 7 days (10.5, 15, 21 EGP), two weeks (23, 32, 41\nEGP), and 3 weeks (32, 46, 63 EGP). They include internet and call units.']","If you only need internet, a **Hekaya Internet plan** would be more suitable for you. Hekaya Internet plans are designed primarily for customers who need a lot of internet, offering various monthly and mini plans with internet quotas ranging from 1,250 MB up to 50,000 MB, along with 300 call units included. These plans also allow you to choose preferred apps for data usage and come with entertainment subscriptions depending on the plan level.

In contrast, Data Line packages are not detailed in the provided context, but Hekaya Internet plans specifically focus on internet usage, making them the better choice for internet-only needs. For example, you can choose from plans like Hekaya Internet 58 with 2,100 MB internet or Mini Hekaya Internet 63 for 3 weeks if you want a short-term option with internet and call units included[1][7].",1.0,0.9192030390839753
"I have a high budget but low usage, what do you recommend?","['2-week category (1,100 MB) and another in the 3-week category (850 MB). The customer\nmust distinguish between them when subscribing.', 'Package: Emerald 780 The Emerald 780 package is one of the Emerald postpaid packages\n• Outgoing Roaming Minutes in Emerald 780: 30 minutes. • Incoming Roaming Minutes in Emerald 780: 15 minutes. • Roaming Internet in Emerald 780: 50 MB per month, plus 5 GB twice a year. • Extra Emerald Points in Emerald 780: 450 points per month, used in the MORE\nrewards program. • Entertainment E-Coins in Emerald 780: 3,375 E-Coins per month, used by the\ncustomer to choose entertainment services from Twist Sport, Twist Music, Twist TV,\nTOD, VIU, Shahid, Starzplay, and Amazon Prime. • Emerald GTO Hotel Discount in Emerald 780: 10% off the lowest available online\nhotel rates worldwide. • Maximum Mobile Phone Installment Limit in Emerald 780: Up to 30,000 EGP. • Special Privileges in Emerald 780: No additional special privileges, except for a\n25% discount on MOVE Club.', 'Package: Emerald 430 The Emerald 430 package is one of the Emerald postpaid packages\n• Outgoing Roaming Minutes in Emerald 430: 10 minutes. • Incoming Roaming Minutes in Emerald 430: None. • Roaming Internet in Emerald 430: 50 MB per month, plus 1.5 GB twice a year. • Extra Emerald Points in Emerald 430: 250 points per month, used in the MORE\nrewards program. • Entertainment E-Coins in Emerald 430: 1,875 E-Coins per month, used by the\ncustomer to choose entertainment services from Twist Sport, Twist Music, Twist TV,\nTOD, VIU, Shahid, Starzplay, and Amazon Prime. • Emerald GTO Hotel Discount in Emerald 430: 10% off the lowest available online\nhotel rates worldwide. • Maximum Mobile Phone Installment Limit in Emerald 430: Up to 15,000 EGP. • Special Privileges in Emerald 430: No additional special privileges, except for a\n25% discount on MOVE Club.', 'Emerald 1120, Emerald 1725, and Emerald 3450.\nEmerald Packages Pricing & Taxes Summary\nAll mentioned prices for Emerald packages are before adding taxes. The following taxes\nand fees are added to the base price of each package:\n• An 8% Schedule Tax on the base price of the Emerald package. • A 14% Value Added Tax (VAT) on the base price of the Emerald package. • A 10 EGP State Resource Development fee applied monthly to every Emerald\npackage. 10. Out-of-Bundle Usage Rates for Emerald\nWhen an Emerald customer exceeds the usage included in their package, the following\nrates apply:\n• Extra local minute outside the Emerald package: 19 piasters per minute. • Extra local SMS outside the Emerald package: 30 piasters per message. • Extra international minute outside the Emerald package: 8 EGP per minute. • Extra international SMS outside the Emerald package: 5 EGP per message. • Extra roaming minute outside the Emerald package: 1.5 EGP per minute. • Extra 7070 Directory minute outside the Emerald package: 1.5 EGP per minute. • Extra Data line after exhausting the allowed Emerald family lines: 50 EGP per\nmonth. • Extra Voice line after exhausting the allowed Emerald family lines: 100 EGP per\nmonth. • Landline added to the Emerald account after exhausting allowed family lines: 10\nEGP per month.', 'Bundle: Hekaya Mini Recharge 30\n5. Exclusive Super Connect Bundles for Hekaya Mixat\ne& Egypt offers Super Connect add-on internet bundles at exclusive discounted rates for\nHekaya Mixat customers—lower than standard public Super Connect prices. The 10\navailable bundles are:\nData Source Note: On the official website, there is a clerical typo for Super Connect 20\nstating 1,750 MB for non-renewed customers (higher than the 1,000 MB for renewed\ncustomers), contradicting the pattern of all other bundles. The likely correct value is 750\nMB, which is adopted in this reference guide.', 'Bundle: Extra 15\nYes. Customers with special needs receive a 50% lifetime discount across all e& Egypt\nHekaya Mixat bundles.', '1. نظرة عامة على أنظمة الـ prepaid البسيطة\nتقدّم إي آند مصر مجموعة من أنظمة الـ prepaid البسيطة المخصصة لشرائح مختلفة من العملاء، تختلف عن أنظمة حكاية ميكسات وحكاية انترنت في كونها أبسط وأقصر مدةً وأقل سعرًا في الغالب. تشمل هذه الأنظمة الأربعة التالية:\nنظام أقوى كارت من إي آند مصر: نظام prepaid قائم على الشحن، يضم 8 شحنات من 5 جنيه إلى 75 جنيه، صلاحيات من يومين إلى 28 يومًا، تمنح ميكسات ودقائق فيديو/تسلية/سوشيال وأحيانًا شحنة حكاية ميني مدمجة. نظام أهلا حسب الاستخدام من إي آند مصر: 3 خطط أسعار للمحاسبة لكل استخدام بدون باقات (15 قرش كل حاجة، super yes، أهلاً بالثانية).', '5. باقات سوبر كونكت الحصرية لحكاية ميكسات\nالقيمة الصحيحة المرجحة هي 750 ميجابايت، وهي المستخدمة في هذا المرجع.', ""Emerald 3450.\n• How to Choose: The subscriber uses their E-Coins balance to choose the apps\nthey wish to subscribe to. Internet Worthy (Internet Flexibility) The Internet Worthy feature in Emerald allows\ncarrying over unused internet to the next month, as well as borrowing a portion of next\nmonth’s internet in advance. • Internet Rollover: Any remaining local internet quota rolls over to the following\nmonth for one month. • Borrowing from Next Month: An Emerald customer can use up to 50% of their next\nmonth's internet quota in advance. • Internet Distribution: Internet can be distributed and transferred among Emerald\nfamily members via the My e& Egypt app or by dialing *800#. • Add-on Packages: Monthly recurring Emerald internet add-ons are available, as\nwell as on-demand add-ons. MOVE Club Discount A health/fitness benefit shared across all Emerald packages,\ngranting the subscriber a 25% discount on MOVE sports club memberships. • Discount Percentage: 25% on MOVE club subscriptions. • Eligibility: All Emerald customers across all packages (430, 780, 1120, 1725, and\n3450)."", 'Emerald 780, 1120, 1725, and 3450.\n• The ""Call Filter"" service (Nas We Nas) is included for free in Emerald packages. • An Emerald customer can benefit from a mobile phone installment plan; the\nmaximum installment value varies based on the Emerald package and subscription\nduration.', '1. نظرة عامة على اميرالد\nبرنامج Emerald Savings للاسترداد النقدي بنسبة 25% من المصاريف اليومية لاستخدامها في السفر. دعم متميز يشمل صالات VIP في المطارات لكبار باقات اميرالد، ومدير حساب شخصي على مدار الساعة.', '8. مسرد المصطلحات\nخط الداتا\nشريحة إنترنت من إي آند مصر مخصصة حصريًا لأجهزة MiFi و USB Modem (وليست للموبايل). تضم 8 باقات بأسعار من 46 إلى 900 جنيه وصلاحيات من شهر إلى 6 شهور. جهاز MiFi\nجهاز Mobile Wi-Fi محمول صغير الحجم يستخدم شريحة خط الداتا من إي آند مصر ويوزّع إشارة Wi-Fi لعدة أجهزة.', 'Package: Emerald 1725 The Emerald 1725 package is one of the Emerald postpaid\npackages from e& Egypt, with a monthly price of 1,725 EGP before taxes. The package\nincludes 70 GB of local internet, 10,000 local minutes, 2,000 SMS per month, and allows\nthe addition of five extra lines to the same account. • Package Name: Emerald 1725. • Monthly Price for Emerald 1725: 1,725 EGP, before adding 8% schedule tax, 14%\nVAT, and a 10 EGP State Resource Development fee. • Local Internet in Emerald 1725: 70 GB per month. • Local Minutes in Emerald 1725: 10,000 minutes per month. • SMS in Emerald 1725: 2,000 messages per month. • Extra Family Lines in Emerald 1725: 5 extra lines on the same Emerald account. • Intra-Family Call Minutes in Emerald 1725: 10,000 free minutes per month\nbetween lines on the same account. • eHome DSL Discount in Emerald 1725: 430 EGP per month. • eHome Wireless Discount in Emerald 1725: 450 EGP per month (cannot be\ncombined with the eHome DSL discount). • International Minutes in Emerald 1725: 60 minutes.', 'Package: Emerald 3450 The Emerald 3450 package is one of the Emerald postpaid\npackages from e& Egypt, with a monthly price of 3,450 EGP before taxes. The package\nincludes 200 GB of local internet, 12,000 local minutes, 2,000 SMS per month, and allows\nthe addition of seven extra lines to the same account. • Package Name: Emerald 3450. • Monthly Price for Emerald 3450: 3,450 EGP, before adding 8% schedule tax, 14%\nVAT, and a 10 EGP State Resource Development fee. • Local Internet in Emerald 3450: 200 GB per month. • Local Minutes in Emerald 3450: 12,000 minutes per month. • SMS in Emerald 3450: 2,000 messages per month. • Extra Family Lines in Emerald 3450: 7 extra lines on the same Emerald account. • Intra-Family Call Minutes in Emerald 3450: 10,000 free minutes per month\nbetween lines on the same account. • eHome DSL Discount in Emerald 3450: 650 EGP per month. • eHome Wireless Discount in Emerald 3450: 800 EGP per month (cannot be\ncombined with the eHome DSL discount). • International Minutes in Emerald 3450: 90 minutes.', 'Bundle: Extra 15\n7. Home Internet Service in Hekaya Mixat\nCustomers subscribed to Hekaya Mixat 180 and Hekaya Mixat 270 can redeem a portion of\ntheir mobile Mixes for a Home Internet quota. Two tiers are available:\nHome Internet 100 GB Bundle\n• Required Units: 5,800 Mixes. • Internet Quota: 100 GB. • Quota Distribution: 70 GB available all day + 30 GB available from 3:00 AM to 10:00\nAM. • Eligibility: Available exclusively for Hekaya Mixat 180 and Hekaya Mixat 270\nsubscribers. Home Internet 150 GB Bundle\n• Required Units: 7,000 Mixes. • Internet Quota: 150 GB. • Quota Distribution: 120 GB available all day + 30 GB available from 3:00 AM to\n10:00 AM. • Eligibility: Available exclusively for Hekaya Mixat 270 subscribers.']","For a high budget but low usage scenario, you might consider the **Emerald 430** package as a sensible balanced option. It offers:

- 10 minutes outgoing roaming, no incoming roaming minutes
- 50 MB roaming internet per month plus 1.5 GB twice a year
- 250 Emerald Points per month for rewards
- 1,875 Entertainment E-Coins monthly for apps like Twist Sport, Twist Music, Twist TV, TOD, VIU, Shahid, Starzplay, and Amazon Prime
- 10% discount on hotel bookings worldwide
- Maximum mobile phone installment limit of 15,000 EGP
- 25% discount on MOVE Club memberships
- Monthly price before taxes (not specified here, but lower than higher Emerald tiers)

If you want to pay a premium but have low usage, this plan gives you good perks without overspending on large quotas you won't use. Paying for very high-tier plans like Emerald 780 or above may not be justified for low usage, but Emerald 430 balances cost and benefits well[3].

Let me know if you want details on other plans or families!",0.6666666666666666,0.898617414330651
"I need a cheap short-term plan for just a couple of days, what do you suggest?","[""Plan: Mini Hekaya Internet 63 (for 3 weeks) Mini Hekaya Internet 63 (for 3 weeks) is one of\nthe Mini Hekaya Internet plans from e& Egypt. Its price is 63 EGP, granting the customer\n2,500 MB of internet and 120 units for calls and SMS, with a 21-day validity. • Plan Name: Mini Hekaya Internet 63 (for 3 weeks) within the Mini Hekaya Internet\nplans from e& Egypt. • Price of Mini Hekaya Internet 63 (for 3 weeks): 63 EGP. • Internet in Mini Hekaya Internet 63 (for 3 weeks): 2,500 MB. • Units for calls and SMS in Mini Hekaya Internet 63 (for 3 weeks): 120 units. • Validity of Mini Hekaya Internet 63 (for 3 weeks): 21 days. • Subscription to Mini Hekaya Internet 63 (for 3 weeks): Via code *200# or through\nthe My e& Egypt app. • Auto-renewal for Mini Hekaya Internet 63 (for 3 weeks): The plan auto-renews if\nthere is sufficient balance in the customer's account. 9. Cashback on the e& money Wallet in Hekaya Internet\nThe Hekaya Internet system from e& Egypt offers two separate cashback features on the\ne& money wallet:\nCashback on Unused Internet: In Hekaya Internet from e& Egypt, if the customer has\nremaining internet MBs at the end of the month that were not used, the remaining value is\nconverted to cashback in the customer's e& money wallet. This means no value from the\nplan is lost. Cashback on Renewal: In Hekaya Internet from e& Egypt, the customer receives\ncashback in their e& money wallet in the following cases:\n• Renewing the Hekaya Internet plan on the scheduled renewal date: The customer\nreceives cashback in the wallet. • Renewing the Hekaya Internet plan before the scheduled date: The customer\nreceives cashback in the wallet. • Consecutive renewal of the Hekaya Internet plan more than once: The cashback\nvalue the customer receives increases. 10. Conversion Flexibility in Hekaya Internet Plans\nHekaya Internet plans from e& Egypt provide flexibility in converting between internet and\nother benefits:\n• In Hekaya Internet, the customer can convert a portion of the internet bundle into\nextra call minutes to use for calling. • In Hekaya Internet, the customer can convert a portion of the internet bundle into\ncredit to use for purchasing a subscription to any preferred app. • In Hekaya Internet, the customer can partially upgrade to a larger plan at any time\nduring its validity, and only pay the price difference between the current plan and\nthe larger plan."", 'Plan: Mini Hekaya Internet 41 (for 2 weeks) Mini Hekaya Internet 41 (for 2 weeks) is one of\nNote: There are two plans named ""Mini Hekaya Internet 32"" priced at 32 EGP — one in the', 'Plan: Mini Hekaya Internet 21 Mini Hekaya Internet 21 is one of the Mini Hekaya Internet\n7. Mini Hekaya Internet Plans — 2 Weeks Validity\nMini Hekaya Internet plans from e& Egypt that last for 14 days. Every plan includes internet\n+ 90 units for calls and SMS.', 'Plan: Ahlan by the Second\nDaily Plans from e& Egypt\nDaily Plans are two ultra-short bundles from e& Egypt, valid until midnight on the day of\nsubscription. Each bundle provides the customer with a number of Mixes that can be used\nflexibly for calls, internet, or SMS.', ""Plan: Mini Hekaya Internet 63 (for 3 weeks) Mini Hekaya Internet 63 (for 3 weeks) is one of\n11. Subscriptions and Codes in Hekaya Internet\nTo subscribe to or manage Hekaya Internet plans from e& Egypt, the customer uses the\nfollowing methods:\n• Code *200#: Used to subscribe to Mini Hekaya Internet plans from e& Egypt. • My e& Egypt App: Used to subscribe to all Hekaya Internet plans (Monthly and\nMini), select preferred apps, upgrade plans, and manage cashback. • Activating entertainment subscriptions (VIU, TOD) for the first time in Hekaya\nInternet is done through the My e& Egypt app. 12. Terms and Conditions for Hekaya Internet\nThe following conditions apply to Hekaya Internet plans from e& Egypt, with each clause\nwritten as an independent, retrievable fact:\n• In Hekaya Internet plans from e& Egypt, a minute or SMS to the e& Egypt network is\ncharged at 1 unit, whereas a minute or SMS to other networks is charged at 5 units. • In Mini Hekaya Internet plans from e& Egypt, the customer can choose from 3\ndifferent options for each validity period (1 week, 2 weeks, 3 weeks). • In Hekaya Internet, the customer can partially upgrade to a larger plan at any time\nduring the same validity period, paying only the price difference between the current\nplan and the larger one. • In Hekaya Internet from e& Egypt, you can subscribe to Mini Hekaya Internet or\nrenew the plan after it expires even if the customer has an active loan (Salfa). • In Hekaya Internet plans, after consuming the plan's units, usage is charged at a\nunified flat rate of 19 piasters per minute, SMS, or MB, in addition to current service\nprices. • Hekaya Internet plans from e& Egypt are available to new customers."", ""Plan: Hekaya Internet 600 Hekaya Internet 600 is one of the monthly Hekaya Internet\n• Number of units in the plan: 3000 units. • Type of the 3000 units extra plan: One-time, or auto-renewing based on\ncustomer's choice. • Usage of the 3000 units extra plan: Calls and SMS only — does not include\ninternet. • Cost of calls with the extra plan: 1 unit per minute or SMS to e& Egypt numbers,\nand 5 units per minute or SMS to other networks. 6. Mini Hekaya Internet Plans — 1 Week Validity\nMini Hekaya Internet plans from e& Egypt that last for 7 days. Every plan includes internet +\n60 units for calls and SMS."", 'Plan: Mini Hekaya Internet 32 (for 3 weeks) Mini Hekaya Internet 32 (for 3 weeks) is one of\nthe Mini Hekaya Internet plans from e& Egypt. Its price is 32 EGP, granting the customer\n850 MB of internet and 120 units for calls and SMS, with a 21-day validity. • Plan Name: Mini Hekaya Internet 32 (for 3 weeks) within the Mini Hekaya Internet\nplans from e& Egypt. • Price of Mini Hekaya Internet 32 (for 3 weeks): 32 EGP. • Internet in Mini Hekaya Internet 32 (for 3 weeks): 850 MB.', 'Plan: Mini Hekaya Internet 32 (for 2 weeks) Mini Hekaya Internet 32 (for 2 weeks) is one of\nthe Mini Hekaya Internet plans from e& Egypt. Its price is 32 EGP, granting the customer\n1,100 MB of internet and 90 units for calls and SMS, with a 14-day validity. • Plan Name: Mini Hekaya Internet 32 (for 2 weeks) within the Mini Hekaya Internet\nplans from e& Egypt. • Price of Mini Hekaya Internet 32 (for 2 weeks): 32 EGP. • Internet in Mini Hekaya Internet 32 (for 2 weeks): 1,100 MB.', 'Bundle: Hekaya Mixat 270\n4. Hekaya Mini Recharge Bundles\nHekaya Mini Recharges are 3 short-term weekly micro-bundles allowing flexible, short-\nterm renewals. Each recharge is detailed below:', 'Plan: Mini Hekaya Internet 46 (for 3 weeks) Mini Hekaya Internet 46 (for 3 weeks) is one of\nthe Mini Hekaya Internet plans from e& Egypt. Its price is 46 EGP, granting the customer\n1,500 MB of internet and 120 units for calls and SMS, with a 21-day validity. • Plan Name: Mini Hekaya Internet 46 (for 3 weeks) within the Mini Hekaya Internet\nplans from e& Egypt. • Price of Mini Hekaya Internet 46 (for 3 weeks): 46 EGP. • Internet in Mini Hekaya Internet 46 (for 3 weeks): 1,500 MB.', ""Plan: Mini Hekaya Internet 41 (for 2 weeks) Mini Hekaya Internet 41 (for 2 weeks) is one of\nthe Mini Hekaya Internet plans from e& Egypt. Its price is 41 EGP, granting the customer\n1,750 MB of internet and 90 units for calls and SMS, with a 14-day validity. • Plan Name: Mini Hekaya Internet 41 (for 2 weeks) within the Mini Hekaya Internet\nplans from e& Egypt. • Price of Mini Hekaya Internet 41 (for 2 weeks): 41 EGP. • Internet in Mini Hekaya Internet 41 (for 2 weeks): 1,750 MB. • Units for calls and SMS in Mini Hekaya Internet 41 (for 2 weeks): 90 units. • Validity of Mini Hekaya Internet 41 (for 2 weeks): 14 days. • Subscription to Mini Hekaya Internet 41 (for 2 weeks): Via code *200# or through\nthe My e& Egypt app. • Auto-renewal for Mini Hekaya Internet 41 (for 2 weeks): The plan auto-renews if\nthere is sufficient balance in the customer's account. 8. Mini Hekaya Internet Plans — 3 Weeks Validity\nMini Hekaya Internet plans from e& Egypt that last for 21 days. Every plan includes internet\n+ 120 units for calls and SMS."", 'Plan: Mini Hekaya Internet 23 (for 2 weeks) Mini Hekaya Internet 23 (for 2 weeks) is one of\nthe Mini Hekaya Internet plans from e& Egypt. Its price is 23 EGP, granting the customer\n675 MB of internet and 90 units for calls and SMS, with a 14-day validity. • Plan Name: Mini Hekaya Internet 23 (for 2 weeks) within the Mini Hekaya Internet\nplans from e& Egypt. • Price of Mini Hekaya Internet 23 (for 2 weeks): 23 EGP. • Internet in Mini Hekaya Internet 23 (for 2 weeks): 675 MB.', ""Plan: Mini Hekaya Internet 32 (for 3 weeks) Mini Hekaya Internet 32 (for 3 weeks) is one of\n• Units for calls and SMS in Mini Hekaya Internet 32 (for 3 weeks): 120 units. • Validity of Mini Hekaya Internet 32 (for 3 weeks): 21 days. • Subscription to Mini Hekaya Internet 32 (for 3 weeks): Via code *200# or through\nthe My e& Egypt app. • Auto-renewal for Mini Hekaya Internet 32 (for 3 weeks): The plan auto-renews if\nthere is sufficient balance in the customer's account."", ""Plan: Mini Hekaya Internet 32 (for 2 weeks) Mini Hekaya Internet 32 (for 2 weeks) is one of\n• Units for calls and SMS in Mini Hekaya Internet 32 (for 2 weeks): 90 units. • Validity of Mini Hekaya Internet 32 (for 2 weeks): 14 days. • Subscription to Mini Hekaya Internet 32 (for 2 weeks): Via code *200# or through\nthe My e& Egypt app. • Auto-renewal for Mini Hekaya Internet 32 (for 2 weeks): The plan auto-renews if\nthere is sufficient balance in the customer's account."", ""Plan: Mini Hekaya Internet 46 (for 3 weeks) Mini Hekaya Internet 46 (for 3 weeks) is one of\n• Units for calls and SMS in Mini Hekaya Internet 46 (for 3 weeks): 120 units. • Validity of Mini Hekaya Internet 46 (for 3 weeks): 21 days. • Subscription to Mini Hekaya Internet 46 (for 3 weeks): Via code *200# or through\nthe My e& Egypt app. • Auto-renewal for Mini Hekaya Internet 46 (for 3 weeks): The plan auto-renews if\nthere is sufficient balance in the customer's account.""]","For a cheap short-term plan valid for just a couple of days, I recommend the **Aqwa Card 5** from the Aqwa Card / Prepaid Systems family. It costs **5 EGP** and is valid for **2 days**, making it ideal for low budget and short usage needs[4].

Alternatively, you can consider Mini Hekaya Internet plans with short validity like the 1-week Mini Hekaya Internet plans, but Aqwa Card 5 is the cheapest and most suitable for just a couple of days.",0.18181818181818182,0.9205132360430964
What's the best plan?,"['Plan: Hekaya Internet 270 Hekaya Internet 270 is one of the monthly Hekaya Internet\nplans from e& Egypt. Its price is 270 EGP, granting the customer 15,000 MB of internet and\n300 units for calls and SMS, in addition to choosing up to 3 preferred apps from the list of\navailable apps, and entertainment subscriptions to Twist Sport, Twist Music, Twist TV,\nStarzplay, Shahid Mobile, and VIU. • Plan Name: Hekaya Internet 270 within the monthly Hekaya Internet plans from e&\nEgypt. • Price of Hekaya Internet 270: 270 EGP. • Internet in Hekaya Internet 270: 15,000 MB. • Call/SMS Units in Hekaya Internet 270: 300 units (1 min to e& Egypt = 1 unit, 1 min\nto other networks = 5 units). • Number of apps the customer chooses in Hekaya Internet 270: Up to 3 apps\nfrom a list of 12 available apps (Facebook, WhatsApp, Instagram, Telegram, TikTok,\nAnghami, SoundCloud, Shahid, Netflix, Watchit, YouTube, PUBG). • Basic Entertainment Services in Hekaya Internet 270: Twist Sport, Twist Music,\nTwist TV, Starzplay, and Shahid Mobile.', 'Plan: Ahlan Super Yes\nAhlan Super Yes plan from e& Egypt is based on a favorite numbers system. A minute to\nany number in Egypt costs 15 piastres, an SMS costs 30 piastres, a minute to other\nnetworks costs 25 piastres, and a minute or SMS to favorite numbers costs only 7 piastres. Plan Name: Ahlan Super Yes within the Ahlan Pay As You Go plans from e& Egypt.', 'Plan: Mini Hekaya Internet 46 (for 3 weeks) Mini Hekaya Internet 46 (for 3 weeks) is one of\nthe Mini Hekaya Internet plans from e& Egypt. Its price is 46 EGP, granting the customer\n1,500 MB of internet and 120 units for calls and SMS, with a 21-day validity. • Plan Name: Mini Hekaya Internet 46 (for 3 weeks) within the Mini Hekaya Internet\nplans from e& Egypt. • Price of Mini Hekaya Internet 46 (for 3 weeks): 46 EGP. • Internet in Mini Hekaya Internet 46 (for 3 weeks): 1,500 MB.', 'package: 50 EGP per month for a data line, and 100 EGP per month for a voice line.\n8. Glossary of Terms\n• Emerald: The premium postpaid mobile package program from e& Egypt, marketed\nas ""Emerald Family"". It includes five tiered packages: Emerald 430, Emerald 780,', 'Bundle: Super Connect 260 (Exclusive for Hekaya Mixat)\n• Bundle Name: Super Connect 260. • Price: 260 EGP before tax (exclusive discounted rate). • Quota (Renewed Base Bundle): 20,000 MB. • Quota (Non-Renewed Base Bundle): 18,000 MB. • Minutes Included: 30 minutes to e& Egypt numbers.', 'Bundle: Super Connect 80 (Exclusive for Hekaya Mixat)\n• Bundle Name: Super Connect 80. • Price: 80 EGP before tax (exclusive discounted rate). • Quota (Renewed Base Bundle): 5,500 MB. • Quota (Non-Renewed Base Bundle): 4,250 MB. • Minutes Included: 30 minutes to e& Egypt numbers.', 'Bundle: Super Connect 20 (Exclusive for Hekaya Mixat)\n• Bundle Name: Super Connect 20. • Price: 20 EGP before tax (exclusive discounted rate). • Quota (Renewed Base Bundle): 1,000 MB. • Quota (Non-Renewed Base Bundle): 750 MB. • Minutes Included: 30 minutes to e& Egypt numbers.', 'Bundle: Super Connect 32 (Exclusive for Hekaya Mixat)\n• Bundle Name: Super Connect 32. • Price: 32 EGP before tax (exclusive discounted rate). • Quota (Renewed Base Bundle): 1,750 MB. • Quota (Non-Renewed Base Bundle): 1,400 MB. • Minutes Included: 30 minutes to e& Egypt numbers.', 'Bundle: Super Connect 390 (Exclusive for Hekaya Mixat)\n• Bundle Name: Super Connect 390. • Price: 390 EGP before tax (exclusive discounted rate). • Quota (Renewed Base Bundle): 31,500 MB. • Quota (Non-Renewed Base Bundle): 29,000 MB. • Minutes Included: 30 minutes to e& Egypt numbers.', 'Bundle: Super Connect 105 (Exclusive for Hekaya Mixat)\n• Bundle Name: Super Connect 105. • Price: 105 EGP before tax (exclusive discounted rate). • Quota (Renewed Base Bundle): 7,500 MB. • Quota (Non-Renewed Base Bundle): 6,000 MB. • Minutes Included: 30 minutes to e& Egypt numbers.', 'Bundle: Super Connect 50 (Exclusive for Hekaya Mixat)\n• Bundle Name: Super Connect 50. • Price: 50 EGP before tax (exclusive discounted rate). • Quota (Renewed Base Bundle): 3,250 MB. • Quota (Non-Renewed Base Bundle): 2,500 MB. • Minutes Included: 30 minutes to e& Egypt numbers.', 'Bundle: Super Connect 165 (Exclusive for Hekaya Mixat)\n• Bundle Name: Super Connect 165. • Price: 165 EGP before tax (exclusive discounted rate). • Quota (Renewed Base Bundle): 12,250 MB. • Quota (Non-Renewed Base Bundle): 10,500 MB. • Minutes Included: 30 minutes to e& Egypt numbers.', 'Package: Data Line 14 GB The Data Line 14 GB is one of the e& Egypt Data Line packages.\nIts price is 225 EGP before tax. The basic package is 14 GB, and with the ""Double the\nPackage"" offer, the customer gets a total of 28 GB on the first recharge. Package validity:\nthree months. • Package Name: Data Line 14 GB within the e& Egypt Data Line packages. • Price of Data Line 14 GB: 225 EGP before tax. • Basic Quota in Data Line 14 GB: 14 GB.', 'Package: Data Line 25 GB The Data Line 25 GB is one of the e& Egypt Data Line packages.\nIts price is 375 EGP before tax. The basic package is 25 GB, and with the ""Double the\nPackage"" offer, the customer gets a total of 50 GB on the first recharge. Package validity:\nthree months. • Package Name: Data Line 25 GB within the e& Egypt Data Line packages. • Price of Data Line 25 GB: 375 EGP before tax. • Basic Quota in Data Line 25 GB: 25 GB.', 'Bundle: Super Connect 520 (Exclusive for Hekaya Mixat)\n• Bundle Name: Super Connect 520. • Price: 520 EGP before tax (exclusive discounted rate). • Quota (Renewed Base Bundle): 48,000 MB. • Quota (Non-Renewed Base Bundle): 45,000 MB. • Minutes Included: 30 minutes to e& Egypt numbers. • Validity: 28 days (independent of the main Hekaya Mixat validity). • Subscription: Via *566# or the My e& Egypt app.']","To recommend the best plan, I need to know your preferences or constraints such as budget, usage type (internet, calls, or both), and validity period. Could you please specify if you want a low budget plan, high data quota, more call minutes, or a balanced plan?",0.25,0.0
[Turn 1] Tell me about Aqwa Card 19. [Turn 2] What's its validity?,"['Aqwa Card 19 is one of the Aqwa Card recharges from e& Egypt priced at 19 EGP. It\nRecharge Name: Aqwa Card 19 within the Aqwa Card recharges from e& Egypt. Price of Aqwa Card 19: 19 EGP. Core content of Aqwa Card 19: 425 Mixes, megabytes, or minutes to all networks. Video, entertainment, or social minutes in Aqwa Card 19: 300 minutes. Hekaya Mini recharge included in Aqwa Card 19: 400 Mixes + Facebook and WhatsApp. Validity of Aqwa Card 19: 6 days. Subscription code for Aqwa Card 19: *811# for Aqwa Card customers from e& Egypt.', 'Aqwa Card 19 is one of the Aqwa Card recharges from e& Egypt priced at 19 EGP. It\nprovides the customer with 425 Mixes, megabytes, or minutes to all networks, in addition\nto 300 minutes for video, entertainment, or social websites, plus an embedded Hekaya\nMini recharge worth 400 Mixes + Facebook and WhatsApp, and is valid for 6 days. Subscription is via the code *811#.', 'Aqwa Card 15 does not include a Hekaya Mini recharge.\nValidity of Aqwa Card 15: 2 days. Subscription code for Aqwa Card 15: *811# for Aqwa Card customers from e& Egypt.', 'Aqwa Card 44 does not include a Hekaya Mini recharge.\nValidity of Aqwa Card 44: 14 days. Subscription code for Aqwa Card 44: *811# for Aqwa Card customers from e& Egypt.', 'Aqwa Card 45 does not include a Hekaya Mini recharge.\nValidity of Aqwa Card 45: 28 days. Subscription code for Aqwa Card 45: *811# for Aqwa Card customers from e& Egypt.', 'Aqwa Card 22.5 is one of the Aqwa Card recharges from e& Egypt priced at 22.5 EGP. It\nRecharge Name: Aqwa Card 22.5 within the Aqwa Card recharges from e& Egypt. Price of Aqwa Card 22.5: 22.5 EGP. Core content of Aqwa Card 22.5: 550 Mixes, megabytes, or minutes to all networks. Video, entertainment, or social minutes in Aqwa Card 22.5: 320 minutes. Hekaya Mini recharge included in Aqwa Card 22.5: 525 Mixes + Facebook and WhatsApp. Validity of Aqwa Card 22.5: 7 days. Subscription code for Aqwa Card 22.5: *811# for Aqwa Card customers from e& Egypt.', 'Aqwa Card 5 does not include a Hekaya Mini recharge.\nValidity of Aqwa Card 5: 2 days. Subscription code for Aqwa Card 5: *811# for Aqwa Card customers from e& Egypt.', 'Aqwa Card 30 is one of the Aqwa Card recharges from e& Egypt priced at 30 EGP. It\nRecharge Name: Aqwa Card 30 within the Aqwa Card recharges from e& Egypt. Price of Aqwa Card 30: 30 EGP. Core content of Aqwa Card 30: 750 Mixes, megabytes, or minutes to all networks. Video, entertainment, or social minutes in Aqwa Card 30: 400 minutes. Hekaya Mini recharge included in Aqwa Card 30: 700 Mixes + Facebook and WhatsApp. Validity of Aqwa Card 30: 10 days. Subscription code for Aqwa Card 30: *811# for Aqwa Card customers from e& Egypt.', 'Aqwa Card 15 is one of the Aqwa Card recharges from e& Egypt priced at 15 EGP. It\nprovides the customer with 300 Mixes, megabytes, or minutes to all networks, in addition\nto 210 minutes for video, entertainment, or social websites, and is valid for 2 days. Subscription is via the code *811#.', 'Aqwa Card 75 does not include a Hekaya Mini recharge.\nValidity of Aqwa Card 75: 28 days. Subscription code for Aqwa Card 75: *811# for Aqwa Card customers from e& Egypt. Applications and Websites Covered in Aqwa Card Bundles\nAqwa Card applications from e& Egypt are divided into 3 categories: Entertainment, Social,\nand Video. Each application within its category is charged according to the bundle\nsettings. Entertainment Websites Category in Aqwa Card\nThe applications and websites falling under the Entertainment category in Aqwa Card\nbundles from e& Egypt are:\nShahid within the Entertainment category in Aqwa Card bundles from e& Egypt. Watchit within the Entertainment category in Aqwa Card bundles from e& Egypt. Netflix within the Entertainment category in Aqwa Card bundles from e& Egypt. Facebook within the Entertainment category in Aqwa Card bundles from e& Egypt. Instagram within the Entertainment category in Aqwa Card bundles from e& Egypt. TikTok within the Entertainment category in Aqwa Card bundles from e& Egypt. Anghami within the Entertainment category in Aqwa Card bundles from e& Egypt. SoundCloud within the Entertainment category in Aqwa Card bundles from e& Egypt. PUBG within the Entertainment category in Aqwa Card bundles from e& Egypt. Google Maps within the Entertainment category in Aqwa Card bundles from e& Egypt. Twist Music within the Entertainment category in Aqwa Card bundles from e& Egypt. Twist Sports within the Entertainment category in Aqwa Card bundles from e& Egypt. Twist Games within the Entertainment category in Aqwa Card bundles from e& Egypt. Social Websites Category in Aqwa Card\nThe applications and websites falling under the Social category in Aqwa Card bundles from\ne& Egypt are:\nFacebook within the Social category in Aqwa Card bundles from e& Egypt. TikTok within the Social category in Aqwa Card bundles from e& Egypt. Instagram within the Social category in Aqwa Card bundles from e& Egypt. X (formerly Twitter) within the Social category in Aqwa Card bundles from e& Egypt. Snapchat within the Social category in Aqwa Card bundles from e& Egypt. Messenger within the Social category in Aqwa Card bundles from e& Egypt. Video Websites Category in Aqwa Card\nThe applications and websites falling under the Video category in Aqwa Card bundles from\ne& Egypt are:\nYouTube within the Video category in Aqwa Card bundles from e& Egypt. Shahid within the Video category in Aqwa Card bundles from e& Egypt. Netflix within the Video category in Aqwa Card bundles from e& Egypt. VIU within the Video category in Aqwa Card bundles from e& Egypt. Telegram within the Video category in Aqwa Card bundles from e& Egypt. Starzplay within the Video category in Aqwa Card bundles from e& Egypt. TOD within the Video category in Aqwa Card bundles from e& Egypt. Terms and Conditions of Aqwa Card Recharges\nIn Aqwa Card recharges from e& Egypt, a minute to other networks is charged as 5 minutes\nor 5 Mixes from the bundle. Applications categorized as Entertainment websites in Aqwa Card from e& Egypt are:\nShahid, Watchit, Netflix, Facebook, Instagram, TikTok, Anghami, SoundCloud, PUBG,\nGoogle Maps, Twist Music, Twist Sports, Twist Games.', 'Aqwa Card 75 is one of the Aqwa Card recharges from e& Egypt priced at 75 EGP. It\nprovides the customer with 1,300 Mixes or minutes to all networks and is valid for 28 days.', 'Aqwa Card 22.5 is one of the Aqwa Card recharges from e& Egypt priced at 22.5 EGP. It\nprovides the customer with 550 Mixes, megabytes, or minutes to all networks, in addition\nto 320 minutes for video, entertainment, or social websites, plus an embedded Hekaya\nMini recharge worth 525 Mixes + Facebook and WhatsApp, and is valid for 7 days. Subscription is via the code *811#.', 'Aqwa Card 45 is one of the Aqwa Card recharges from e& Egypt priced at 45 EGP. It\nprovides the customer with 700 Mixes or minutes to all networks and is valid for 28 days.', 'Aqwa Card 44 is one of the Aqwa Card recharges from e& Egypt priced at 44 EGP. It\nprovides the customer with 1,100 Mixes or minutes to all networks and is valid for 14 days.', 'Aqwa Card 5 is one of the Aqwa Card recharges from e& Egypt priced at 5 EGP. It provides\nthe customer with 80 Mixes and is valid for 2 days.']","### Aqwa Card 19 Details

- **Price:** 19 EGP
- **Core Content:** 425 Mixes, megabytes, or minutes to all networks
- **Video, Entertainment, or Social Minutes:** 300 minutes
- **Hekaya Mini Recharge Included:** 400 Mixes + Facebook and WhatsApp
- **Validity:** 6 days
- **Subscription Code:** `*811#` for Aqwa Card customers from e& Egypt[1][2]

### Validity
The validity of Aqwa Card 19 is **6 days**[1][2].",1.0,0.9104317821990064
List all the product families e& Egypt offers in your knowledge base.,"[""Emerald 1120, Emerald 1725, and Emerald 3450.\n• Family Line: An additional line added under the main Emerald package owner's\naccount. Family lines share the account's package and enjoy 10,000 free internal\nminutes among family members. • Intra Minutes: Call minutes between lines sharing the same Emerald account. All\nEmerald packages include 10,000 minutes per month of this type. • eHome DSL and eHome Wireless: e& Egypt's home internet products. Emerald\npackages include a discount on one of them (discounts cannot be combined). • Emerald Points: Loyalty points associated with Emerald packages, accumulating\nmonthly to be redeemed in e& Egypt's MORE rewards program. • Entertainment E-Coins: A balance separate from loyalty points, dedicated to\nchoosing streaming entertainment services like Twist, TOD, VIU, Shahid, Starzplay,\nand Amazon Prime. • GTO: The specialized hotel booking partner offering exclusive discounts to Emerald\ncustomers of up to 30% off the lowest available online rates. • ADIB: The acronym used for Abu Dhabi Islamic Bank–Egypt, the issuer of the co-\nbranded card with e& Egypt, which grants Emerald customers access to\ninternational airport lounges. • MORE Program: The general rewards program from e& Egypt."", ""Emerald 1120, Emerald 1725, and Emerald 3450.\nEmerald customers\nuse their loyalty points to redeem rewards with MORE partners such as La Poire,\nRenaissance Cinemas, Roma Pizza, McDonald's, Ghataty, Espresso Lab, Kazyon,\nBath & Body Works, and others. • My e& Egypt App: The official self-service app from e& Egypt, used by the Emerald\ncustomer to manage their account, distribute the package among family lines, and\nactivate roaming. • 7070 Directory: The directory service from e& Egypt. Emerald packages include a\ncertain number of free minutes for 7070 (varying by package); extra minutes cost 1.5\nEGP per minute. • Code *800#: The USSD code dialed by an Emerald customer to manage their\naccount and package. 9."", 'Emerald 1120, 5 lines in Emerald 1725, and 7 lines in Emerald 3450.\n• Intra-Family Calls: 10,000 free minutes per month between lines sharing the same\nEmerald account. • Quota Management: Internet and units can be distributed and transferred among\nfamily members via the My e& Egypt app or by dialing *800#. • Billing: A unified bill for all lines, with the ability to set a maximum bill limit for each\nfamily line. • Adding a Landline: An e& Egypt landline can be added as a family line under the\nEmerald account. • Cost of Additional Lines (beyond the package limit): 50 EGP/month per data line,\n100 EGP/month per voice line, and 10 EGP/month to add a landline. Emerald Exclusive Privileges Exclusive benefits for Emerald customers including access\nto international airport VIP lounges and a 24/7 personal account manager. • Airport VIP Lounges: Instant free access to up to 840 airport lounges worldwide via\nthe co-branded ADIB–e& Egypt card. • Personal Account Manager: Available 24/7 for Emerald customers to handle any\nrequests, wherever the customer is globally. • International Concierge: Available exclusively for Emerald 3450 customers. • Note: ADIB is the acronym used for Abu Dhabi Islamic Bank–Egypt, the issuer of the\nco-branded card. Entertainment Experience and E-Coins Each Emerald package grants its customer a\nmonthly allocation of Entertainment E-Coins to choose their preferred entertainment\nservices.', 'Package: Data Line 8 GB The Data Line 8 GB is one of the e& Egypt Data Line packages. Its\n• Total Internet in Data Line 8 GB with Double Offer (first recharge): 16 GB. • Validity of Data Line 8 GB: Three months. • Renewal of Data Line 8 GB: By sending the number 1 to 130, dialing *130#, or\nthrough the My e& Egypt app. • Compatible Devices for Data Line 8 GB: Portable MiFi devices and USB Modems\nonly.', 'Package: Data Line 14 GB The Data Line 14 GB is one of the e& Egypt Data Line packages.\n• Total Internet in Data Line 14 GB with Double Offer (first recharge): 28 GB. • Validity of Data Line 14 GB: Three months. • Renewal of Data Line 14 GB: By sending the number 1 to 130, dialing *130#, or\nthrough the My e& Egypt app. • Compatible Devices for Data Line 14 GB: Portable MiFi devices and USB Modems\nonly.', 'Package: Data Line 25 GB The Data Line 25 GB is one of the e& Egypt Data Line packages.\n• Total Internet in Data Line 25 GB with Double Offer (first recharge): 50 GB. • Validity of Data Line 25 GB: Three months. • Renewal of Data Line 25 GB: By sending the number 1 to 130, dialing *130#, or\nthrough the My e& Egypt app. • Compatible Devices for Data Line 25 GB: Portable MiFi devices and USB Modems\nonly.', 'Bundle: Extra 15\nYes. Customers with special needs receive a 50% lifetime discount across all e& Egypt\nHekaya Mixat bundles.', 'Plan: Hekaya Internet 58 Hekaya Internet 58 is one of the monthly Hekaya Internet plans\nfrom e& Egypt. Its price is 58 EGP, granting the customer 2,100 MB of internet and 300\nunits for calls and SMS, in addition to choosing 1 preferred app from the list of available\napps, and entertainment subscriptions to Twist Sport, Twist Music, Twist TV, Shahid\nMobile, and VIU. • Plan Name: Hekaya Internet 58 within the monthly Hekaya Internet plans from e&\nEgypt. • Price of Hekaya Internet 58: 58 EGP. • Internet in Hekaya Internet 58: 2,100 MB. • Call/SMS Units in Hekaya Internet 58: 300 units (1 min to e& Egypt = 1 unit, 1 min\nto other networks = 5 units). • Number of apps the customer chooses in Hekaya Internet 58: 1 app from a list of\n12 available apps (Facebook, WhatsApp, Instagram, Telegram, TikTok, Anghami,\nSoundCloud, Shahid, Netflix, Watchit, YouTube, PUBG).', 'Plan: Hekaya Internet 205 Hekaya Internet 205 is one of the monthly Hekaya Internet\nplans from e& Egypt. Its price is 205 EGP, granting the customer 11,500 MB of internet and\n300 units for calls and SMS, in addition to choosing up to 3 preferred apps from the list of\navailable apps, and entertainment subscriptions to Twist Sport, Twist Music, Twist TV,\nStarzplay, Shahid Mobile, and VIU. • Plan Name: Hekaya Internet 205 within the monthly Hekaya Internet plans from e&\nEgypt. • Price of Hekaya Internet 205: 205 EGP. • Internet in Hekaya Internet 205: 11,500 MB. • Call/SMS Units in Hekaya Internet 205: 300 units (1 min to e& Egypt = 1 unit, 1 min\nto other networks = 5 units). • Number of apps the customer chooses in Hekaya Internet 205: Up to 3 apps\nfrom a list of 12 available apps (Facebook, WhatsApp, Instagram, Telegram, TikTok,\nAnghami, SoundCloud, Shahid, Netflix, Watchit, YouTube, PUBG).', 'Aqwa Card 19 is one of the Aqwa Card recharges from e& Egypt priced at 19 EGP. It\nprovides the customer with 425 Mixes, megabytes, or minutes to all networks, in addition\nto 300 minutes for video, entertainment, or social websites, plus an embedded Hekaya\nMini recharge worth 400 Mixes + Facebook and WhatsApp, and is valid for 6 days. Subscription is via the code *811#.', 'Package: Data Line 72 GB The Data Line 72 GB is one of the e& Egypt Data Line packages.\nFrequently Asked Questions about Data Line Packages\nThe following FAQs are phrased so that a retrieval system can independently fetch the\ncomplete answer:\n• What are the e& Egypt Data Line packages? The e& Egypt Data Line is an internet\nSIM card dedicated to MiFi and USB Modem devices. It includes 8 packages ranging\nin size from 1.8 GB to 72 GB, priced from 46 EGP to 900 EGP, with validities ranging\nbetween 1 month and 6 months. • Does the Data Line work on a mobile phone?', 'Aqwa Card 22.5 is one of the Aqwa Card recharges from e& Egypt priced at 22.5 EGP. It\nprovides the customer with 550 Mixes, megabytes, or minutes to all networks, in addition\nto 320 minutes for video, entertainment, or social websites, plus an embedded Hekaya\nMini recharge worth 525 Mixes + Facebook and WhatsApp, and is valid for 7 days. Subscription is via the code *811#.', 'Aqwa Card 15 is one of the Aqwa Card recharges from e& Egypt priced at 15 EGP. It\nprovides the customer with 300 Mixes, megabytes, or minutes to all networks, in addition\nto 210 minutes for video, entertainment, or social websites, and is valid for 2 days. Subscription is via the code *811#.', 'Plan: Mini Hekaya Internet 63 (for 3 weeks) Mini Hekaya Internet 63 (for 3 weeks) is one of\n14. Frequently Asked Questions about Hekaya Internet Plans\nThe following FAQs are phrased so that a retrieval system can fetch the complete answer\non its own:\nWhat are the Hekaya Internet plans from e& Egypt? Hekaya Internet is a portfolio of\nprepaid mobile plans from e& Egypt, designed for customers who need a lot of internet. It\nincludes 12 monthly plans starting from Hekaya Internet 46 up to Hekaya Internet 600, 9\nshort-term mini plans, and extra unit plans. How many apps can a customer choose in Hekaya Internet? In Hekaya Internet plans\nfrom e& Egypt, a customer can choose only 1 app in the Hekaya Internet 46 and 58 plans,\nup to 2 apps in plans from 80 to 165, and up to 3 apps in plans from 205 to 600. What is the list of available apps to choose from in Hekaya Internet? In Hekaya Internet\nfrom e& Egypt, the apps available to choose are: Facebook, WhatsApp, Instagram,\nTelegram, TikTok, Anghami, SoundCloud, Shahid, Netflix, Watchit, YouTube, and PUBG. A\ntotal of 12 apps.', 'Bundle: Extra 15\n• Bundle Name: Extra 15 (e& Egypt). • Price (incl. tax): 21.43 EGP. • Extra Units: 300 Mixes. • Subscription Code: *626#.']","Certainly! e& Egypt offers the following product families in the knowledge base:

1. **Data Line**  
   - Internet SIM cards dedicated to MiFi and USB Modem devices with packages ranging from 8 GB to 72 GB and validities from 3 months to 6 months  [4][5].

2. **Emerald**  
   - Premium family plans with multiple lines, intra-family free minutes, loyalty points, entertainment E-Coins, discounts on home internet, and exclusive privileges like airport VIP lounges and personal account managers  [1][2].

3. **Hekaya Internet**  
   - Monthly prepaid mobile plans with internet quotas, call/SMS units, and the ability to choose preferred apps and entertainment subscriptions. Includes mini plans and various tiers like Hekaya Internet 58 and 205  [8][9].

4. **Hekaya Mixat**  
   - Bundles offering mixes (units) for calls, SMS, and internet with special discounts for customers with special needs. Example: Extra 15 bundle [7][15].

5. **Aqwa Card / Prepaid Systems**  
   - Recharge cards providing mixes, megabytes, or minutes to all networks, plus additional minutes for video, entertainment, or social websites, with short validity periods. Examples include Aqwa Card 5, 15, 19, and 22.5  [10][12].

Let me know if you want details on any specific family or plan!",0.8,0.9618653278961249
How do I subscribe to Hekaya Mixat 52 by USSD?,"['Bundle: Extra 15\n11. Integration with the Coins Program in Hekaya Mixat\nUpon every bundle renewal, Hekaya Mixat subscribers automatically earn Coins credited\nto their e& Egypt rewards balance:\n• Hekaya Mixat 52 renewal: 104 Coins. • Hekaya Mixat 69 renewal: 138 Coins. • Hekaya Mixat 92 renewal: 184 Coins. • Hekaya Mixat 120 renewal: 240 Coins. • Hekaya Mixat 180 renewal: 360 Coins. • Hekaya Mixat 270 renewal: 540 Coins. 12. Important USSD Codes for Hekaya Mixat Customers\n• *319# — Master code for Hekaya Mixat (add/remove family lines, balance inquiry,\ntransfer units, switch plans, renew base plan or mini recharge). • *809# — Weekly renewal code (*809*1# for 1 week, *809*2# for 2 weeks, *809*3#\nfor 3 weeks). • *011# — Discover the best Hekaya Mixat plan, promotions, and special offers. • *556*9*RechargeCode# — Purchase Hekaya Mini recharge bundles with 12.5 and\n15 codes from Aqwa Kart scratch cards. • *304# — International calling services for Hekaya Mixat users. • *626# — Subscribe to Hekaya Mixat Extra add-ons (4.5, 7.5, 15). • *3333# — Check latest Hekaya Mixat promotions, bundle services, balance\ninquiries, and plan migrations. • *808# — Check internet usage in Hekaya Mixat. • *806# — Minute cap management services. • *566# — Subscribe to Super Connect add-on internet bundles.', 'Bundle: Extra 15\nIf a customer attempts to renew without sufficient balance, they have a 2-day grace\nwindow upon recharging. If not activated within 2 days, re-subscription via USSD is\nrequired. 20. Hekaya Mini recharges start from 19 EGP and include Facebook and WhatsApp\naccess. 21. Hekaya Mini can be recharged or renewed via *556*9*RechargeCode# or through\nthe My e& Egypt app. 22. The Fair Usage Policy limit for Facebook and WhatsApp on Hekaya Mini recharges is\n12.5 MB. 23. Once Mixes are exhausted, the customer can top up via *556*9#, dial *319#, or\nrenew the full monthly bundle. 24. Super Connect bundles offer larger data quotas if the primary Hekaya Mixat bundle\nis active/renewed at the time of Super Connect activation. 14. Glossary of Terms\n• Hekaya Mixat: The prepaid mobile bundle ecosystem from e& Egypt, featuring 6\nmonthly plans, 3 weekly Mini recharges, Extra add-ons, and exclusive Super\nConnect internet add-ons. • The Mix: The unified unit of measurement in Hekaya Mixat. 1 Mix = 1 local on-net\nminute, 2 social MBs, 1 general MB, or 0.2 off-net minutes (5 Mixes per off-net\nminute). • Favorite Number: A selected contact number allowing discounted calls charged at\n0.5 Mix/minute instead of 1 full Mix. • Hekaya Mini Recharge: Three short-term weekly micro-bundles starting from 19\nEGP, valid for 6 to 10 days, including Facebook and WhatsApp. • Exclusive Super Connect for Hekaya Mixat: Add-on internet packages offered at\nexclusive discounted prices for Hekaya Mixat users (10 tiers from 9 EGP to 520 EGP\npre-tax). • Extra: Small add-on bundles to purchase additional Mixes (tiers: 4.5, 7.5, and 15)\nvia *626#. • Fair Usage Policy (FUP): A traffic cap applied to social apps (Facebook/WhatsApp)\non lower-tier bundles (200 MB on Mixat 52 & 69; 12.5 MB on Mini recharges). • Temporary Holding System: The state a customer enters after a Mini recharge\nexpires, allowing them to renew the monthly plan or trigger another Mini recharge. • Early Renewal: A feature allowing customers to renew their plan ahead of schedule\nafter exhausting all Mixes via *807#. • USSD Code *319#: The primary account management code for Hekaya Mixat. • USSD Code *566#: The access code for Super Connect internet add-ons. • USSD Code *809#: The code for weekly plan renewals (*809*1#, *809*2#,\n*809*3#). • Coins: Reward points earned automatically with every bundle renewal, redeemable\nfor gifts and benefits. • Customers with Special Needs: An eligible customer segment entitled to a\nlifetime 50% discount on all Hekaya Mixat bundles. 15. Frequently Asked Questions (FAQ)\nWhat is Hekaya Mixat from e& Egypt? Hekaya Mixat is a prepaid mobile bundle system from e& Egypt that relies on a unified unit\n(""Mix"") rather than separate buckets for minutes and megabytes. It encompasses 6\nmonthly bundles, 3 weekly recharges, exclusive Super Connect add-ons, and Extra top-\nups. What is the conversion rate of a Mix to minutes and megabytes? In Hekaya Mixat from e& Egypt: 1 Mix = 1 minute/SMS to e& Egypt, 0.2 minutes (5 Mixes = 1\nmin) to other networks, 2 MB for social media applications (Facebook, WhatsApp,\nInstagram, etc.), or 1 MB for general web browsing. What are the key differences between the 6 monthly Hekaya Mixat bundles? The tiers scale in price and benefits: Mixat 52 (74.29 EGP incl. tax) and Mixat 69 (98.58 EGP)\nare entry plans; Mixat 92 (131.44 EGP) and Mixat 120 (171.44 EGP) add 1 family line and\nuncapped Facebook/WhatsApp; Mixat 180 (257.15 EGP) and Mixat 270 (385.72 EGP) add\nHome Internet redemption and multiple family lines. What is a Favorite Number in Hekaya Mixat? A Favorite Number is a contact chosen by the customer that costs only 0.5 Mix per minute\ninstead of 1 Mix. The number of allowed favorite contacts depends on the plan (1 on Mixat\n52 & 69, 2 on Mixat 92 & 120, and 3 on Mixat 180 & 270). Can family lines be added to all Hekaya Mixat plans? No. Family line sharing starts from Hekaya Mixat 92 (1 line), 120 (1 line), 180 (2 lines), and\n270 (3 lines). Bundles 52 and 69 do not support family lines. How does a Hekaya Mixat customer obtain Home Internet? Home Internet is available exclusively for Hekaya Mixat 180 and 270 subscribers via unit\nredemption: 5,800 Mixes for 100 GB (available on both plans) or 7,000 Mixes for 150 GB\n(available on Mixat 270 only). What is the difference between standard Super Connect and Super Connect for\nHekaya Mixat? Super Connect bundles for Hekaya Mixat are priced lower than standard Super Connect\nplans for the same data allowances (e.g., 350 MB costs 9 EGP on Hekaya Mixat vs. 10.5\nEGP on standard plans; 48,000 MB costs 520 EGP vs. 600 EGP). What happens if a customer is late in renewing the Hekaya Mixat bundle? If renewal is delayed past the due date, leftover Mixes do not roll over. Once the bundle is\ndepleted or expired, usage is billed at a flat rate of 19 piasters per minute or megabyte until\nrenewed. Are Hekaya Mixat customers eligible for the Coins program? Yes. Hekaya Mixat customers automatically earn Coins upon every monthly renewal: 104\nCoins (Mixat 52), 138 Coins (Mixat 69), 184 Coins (Mixat 92), 240 Coins (Mixat 120), 360\nCoins (Mixat 180), and 540 Coins (Mixat 270). What is the master USSD code to manage Hekaya Mixat? The master USSD management code is *319#. It allows customers to add/remove family\nmembers, check balances, transfer Mixes, switch bundles, and renew monthly plans or\nMini recharges. Is there a discount for customers with special needs?', ""Bundle: Hekaya Mixat 52\nHekaya Mixat 52 is one of the monthly bundles from e& Egypt. Monthly fee including tax:\n74.29 EGP. It includes 1,900 Mixes and 1 favorite number (calls charged at 0.5 Mix/min). Upon renewal, the customer receives 104 Coins. Subscription code: *319*45#. • Bundle Name: Hekaya Mixat 52 (Monthly Hekaya Mixat Bundles from e& Egypt). • Monthly Fee (incl. tax): 74.29 EGP. • Mixes Count: 1,900 Mixes. • Favorite Numbers: 1 number (charged at 0.5 Mix/minute). • Coins upon Renewal: 104 Coins added to the customer's balance in the e& Egypt\nCoins program. • Facebook & WhatsApp: Included up to 200 MB under the Fair Usage Policy (FUP). • Family Lines: No additional family lines."", 'Bundle: Extra 15\n10. Weekly Renewal in Hekaya Mixat\nHekaya Mixat allows weekly renewals instead of full monthly renewals via the *809# USSD\ncodes:\n• Renew for 1 week: Dial *809*1#. • Renew for 2 weeks: Dial *809*2#. • Renew for 3 weeks: Dial *809*3#. Weekly Consumption Limits by Bundle (Legacy Systems)\nWeekly consumption limits correspond to previous tier names in Hekaya Mixat:\n• Hekaya Mixat 35: Weekly max consumption: 120 Mixes / 240 minutes. • Hekaya Mixat 50: Weekly max consumption: 400 Mixes / 800 minutes. • Hekaya Mixat 65: Weekly max consumption: 500 Mixes / 1,000 minutes. • Hekaya Mixat 100: Weekly max consumption: 850 Mixes / 1,700 minutes. • Hekaya Mixat 150: Weekly max consumption: 1,500 Mixes / 3,000 minutes. • Hekaya Mixat 200: Weekly max consumption: 2,700 Mixes / 5,400 minutes. Note: The bundle names above (35, 50, 65, 100, 150, 200) reflect an older naming system\nand may differ from current active plans (52, 69, 92, 120, 180, 270). Fair usage rules apply\nonce limits are reached.', 'Bundle: Hekaya Mixat 52\n• Home Internet: Does not include Home Internet service. • Included Entertainment Subscriptions: VIU, Twist Music, Shahid Mobile. • Subscription Code: *319*45#.', 'Bundle: Super Connect 520 (Exclusive for Hekaya Mixat)\n6. Hekaya Mixat Extra Add-On Bundles\nExtra add-ons are small bundles used to top up additional Mixes on top of the base bundle. Available via USSD *626#.', ""Bundle: Hekaya Mixat 69\nHekaya Mixat 69 is one of the monthly bundles from e& Egypt. Monthly fee including tax:\n98.58 EGP. It includes 2,800 Mixes and 1 favorite number (calls charged at 0.5 Mix/min). Upon renewal, the customer receives 138 Coins. Subscription code: *319*60#. • Bundle Name: Hekaya Mixat 69 (Monthly Hekaya Mixat Bundles from e& Egypt). • Monthly Fee (incl. tax): 98.58 EGP. • Mixes Count: 2,800 Mixes. • Favorite Numbers: 1 number (charged at 0.5 Mix/minute). • Coins upon Renewal: 138 Coins added to the customer's balance in the e& Egypt\nCoins program. • Facebook & WhatsApp: Included up to 200 MB under the Fair Usage Policy (FUP). • Family Lines: No additional family lines."", ""Bundle: Hekaya Mixat 270\nHekaya Mixat 270 is one of the monthly bundles from e& Egypt. Monthly fee including tax:\n385.72 EGP. It includes 15,400 Mixes and 3 favorite numbers (calls charged at 0.5\nMix/min). Upon renewal, the customer receives 540 Coins. Subscription code: *319*235#. • Bundle Name: Hekaya Mixat 270 (Monthly Hekaya Mixat Bundles from e& Egypt). • Monthly Fee (incl. tax): 385.72 EGP. • Mixes Count: 15,400 Mixes. • Favorite Numbers: 3 numbers (charged at 0.5 Mix/minute). • Coins upon Renewal: 540 Coins added to the customer's balance in the e& Egypt\nCoins program. • Facebook & WhatsApp: Available throughout the bundle validity. • Family Lines: 3 additional family lines. • Home Internet: 150 GB Home Internet option available in this bundle. • Included Entertainment Subscriptions: VIU, Twist Music, Twist TV, Starzplay,\nShahid Mobile. • Subscription Code: *319*235#."", ""Bundle: Hekaya Mixat 92\nHekaya Mixat 92 is one of the monthly bundles from e& Egypt. Monthly fee including tax:\n131.44 EGP. It includes 3,750 Mixes and 2 favorite numbers (calls charged at 0.5 Mix/min). Upon renewal, the customer receives 184 Coins. Subscription code: *319*80#. • Bundle Name: Hekaya Mixat 92 (Monthly Hekaya Mixat Bundles from e& Egypt). • Monthly Fee (incl. tax): 131.44 EGP. • Mixes Count: 3,750 Mixes. • Favorite Numbers: 2 numbers (charged at 0.5 Mix/minute). • Coins upon Renewal: 184 Coins added to the customer's balance in the e& Egypt\nCoins program. • Facebook & WhatsApp: Available throughout the bundle validity."", ""Bundle: Hekaya Mixat 180\nHekaya Mixat 180 is one of the monthly bundles from e& Egypt. Monthly fee including tax:\n257.15 EGP. It includes 9,350 Mixes and 3 favorite numbers (calls charged at 0.5 Mix/min). Upon renewal, the customer receives 360 Coins. Subscription code: *319*155#. • Bundle Name: Hekaya Mixat 180 (Monthly Hekaya Mixat Bundles from e& Egypt). • Monthly Fee (incl. tax): 257.15 EGP. • Mixes Count: 9,350 Mixes. • Favorite Numbers: 3 numbers (charged at 0.5 Mix/minute). • Coins upon Renewal: 360 Coins added to the customer's balance in the e& Egypt\nCoins program. • Facebook & WhatsApp: Available throughout the bundle validity."", ""Bundle: Hekaya Mixat 120\nHekaya Mixat 120 is one of the monthly bundles from e& Egypt. Monthly fee including tax:\n171.44 EGP. It includes 5,375 Mixes and 2 favorite numbers (calls charged at 0.5 Mix/min). Upon renewal, the customer receives 240 Coins. Subscription code: *319*105#. • Bundle Name: Hekaya Mixat 120 (Monthly Hekaya Mixat Bundles from e& Egypt). • Monthly Fee (incl. tax): 171.44 EGP. • Mixes Count: 5,375 Mixes. • Favorite Numbers: 2 numbers (charged at 0.5 Mix/minute). • Coins upon Renewal: 240 Coins added to the customer's balance in the e& Egypt\nCoins program. • Facebook & WhatsApp: Available throughout the bundle validity."", 'Bundle: Super Connect 32 (Exclusive for Hekaya Mixat)\n• Validity: 28 days (independent of the main Hekaya Mixat validity). • Subscription: Via *566# or the My e& Egypt app.', 'Bundle: Super Connect 50 (Exclusive for Hekaya Mixat)\n• Validity: 28 days (independent of the main Hekaya Mixat validity). • Subscription: Via *566# or the My e& Egypt app.', 'Bundle: Super Connect 260 (Exclusive for Hekaya Mixat)\n• Validity: 28 days (independent of the main Hekaya Mixat validity). • Subscription: Via *566# or the My e& Egypt app.', 'Bundle: Super Connect 20 (Exclusive for Hekaya Mixat)\n• Validity: 28 days (independent of the main Hekaya Mixat validity). • Subscription: Via *566# or the My e& Egypt app.']","To subscribe to Hekaya Mixat 52, dial the USSD code: `*319*45#`.

This plan includes:
- Monthly fee (including tax): **74.29 EGP**
- Mixes: **1,900 Mixes**
- Favorite numbers: **1 number** (calls charged at 0.5 Mix/minute)
- Facebook & WhatsApp data: **200 MB** under Fair Usage Policy
- Coins upon renewal: **104 Coins**
- No additional family lines

You also get entertainment subscriptions to VIU, Twist Music, and Shahid Mobile with this plan[3][5].",1.0,0.9274895672820352
كم سعر أكوا كارد 19 وماذا يشمل؟,"['الشحنة:   أقوى كارت 19\nأقوى كارت 19 هي إحدى شحنات أقوى كارت من إي آند مصر بسعر 19 جنيه. تمنح العميل 425 ميكس أو ميجابايت أو دقائق لكل الشبكات، بالإضافة إلى 300 دقيقة على مواقع الفيديو أو التسلية أو السوشيال، وشحنة حكاية ميني بقيمة 400 ميكس + فيسبوك وواتساب، وصلاحيتها 6 أيام. الاشتراك من خلال الكود *811#.', 'الشحنة:   أقوى كارت 19\nاسم الشحنة:   أقوى كارت 19 ضمن شحنات أقوى كارت من إي آند مصر. سعر   أقوى كارت 19: 19 جنيه. المحتوى الأساسي لـ   أقوى كارت 19: 425 ميكس أو ميجابايت أو دقائق لكل الشبكات. دقائق الفيديو أو التسلية أو السوشيال في   أقوى كارت 19: 300 دقيقة. شحنة حكاية ميني المضمّنة في   أقوى كارت 19: 400 ميكس + فيسبوك وواتساب. صلاحية   أقوى كارت 19: 6 أيام. كود الاشتراك في   أقوى كارت 19: *811# لعملاء أقوى كارت من إي آند مصر.', 'الباقة: سوبر كونكت 20 (حصري لحكاية ميكسات)\nصلاحية سوبر كونكت 20: 28 يومًا، منفصلة عن صلاحية باقة حكاية ميكسات الأساسية. الاشتراك في سوبر كونكت 20: من خلال الكود *566# أو تطبيق ماي إي آند مصر.', 'الباقة: شحنة حكاية ميني 19\nكود الشحن لـ شحنة حكاية ميني 19: *556*9*كود الشحن#. كود التجديد لـ شحنة حكاية ميني 19: *319#.', 'الباقة: شحنة حكاية ميني 19\nشحنة حكاية ميني 19 هي إحدى باقات شحنة حكاية ميني من إي آند مصر. الرصيد المضاف: 13.3 جنيه. تحتوي على 400 ميكس، وصلاحيتها 6 أيام. اسم الباقة: شحنة حكاية ميني 19 ضمن باقات شحنة حكاية ميني من إي آند مصر. الرصيد المضاف عند شراء شحنة حكاية ميني 19: 13.3 جنيه. عدد الميكسات في شحنة حكاية ميني 19: 400 ميكس. فيسبوك وواتساب في شحنة حكاية ميني 19: متاحان بحد 12.5 ميجابايت ضمن سياسة الاستخدام العادل. صلاحية شحنة حكاية ميني 19: 6 أيام.', '6. المفاهيم المشتركة بين الأنظمة\nالاتصال أو الإرسال للشبكات الأخرى يكلف 5 أضعاف الاتصال داخل شبكة إي آند مصر في معظم باقات الـ prepaid. شحنة حكاية ميني المدمجة\nميزة في شحنات أقوى كارت من إي آند مصر بقيمة 19 و 22.5 و 30 جنيه، حيث يحصل العميل على شحنة حكاية ميني مدمجة (400/525/700 ميكس مع فيسبوك وواتساب) فوق محتوى الشحنة الأساسي.', '10. أسعار الاستخدام خارج باقة اميرالد\nعند تجاوز عميل اميرالد للاستخدام المتضمن في باقته، تُطبَّق الأسعار التالية:\nالدقيقة المحلية الإضافية خارج باقة اميرالد: 19 قرشًا للدقيقة. الرسالة المحلية القصيرة الإضافية خارج باقة اميرالد: 30 قرشًا للرسالة.', 'الباقة: سوبر كونكت 20 (حصري لحكاية ميكسات)\nسوبر كونكت 20 هي إحدى باقات الإنترنت الإضافية سوبر كونكت الحصرية لعملاء حكاية ميكسات من إي آند مصر. سعرها 20 جنيه قبل الضريبة، تمنح العميل 1,000 ميجابايت (أو 750 ميجابايت إذا كانت باقة حكاية ميكسات الأساسية غير متجددة)، بالإضافة إلى 30 دقيقة لأرقام إي آند مصر. اسم الباقة: سوبر كونكت 20 ضمن باقات سوبر كونكت الحصرية لحكاية ميكسات من إي آند مصر. سعر سوبر كونكت 20: 20 جنيه قبل الضريبة (سعر حصري لعملاء حكاية ميكسات، أقل من سعر سوبر كونكت العادية). الإنترنت في سوبر كونكت 20 لعملاء حكاية ميكسات المجدّدين: 1,000 ميجابايت. الإنترنت في سوبر كونكت 20 لعملاء حكاية ميكسات إذا كانت الباقة الأساسية غير متجددة: 750 ميجابايت. الدقائق في سوبر كونكت 20: 30 دقيقة لأرقام إي آند مصر.', 'الشحنة:   أقوى كارت 22.5\nأقوى كارت 22.5 هي إحدى شحنات أقوى كارت من إي آند مصر بسعر 22.5 جنيه. تمنح العميل 550 ميكس أو ميجابايت أو دقائق لكل الشبكات، بالإضافة إلى 320 دقيقة على مواقع الفيديو أو التسلية أو السوشيال، وشحنة حكاية ميني بقيمة 525 ميكس + فيسبوك وواتساب، وصلاحيتها 7 أيام. الاشتراك من خلال الكود *811#.', 'الباقة: اكسترا 15\nاكسترا 15 هي إحدى باقات حكاية ميكسات الإضافية من إي آند مصر، بسعر 21.43 جنيه شاملة الضريبة، وتمنح العميل 300 ميكس إضافي. اسم الباقة: اكسترا 15 ضمن باقات حكاية ميكسات الإضافية من إي آند مصر. الرسوم الشهرية لـ اكسترا 15 شاملة الضريبة: 21.43 جنيه. الميكسات الإضافية في اكسترا 15: 300 ميكس.', 'الباقة: سوبر كونكت 390 (حصري لحكاية ميكسات)\nصلاحية سوبر كونكت 390: 28 يومًا، منفصلة عن صلاحية باقة حكاية ميكسات الأساسية. الاشتراك في سوبر كونكت 390: من خلال الكود *566# أو تطبيق ماي إي آند مصر.', 'الباقة: سوبر كونكت 9 (حصري لحكاية ميكسات)\nصلاحية سوبر كونكت 9: 28 يومًا، منفصلة عن صلاحية باقة حكاية ميكسات الأساسية. الاشتراك في سوبر كونكت 9: من خلال الكود *566# أو تطبيق ماي إي آند مصر.', 'الشحنة:   أقوى كارت 15\nأقوى كارت 15 هي إحدى شحنات أقوى كارت من إي آند مصر بسعر 15 جنيه. تمنح العميل 300 ميكس أو ميجابايت أو دقائق لكل الشبكات، بالإضافة إلى 210 دقيقة على مواقع الفيديو أو التسلية أو السوشيال، وصلاحيتها يومان. الاشتراك من خلال الكود *811#. اسم الشحنة:   أقوى كارت 15 ضمن شحنات أقوى كارت من إي آند مصر. سعر   أقوى كارت 15: 15 جنيه. المحتوى الأساسي لـ   أقوى كارت 15: 300 ميكس أو ميجابايت أو دقائق لكل الشبكات. دقائق الفيديو أو التسلية أو السوشيال في   أقوى كارت 15: 210 دقيقة. لا تشمل   أقوى كارت 15 شحنة حكاية ميني.', 'الباقة: خط الداتا 14 جيجا\nخط الداتا 14 جيجا هي إحدى باقات خط الداتا من إي آند مصر. سعرها 225 جنيه قبل الضريبة. الباقة الأساسية 14 جيجابايت، ومع عرض ""ضعف الباقة"" يحصل العميل على إجمالي 28 جيجابايت في أول شحنة. صلاحية الباقة: ثلاثة أشهر.', 'الباقة: خط الداتا 25 جيجا\nخط الداتا 25 جيجا هي إحدى باقات خط الداتا من إي آند مصر. سعرها 375 جنيه قبل الضريبة. الباقة الأساسية 25 جيجابايت، ومع عرض ""ضعف الباقة"" يحصل العميل على إجمالي 50 جيجابايت في أول شحنة. صلاحية الباقة: ثلاثة أشهر.']","سعر **أقوى كارت 19** هو **19 جنيه**. 

تشمل الباقة:
- 425 ميكس أو ميجابايت أو دقائق لكل الشبكات.
- 300 دقيقة على مواقع الفيديو أو التسلية أو السوشيال.
- شحنة **حكاية ميني** بقيمة 400 ميكس بالإضافة إلى فيسبوك وواتساب.
- صلاحية الباقة 6 أيام.

يمكن الاشتراك في أقوى كارت 19 من خلال الكود: `*811#` [1][2].",1.0,0.8980715377096117
ما هو السعر الشهري لباقة إمرالد 430؟,"['Package: Emerald 430 The Emerald 430 package is one of the Emerald postpaid packages\nfrom e& Egypt, with a monthly price of 430 EGP before taxes. The package includes 12 GB\nof local internet, 2,500 local minutes, 500 SMS per month, and allows the addition of one\nextra line to the same account. • Package Name: Emerald 430. • Monthly Price for Emerald 430: 430 EGP, before adding 8% schedule tax, 14% VAT,\nand a 10 EGP State Resource Development fee. • Local Internet in Emerald 430: 12 GB per month. • Local Minutes in Emerald 430: 2,500 minutes per month. • SMS in Emerald 430: 500 messages per month. • Extra Family Lines in Emerald 430: 1 extra line on the same Emerald account. • Intra-Family Call Minutes in Emerald 430: 10,000 free minutes per month\nbetween lines on the same account. • eHome DSL Discount in Emerald 430: 160 EGP per month. • eHome Wireless Discount in Emerald 430: 165 EGP per month (cannot be\ncombined with the eHome DSL discount). • International Minutes in Emerald 430: None.', 'Package: Emerald 430 The Emerald 430 package is one of the Emerald postpaid packages\n• Outgoing Roaming Minutes in Emerald 430: 10 minutes. • Incoming Roaming Minutes in Emerald 430: None. • Roaming Internet in Emerald 430: 50 MB per month, plus 1.5 GB twice a year. • Extra Emerald Points in Emerald 430: 250 points per month, used in the MORE\nrewards program. • Entertainment E-Coins in Emerald 430: 1,875 E-Coins per month, used by the\ncustomer to choose entertainment services from Twist Sport, Twist Music, Twist TV,\nTOD, VIU, Shahid, Starzplay, and Amazon Prime. • Emerald GTO Hotel Discount in Emerald 430: 10% off the lowest available online\nhotel rates worldwide. • Maximum Mobile Phone Installment Limit in Emerald 430: Up to 15,000 EGP. • Special Privileges in Emerald 430: No additional special privileges, except for a\n25% discount on MOVE Club.', 'Package: Emerald 3450 The Emerald 3450 package is one of the Emerald postpaid\npackages from e& Egypt, with a monthly price of 3,450 EGP before taxes. The package\nincludes 200 GB of local internet, 12,000 local minutes, 2,000 SMS per month, and allows\nthe addition of seven extra lines to the same account. • Package Name: Emerald 3450. • Monthly Price for Emerald 3450: 3,450 EGP, before adding 8% schedule tax, 14%\nVAT, and a 10 EGP State Resource Development fee. • Local Internet in Emerald 3450: 200 GB per month. • Local Minutes in Emerald 3450: 12,000 minutes per month. • SMS in Emerald 3450: 2,000 messages per month. • Extra Family Lines in Emerald 3450: 7 extra lines on the same Emerald account. • Intra-Family Call Minutes in Emerald 3450: 10,000 free minutes per month\nbetween lines on the same account. • eHome DSL Discount in Emerald 3450: 650 EGP per month. • eHome Wireless Discount in Emerald 3450: 800 EGP per month (cannot be\ncombined with the eHome DSL discount). • International Minutes in Emerald 3450: 90 minutes.', 'Package: Emerald 1120 The Emerald 1120 package is one of the Emerald postpaid\npackages from e& Egypt, with a monthly price of 1,120 EGP before taxes. The package\nincludes 40 GB of local internet, 6,500 local minutes, 2,000 SMS per month, and allows the\naddition of four extra lines to the same account. • Package Name: Emerald 1120. • Monthly Price for Emerald 1120: 1,120 EGP, before adding 8% schedule tax, 14%\nVAT, and a 10 EGP State Resource Development fee. • Local Internet in Emerald 1120: 40 GB per month. • Local Minutes in Emerald 1120: 6,500 minutes per month. • SMS in Emerald 1120: 2,000 messages per month. • Extra Family Lines in Emerald 1120: 4 extra lines on the same Emerald account. • Intra-Family Call Minutes in Emerald 1120: 10,000 free minutes per month\nbetween lines on the same account. • eHome DSL Discount in Emerald 1120: 325 EGP per month. • eHome Wireless Discount in Emerald 1120: 380 EGP per month (cannot be\ncombined with the eHome DSL discount). • International Minutes in Emerald 1120: 45 minutes.', 'الباقة: اميرالد 430\nدقائق إرسال المكالمات أثناء التجوال في باقة اميرالد 430: 10 دقائق. دقائق استقبال المكالمات أثناء التجوال في باقة اميرالد 430: لا يوجد. إنترنت التجوال في باقة اميرالد 430: 50 ميجا شهريًا، بالإضافة إلى 1.5 جيجا مرتين في السنة. نقاط اميرالد الإضافية في باقة اميرالد 430: 250 نقطة شهريًا، تُستخدم في برنامج المكافآت MORE. النقاط الترفيهية (Entertainment E-Coins) في باقة اميرالد 430: 1,875 نقطة ترفيهية شهريًا، يختار بها العميل خدماته الترفيهية من Twist Sport و Twist Music و Twist TV و TOD و VIU و شاهد و Starzplay و Amazon Prime. خصم فنادق Emerald GTO في باقة اميرالد 430: 10% على أقل سعر للفنادق المتاح على الإنترنت في جميع أنحاء العالم. الحد الأقصى لتقسيط الهاتف المحمول في باقة اميرالد 430: حتى 15,000 جنيه. المزايا الخاصة في باقة اميرالد 430: لا توجد مزايا خاصة إضافية، عدا خصم 25% على نادي MOVE.', '4. برامج ومزايا اميرالد\nيشمل برنامج اميرالد عدة مزايا وبرامج تسري على أكثر من باقة. كل ميزة موصوفة هنا بشكل مستقل بحيث يمكن استرجاعها وحدها. برنامج Emerald Savings\nبرنامج Emerald Savings هو برنامج استرداد نقدي حصري لعملاء اميرالد، حيث يحصل المشترك على 25% من قيمة مصاريفه اليومية كرصيد يستخدمه في السفر. المستفيدون: جميع عملاء اميرالد بكل الباقات. نسبة الاسترداد: 25% من قيمة المصاريف اليومية المؤهلة. أنواع المصاريف المؤهلة: المطاعم، التسوق، والمصاريف اليومية الأخرى. طريقة الاستخدام: الرصيد المسترد يُستخدم كخصومات على السفر. كيفية التفعيل: تحميل تطبيق PoshSaver من متجر App Store أو Google Play. خصومات الفنادق من Emerald GTO\nميزة حصرية لعملاء اميرالد توفّر خصمًا فوريًا مضمونًا يصل إلى 30% على أقل سعر للفنادق المتاح على الإنترنت في جميع أنحاء العالم. المستفيدون: عملاء اميرالد الحاليون والجدد. نسبة الخصم القصوى: تصل إلى 30% على أقل سعر إنترنت للفندق. نسب الخصم حسب باقة اميرالد: 10% لباقتي اميرالد 430 و 780، و 15% لباقة اميرالد 1120، و 20% لباقة اميرالد 1725، و 30% لباقة اميرالد 3450. نطاق التغطية: فنادق حول العالم. طريقة الحجز: من خلال منصة GTO الشريكة لشركة إي آند مصر. خطوط العائلة في اميرالد\nميزة العائلة في اميرالد تتيح إضافة عدة خطوط لأفراد العائلة تحت حساب واحد، مع مشاركة الباقة والتحكم المركزي في الفاتورة. العدد الأقصى للخطوط الإضافية: خط واحد في اميرالد 430، وخطّان في اميرالد 780، وأربعة خطوط في اميرالد 1120، وخمسة خطوط في اميرالد 1725، وسبعة خطوط في اميرالد 3450. المكالمات بين أفراد العائلة: 10,000 دقيقة مجانية شهريًا بين الخطوط المشتركة في نفس حساب اميرالد. إدارة الباقة: يمكن توزيع وتحويل الإنترنت والوحدات بين أفراد العائلة من خلال تطبيق ماي إي آند مصر أو عبر الكود *800#. الفاتورة: فاتورة موحدة لكل الخطوط، مع إمكانية تحديد حد أقصى للفاتورة لكل خط عائلي. إضافة الخط الأرضي: يمكن إضافة خط أرضي من إي آند مصر كخط من خطوط العائلة في حساب اميرالد. تكلفة الخطوط الإضافية بعد استنفاد العدد المسموح: 50 جنيهًا شهريًا لكل خط داتا، و 100 جنيه شهريًا لكل خط مكالمات، و 10 جنيهات شهريًا لإضافة خط أرضي. Emerald Exclusive Privileges\nمزايا حصرية لعملاء اميرالد تشمل الوصول إلى صالات المطارات الدولية وخدمة مدير حساب شخصي على مدار الساعة. صالات VIP في المطارات: وصول مجاني فوري إلى ما يصل إلى 840 صالة مطار حول العالم، من خلال بطاقة مصرف أبوظبي الإسلامي–إي آند مصر المشتركة. مدير حساب شخصي: متاح على مدار الساعة لعملاء اميرالد لتلبية أي طلبات، أينما كان العميل حول العالم.', 'الباقة: اميرالد 430\nباقة اميرالد 430 هي إحدى باقات اميرالد postpaid من إي آند مصر، بسعر شهري قدره 430 جنيه قبل إضافة الضرائب. الباقة تشمل 12 جيجابايت من الإنترنت المحلي، و 2,500 دقيقة محلية، و 500 رسالة شهريًا، وتسمح بإضافة خط واحد إضافي في نفس الحساب. اسم الباقة: اميرالد 430. السعر الشهري لباقة اميرالد 430: 430 جنيه، قبل إضافة ضريبة جدول 8%، وضريبة القيمة المضافة 14%، ورسم تنمية موارد الدولة بقيمة 10 جنيهات. الإنترنت المحلي في باقة اميرالد 430: 12 جيجابايت شهريًا. الدقائق المحلية في باقة اميرالد 430: 2,500 دقيقة شهريًا. الرسائل القصيرة في باقة اميرالد 430: 500 رسالة شهريًا. الخطوط الإضافية للعائلة في باقة اميرالد 430: خط واحد إضافي في نفس حساب اميرالد. دقائق المكالمات بين أفراد العائلة في باقة اميرالد 430: 10,000 دقيقة شهريًا مجانًا بين خطوط نفس الحساب. خصم eHome DSL في باقة اميرالد 430: 160 جنيه شهريًا. خصم eHome Wireless في باقة اميرالد 430: 165 جنيه شهريًا، ولا يجمع مع خصم eHome DSL. الدقائق الدولية في باقة اميرالد 430: لا يوجد.', '1. نظرة عامة على اميرالد\nبرنامج Emerald Savings للاسترداد النقدي بنسبة 25% من المصاريف اليومية لاستخدامها في السفر. دعم متميز يشمل صالات VIP في المطارات لكبار باقات اميرالد، ومدير حساب شخصي على مدار الساعة.', 'الباقة: اميرالد 1725\nدقائق إرسال المكالمات أثناء التجوال في باقة اميرالد 1725: 60 دقيقة. دقائق استقبال المكالمات أثناء التجوال في باقة اميرالد 1725: 30 دقيقة. إنترنت التجوال في باقة اميرالد 1725: 50 ميجا شهريًا، بالإضافة إلى 10 جيجا ثلاث مرات في السنة. نقاط اميرالد الإضافية في باقة اميرالد 1725: 2,000 نقطة شهريًا، تُستخدم في برنامج المكافآت MORE. النقاط الترفيهية (Entertainment E-Coins) في باقة اميرالد 1725: 7,500 نقطة ترفيهية شهريًا، يختار بها العميل خدماته الترفيهية من Twist Sport و Twist Music و Twist TV و TOD و VIU و شاهد و Starzplay و Amazon Prime. خصم فنادق Emerald GTO في باقة اميرالد 1725: 20% على أقل سعر للفنادق المتاح على الإنترنت في جميع أنحاء العالم. الحد الأقصى لتقسيط الهاتف المحمول في باقة اميرالد 1725: حتى 75,000 جنيه. المزايا الخاصة في باقة اميرالد 1725: لا توجد مزايا خاصة إضافية، عدا خصم 25% على نادي MOVE.', 'الباقة: اميرالد 780\nدقائق إرسال المكالمات أثناء التجوال في باقة اميرالد 780: 30 دقيقة. دقائق استقبال المكالمات أثناء التجوال في باقة اميرالد 780: 15 دقيقة. إنترنت التجوال في باقة اميرالد 780: 50 ميجا شهريًا، بالإضافة إلى 5 جيجا مرتين في السنة. نقاط اميرالد الإضافية في باقة اميرالد 780: 450 نقطة شهريًا، تُستخدم في برنامج المكافآت MORE. النقاط الترفيهية (Entertainment E-Coins) في باقة اميرالد 780: 3,375 نقطة ترفيهية شهريًا، يختار بها العميل خدماته الترفيهية من Twist Sport و Twist Music و Twist TV و TOD و VIU و شاهد و Starzplay و Amazon Prime. خصم فنادق Emerald GTO في باقة اميرالد 780: 10% على أقل سعر للفنادق المتاح على الإنترنت في جميع أنحاء العالم. الحد الأقصى لتقسيط الهاتف المحمول في باقة اميرالد 780: حتى 30,000 جنيه. المزايا الخاصة في باقة اميرالد 780: لا توجد مزايا خاصة إضافية، عدا خصم 25% على نادي MOVE.', 'الباقة: اميرالد 1120\nدقائق إرسال المكالمات أثناء التجوال في باقة اميرالد 1120: 45 دقيقة. دقائق استقبال المكالمات أثناء التجوال في باقة اميرالد 1120: 20 دقيقة. إنترنت التجوال في باقة اميرالد 1120: 50 ميجا شهريًا، بالإضافة إلى 10 جيجا مرتين في السنة. نقاط اميرالد الإضافية في باقة اميرالد 1120: 1,000 نقطة شهريًا، تُستخدم في برنامج المكافآت MORE. النقاط الترفيهية (Entertainment E-Coins) في باقة اميرالد 1120: 4,875 نقطة ترفيهية شهريًا، يختار بها العميل خدماته الترفيهية من Twist Sport و Twist Music و Twist TV و TOD و VIU و شاهد و Starzplay و Amazon Prime. خصم فنادق Emerald GTO في باقة اميرالد 1120: 15% على أقل سعر للفنادق المتاح على الإنترنت في جميع أنحاء العالم. الحد الأقصى لتقسيط الهاتف المحمول في باقة اميرالد 1120: حتى 60,000 جنيه. المزايا الخاصة في باقة اميرالد 1120: لا توجد مزايا خاصة إضافية، عدا خصم 25% على نادي MOVE.', 'الباقة: اميرالد 3450\nدقائق إرسال المكالمات أثناء التجوال في باقة اميرالد 3450: 90 دقيقة. دقائق استقبال المكالمات أثناء التجوال في باقة اميرالد 3450: 45 دقيقة. إنترنت التجوال في باقة اميرالد 3450: 50 ميجا شهريًا، بالإضافة إلى 10 جيجا أربع مرات في السنة. نقاط اميرالد الإضافية في باقة اميرالد 3450: 4,000 نقطة شهريًا، تُستخدم في برنامج المكافآت MORE. النقاط الترفيهية (Entertainment E-Coins) في باقة اميرالد 3450: 10,000 نقطة ترفيهية شهريًا، يختار بها العميل خدماته الترفيهية من Twist Sport و Twist Music و Twist TV و TOD و VIU و شاهد و Starzplay و Amazon Prime. خصم فنادق Emerald GTO في باقة اميرالد 3450: 30% على أقل سعر للفنادق المتاح على الإنترنت في جميع أنحاء العالم. الحد الأقصى لتقسيط الهاتف المحمول في باقة اميرالد 3450: حتى 75,000 جنيه. المزايا الخاصة في باقة اميرالد 3450: مدير حساب شخصي على مدار الساعة، وخدمة الكونسيرج الدولي، وخصم 25% على نادي MOVE.', '7. الشروط والأحكام\nتسري الشروط التالية على كل باقات اميرالد ما لم يُذكر خلاف ذلك. كل بند هنا مكتوب كحقيقة مستقلة قابلة للاسترجاع. جميع الأسعار المعلنة لباقات اميرالد لا تشمل الضرائب. الضرائب التي تُضاف على السعر الشهري لباقات اميرالد: ضريبة جدول 8%، وضريبة القيمة المضافة 14%، ورسم تنمية موارد الدولة بقيمة 10 جنيهات شهريًا. أسعار المكالمات المحلية خارج باقة اميرالد: 19 قرشًا للدقيقة المحلية، و 30 قرشًا للرسالة المحلية القصيرة. أسعار المكالمات الدولية خارج باقة اميرالد: 8 جنيهات للدقيقة الدولية، و 5 جنيهات للرسالة الدولية. خصم eHome DSL مع اميرالد يُستقطع مقابل جزء من باقة الإنترنت المحلية: 2 جيجا لباقة اميرالد 430، و 3 جيجا لباقة اميرالد 780، و 5 جيجا لباقة اميرالد 1120، و 10 جيجا لباقتي اميرالد 1725 و اميرالد 3450. خصم eHome DSL وخصم eHome Wireless لا يمكن الاستفادة منهما معًا؛ يختار عميل اميرالد واحدًا منهما فقط. الحد الأقصى لدقائق العائلة في اميرالد: 10,000 دقيقة شهريًا بين خطوط الحساب الواحد. الحد الأقصى للرسائل القصيرة: 500 رسالة لباقة اميرالد 430، و 2,000 رسالة لباقات اميرالد 780 و 1120 و 1725 و 3450. خدمة Call Filter (ناس وناس) متضمنة مجانًا في باقات اميرالد. يمكن لعميل اميرالد الاستفادة من نظام تقسيط الهاتف المحمول، وتختلف قيمة القسط القصوى حسب باقة اميرالد ومدة الاشتراك. رسوم الخطوط الإضافية بعد استنفاد عدد خطوط العائلة في باقة اميرالد: 50 جنيهًا شهريًا لخط الداتا، و 100 جنيه شهريًا لخط المكالمات. إضافة خط أرضي من إي آند مصر إلى حساب اميرالد تُحتسب ضمن خطوط العائلة؛ وإذا استُنفدت الخطوط المتاحة، يمكن إضافة الخط الأرضي مقابل 10 جنيهات شهريًا. دقائق التجوال المتضمنة في باقات اميرالد: 15 دقيقة لباقة اميرالد 430، و 30 دقيقة لباقتي اميرالد 780 و 1120، و 60 دقيقة لباقتي اميرالد 1725 و 3450. الدقيقة الإضافية أثناء التجوال تكلف 1.5 جنيه. تبديل إنترنت التجوال بإنترنت محلي في اميرالد: يمكن لعميل اميرالد 430 استبدال 1.5 جيجا تجوال بـ 2 جيجا محلي؛ ولعميل اميرالد 780 استبدال 5 جيجا تجوال بـ 5 جيجا محلي؛ ولعملاء اميرالد 1120 و 1725 و 3450 استبدال 10 جيجا تجوال بـ 10 جيجا محلي. تفعيل التجوال: يجب على عميل اميرالد تفعيل باقة التجوال من خلال تطبيق ماي إي آند مصر قبل السفر، علمًا بأن إنترنت التجوال يُستخدم فقط في قائمة الدول المعتمدة لباقة اميرالد. دقائق دليل 7070 المتضمنة في باقات اميرالد: 15 دقيقة لباقة اميرالد 430، و 30 دقيقة لباقتي اميرالد 780 و 1120، و 60 دقيقة لباقتي اميرالد 1725 و 3450.', '8. مسرد المصطلحات\nاميرالد\nبرنامج باقات المحمول postpaid المميز من إي آند مصر، ويُسوَّق تحت اسم ""اميرالد العيلة"". يضم خمس باقات متدرجة هي: اميرالد 430، اميرالد 780، اميرالد 1120، اميرالد 1725، واميرالد 3450. خط العائلة\nخط إضافي يُضاف تحت حساب صاحب باقة اميرالد الأساسية. خطوط العائلة تشترك في باقة الحساب وتستفيد من 10,000 دقيقة مكالمات داخلية مجانية بين أفراد العائلة. Intra Minutes (دقائق داخل الحساب)\nهي دقائق المكالمات بين الخطوط المشتركة في نفس حساب اميرالد. كل باقات اميرالد تشمل 10,000 دقيقة شهريًا من هذا النوع. eHome DSL و eHome Wireless\nمنتجَا الإنترنت المنزلي من إي آند مصر. باقات اميرالد تشمل خصمًا على أحدهما، ولا يمكن الجمع بين الخصمين.', '5. كتالوج الترفيه (Entertainment E-Coins)\nكل باقة من اميرالد تمنح المشترك رصيدًا شهريًا من النقاط الترفيهية يستخدمه للاشتراك في خدمات البث الترفيهية الشريكة. عدد النقاط الترفيهية حسب باقة اميرالد:\nالنقاط الترفيهية في باقة اميرالد 430: 1,875 نقطة شهريًا. النقاط الترفيهية في باقة اميرالد 780: 3,375 نقطة شهريًا. النقاط الترفيهية في باقة اميرالد 1120: 4,875 نقطة شهريًا. النقاط الترفيهية في باقة اميرالد 1725: 7,500 نقطة شهريًا. النقاط الترفيهية في باقة اميرالد 3450: 10,000 نقطة شهريًا. الخدمات الترفيهية المتاحة لعملاء اميرالد:\nخدمة Twist Sport متاحة لعملاء اميرالد من خلال النقاط الترفيهية. خدمة Twist Music متاحة لعملاء اميرالد من خلال النقاط الترفيهية. خدمة Twist TV متاحة لعملاء اميرالد من خلال النقاط الترفيهية. خدمة TOD متاحة لعملاء اميرالد من خلال النقاط الترفيهية. خدمة VIU متاحة لعملاء اميرالد من خلال النقاط الترفيهية. خدمة شاهد متاحة لعملاء اميرالد من خلال النقاط الترفيهية.']",السعر الشهري لباقة **إمرالد 430** هو **430 جنيهًا** قبل إضافة الضرائب، وتشمل الضرائب ضريبة جدول 8%، وضريبة القيمة المضافة 14%، ورسم تنمية موارد الدولة بقيمة 10 جنيهات شهريًا [1][7].,1.0,0.9670495024439689
كم عدد المكسات في باقة حكاية مكسات 52؟,"['الباقة: حكاية ميكسات 52\nخطوط العائلة في باقة حكاية ميكسات 52: لا توجد خطوط عائلة إضافية. الإنترنت المنزلي في باقة حكاية ميكسات 52: لا يشمل خدمة الإنترنت المنزلي. الاشتراكات الترفيهية المتاحة جوة باقة حكاية ميكسات 52: VIU، وTwist Music، وشاهد موبايل. كود الاشتراك في باقة حكاية ميكسات 52: *319*45#.', 'الباقة: حكاية ميكسات 270\nعدد الأرقام المفضلة في باقة حكاية ميكسات 270: 3 أرقام (المكالمات للرقم المفضل تحاسب بنصف ميكس فقط). الكوينز عند تجديد باقة حكاية ميكسات 270: 540 كوينز تُضاف إلى رصيد العميل في برنامج الكوينز من إي آند مصر. فيسبوك وواتساب في باقة حكاية ميكسات 270: فيسبوك وواتساب متاحان طول مدة الباقة. خطوط العائلة في باقة حكاية ميكسات 270: 3 خطوط إضافية للعائلة. الإنترنت المنزلي في باقة حكاية ميكسات 270: الإنترنت المنزلي 150 جيجابايت متاح في هذه الباقة. الاشتراكات الترفيهية المتاحة جوة باقة حكاية ميكسات 270: VIU، وTwist Music، وTwist TV، وStarzplay، وشاهد موبايل. كود الاشتراك في باقة حكاية ميكسات 270: *319*235#.', 'الباقة: حكاية ميكسات 52\nحكاية ميكسات 52 هي إحدى باقات حكاية ميكسات الشهرية من إي آند مصر. الرسوم الشهرية شاملة الضريبة: 74.29 جنيه. تحتوي على 1,900 ميكس، و 1 رقم مفضل (تكلم رقمك المفضل بنصف ميكس)، ومع كل تجديد يحصل العميل على 104 كوينز يستبدلها بهدايا. كود الاشتراك: *319*45#. اسم الباقة: حكاية ميكسات 52 ضمن باقات حكاية ميكسات الشهرية من إي آند مصر. الرسوم الشهرية لباقة حكاية ميكسات 52 شاملة ضريبة الشحن: 74.29 جنيه. عدد الميكسات في باقة حكاية ميكسات 52: 1,900 ميكس. عدد الأرقام المفضلة في باقة حكاية ميكسات 52: 1 رقم (المكالمات للرقم المفضل تحاسب بنصف ميكس فقط). الكوينز عند تجديد باقة حكاية ميكسات 52: 104 كوينز تُضاف إلى رصيد العميل في برنامج الكوينز من إي آند مصر. فيسبوك وواتساب في باقة حكاية ميكسات 52: فيسبوك وواتساب بحد 200 ميجابايت ضمن سياسة الاستخدام العادل.', '11. التكامل مع برنامج الكوينز في حكاية ميكسات\nتجديد باقة حكاية ميكسات 92 يكسب العميل 184 كوينز في برنامج الكوينز من إي آند مصر. تجديد باقة حكاية ميكسات 120 يكسب العميل 240 كوينز في برنامج الكوينز من إي آند مصر. تجديد باقة حكاية ميكسات 180 يكسب العميل 360 كوينز في برنامج الكوينز من إي آند مصر. تجديد باقة حكاية ميكسات 270 يكسب العميل 540 كوينز في برنامج الكوينز من إي آند مصر.', '11. التكامل مع برنامج الكوينز في حكاية ميكسات\nمع كل تجديد لباقة حكاية ميكسات من إي آند مصر، يحصل العميل تلقائيًا على عدد محدد من الكوينز يضاف إلى رصيده في برنامج الكوينز، يستبدلها بهدايا. أعداد الكوينز عند تجديد كل باقة:\nتجديد باقة حكاية ميكسات 52 يكسب العميل 104 كوينز في برنامج الكوينز من إي آند مصر. تجديد باقة حكاية ميكسات 69 يكسب العميل 138 كوينز في برنامج الكوينز من إي آند مصر.', '8. خطوط العائلة في حكاية ميكسات\nتتيح باقات حكاية ميكسات من إي آند مصر مشاركة الباقة بين أفراد العائلة. عدد الخطوط الإضافية المسموح بها يختلف حسب الباقة:\nباقة حكاية ميكسات 52: لا تتيح خطوط عائلة إضافية. باقة حكاية ميكسات 69: لا تتيح خطوط عائلة إضافية. باقة حكاية ميكسات 92: تتيح خط عائلة إضافي واحد. باقة حكاية ميكسات 120: تتيح خط عائلة إضافي واحد. باقة حكاية ميكسات 180: تتيح خطين عائلة إضافيين. باقة حكاية ميكسات 270: تتيح ثلاثة خطوط عائلة إضافية. توزيع الميكسات على خطوط العائلة\nعند إضافة خط عائلة في حكاية ميكسات، يستطيع الخط الأساسي تخصيص نسبة محددة من ميكسات الباقة الأساسية للخط المضاف شهريًا. النسب المتاحة في حكاية ميكسات هي:\n10% من ميكسات باقة حكاية ميكسات الأساسية. 25% من ميكسات باقة حكاية ميكسات الأساسية.', 'الباقة: سوبر كونكت 520 (حصري لحكاية ميكسات)\nصلاحية سوبر كونكت 520: 28 يومًا، منفصلة عن صلاحية باقة حكاية ميكسات الأساسية. الاشتراك في سوبر كونكت 520: من خلال الكود *566# أو تطبيق ماي إي آند مصر.', 'الباقة: سوبر كونكت 50 (حصري لحكاية ميكسات)\nصلاحية سوبر كونكت 50: 28 يومًا، منفصلة عن صلاحية باقة حكاية ميكسات الأساسية. الاشتراك في سوبر كونكت 50: من خلال الكود *566# أو تطبيق ماي إي آند مصر.', 'الباقة: حكاية ميكسات 69\nحكاية ميكسات 69 هي إحدى باقات حكاية ميكسات الشهرية من إي آند مصر. الرسوم الشهرية شاملة الضريبة: 98.58 جنيه. تحتوي على 2,800 ميكس، و 1 رقم مفضل (تكلم رقمك المفضل بنصف ميكس)، ومع كل تجديد يحصل العميل على 138 كوينز يستبدلها بهدايا. كود الاشتراك: *319*60#. اسم الباقة: حكاية ميكسات 69 ضمن باقات حكاية ميكسات الشهرية من إي آند مصر. الرسوم الشهرية لباقة حكاية ميكسات 69 شاملة ضريبة الشحن: 98.58 جنيه. عدد الميكسات في باقة حكاية ميكسات 69: 2,800 ميكس. عدد الأرقام المفضلة في باقة حكاية ميكسات 69: 1 رقم (المكالمات للرقم المفضل تحاسب بنصف ميكس فقط). الكوينز عند تجديد باقة حكاية ميكسات 69: 138 كوينز تُضاف إلى رصيد العميل في برنامج الكوينز من إي آند مصر. فيسبوك وواتساب في باقة حكاية ميكسات 69: فيسبوك وواتساب بحد 200 ميجابايت ضمن سياسة الاستخدام العادل.', 'الباقة: سوبر كونكت 32 (حصري لحكاية ميكسات)\nصلاحية سوبر كونكت 32: 28 يومًا، منفصلة عن صلاحية باقة حكاية ميكسات الأساسية. الاشتراك في سوبر كونكت 32: من خلال الكود *566# أو تطبيق ماي إي آند مصر.', '14. مسرد المصطلحات\nمتاحة بثلاث فئات (4.5، 7.5، 15) من خلال الكود *626#. سياسة الاستخدام العادل\nسياسة في حكاية ميكسات تحدد سقفًا لاستخدام تطبيقات السوشيال (فيسبوك وواتساب) في الباقات الصغيرة (200 ميجابايت في حكاية ميكسات 52 و 69، و 12.5 ميجابايت في شحنات ميني). النظام المؤقت\nحالة مؤقتة لعميل حكاية ميكسات بعد انتهاء صلاحية باقة شحنة ميني، يعود فيها العميل إلى الباقة الشهرية ويستطيع تجديدها أو تجديد شحنة ميني. التجديد المبكر\nخدمة في حكاية ميكسات تتيح للعميل تجديد باقته قبل ميعادها بعد انتهاء ميكساتها، من خلال الكود *807#. الكود *319#\nالكود الرئيسي لعميل حكاية ميكسات لإدارة باقته، إضافة وإزالة خطوط العائلة، نقل الوحدات، الاستعلام عن الرصيد، والتغيير بين الباقات. الكود *566#\nالكود الذي يستخدمه عميل حكاية ميكسات للاشتراك في باقات سوبر كونكت الحصرية. الكود *809#\nالكود المخصص للتجديد الأسبوعي في حكاية ميكسات. *809*1# لأسبوع، *809*2# لأسبوعين، *809*3# لثلاثة أسابيع. الكوينز\nنقاط برنامج المكافآت من إي آند مصر التي يجمعها عميل حكاية ميكسات تلقائيًا مع كل تجديد، يستبدلها لاحقًا بهدايا. المخالفون ذوو الاحتياجات الخاصة\nشريحة من عملاء حكاية ميكسات تحصل على خصم 50% مدى الحياة على جميع باقات حكاية ميكسات.', 'الباقة: سوبر كونكت 520 (حصري لحكاية ميكسات)\nسوبر كونكت 520 هي إحدى باقات الإنترنت الإضافية سوبر كونكت الحصرية لعملاء حكاية ميكسات من إي آند مصر. سعرها 520 جنيه قبل الضريبة، تمنح العميل 48,000 ميجابايت (أو 45,000 ميجابايت إذا كانت باقة حكاية ميكسات الأساسية غير متجددة)، بالإضافة إلى 30 دقيقة لأرقام إي آند مصر. اسم الباقة: سوبر كونكت 520 ضمن باقات سوبر كونكت الحصرية لحكاية ميكسات من إي آند مصر. سعر سوبر كونكت 520: 520 جنيه قبل الضريبة (سعر حصري لعملاء حكاية ميكسات، أقل من سعر سوبر كونكت العادية). الإنترنت في سوبر كونكت 520 لعملاء حكاية ميكسات المجدّدين: 48,000 ميجابايت. الإنترنت في سوبر كونكت 520 لعملاء حكاية ميكسات إذا كانت الباقة الأساسية غير متجددة: 45,000 ميجابايت. الدقائق في سوبر كونكت 520: 30 دقيقة لأرقام إي آند مصر.', 'الباقة: حكاية ميكسات 92\nحكاية ميكسات 92 هي إحدى باقات حكاية ميكسات الشهرية من إي آند مصر. الرسوم الشهرية شاملة الضريبة: 131.44 جنيه. تحتوي على 3,750 ميكس، و 2 أرقام مفضلة (تكلم رقمك المفضل بنصف ميكس)، ومع كل تجديد يحصل العميل على 184 كوينز يستبدلها بهدايا. كود الاشتراك: *319*80#. اسم الباقة: حكاية ميكسات 92 ضمن باقات حكاية ميكسات الشهرية من إي آند مصر. الرسوم الشهرية لباقة حكاية ميكسات 92 شاملة ضريبة الشحن: 131.44 جنيه. عدد الميكسات في باقة حكاية ميكسات 92: 3,750 ميكس. عدد الأرقام المفضلة في باقة حكاية ميكسات 92: 2 أرقام (المكالمات للرقم المفضل تحاسب بنصف ميكس فقط). الكوينز عند تجديد باقة حكاية ميكسات 92: 184 كوينز تُضاف إلى رصيد العميل في برنامج الكوينز من إي آند مصر. فيسبوك وواتساب في باقة حكاية ميكسات 92: فيسبوك وواتساب متاحان طول مدة الباقة.', 'الباقة: حكاية ميكسات 120\nحكاية ميكسات 120 هي إحدى باقات حكاية ميكسات الشهرية من إي آند مصر. الرسوم الشهرية شاملة الضريبة: 171.44 جنيه. تحتوي على 5,375 ميكس، و 2 أرقام مفضلة (تكلم رقمك المفضل بنصف ميكس)، ومع كل تجديد يحصل العميل على 240 كوينز يستبدلها بهدايا. كود الاشتراك: *319*105#. اسم الباقة: حكاية ميكسات 120 ضمن باقات حكاية ميكسات الشهرية من إي آند مصر. الرسوم الشهرية لباقة حكاية ميكسات 120 شاملة ضريبة الشحن: 171.44 جنيه. عدد الميكسات في باقة حكاية ميكسات 120: 5,375 ميكس. عدد الأرقام المفضلة في باقة حكاية ميكسات 120: 2 أرقام (المكالمات للرقم المفضل تحاسب بنصف ميكس فقط). الكوينز عند تجديد باقة حكاية ميكسات 120: 240 كوينز تُضاف إلى رصيد العميل في برنامج الكوينز من إي آند مصر. فيسبوك وواتساب في باقة حكاية ميكسات 120: فيسبوك وواتساب متاحان طول مدة الباقة.', '15. إجابات شائعة عن حكاية ميكسات\nالأسئلة الشائعة التالية مصاغة بحيث يمكن لنظام الاسترجاع جلب الإجابة كاملة بمفردها:\nما هي حكاية ميكسات من إي آند مصر؟\nحكاية ميكسات هي مجموعة باقات المحمول مسبقة الدفع من إي آند مصر، تعتمد على وحدة الميكس بدلًا من فصل الدقائق والميجابايت. تضم 6 باقات شهرية، 3 شحنات أسبوعية، باقات سوبر كونكت حصرية، وباقات إضافية. ما الفرق بين الميكس والدقيقة والميجابايت في حكاية ميكسات؟\nفي حكاية ميكسات من إي آند مصر: 1 ميكس = 1 دقيقة أو رسالة لشبكة إي آند مصر، أو 1/5 دقيقة للشبكات الأخرى، أو 2 ميجابايت للتطبيقات الاجتماعية (فيسبوك، واتساب، إنستجرام، إلخ)، أو 1 ميجابايت للمواقع الأخرى. ما الفرق بين باقات حكاية ميكسات الـ 6؟\nالباقات تتدرج في السعر والمزايا: حكاية ميكسات 52 (74.29 جنيه شاملة الضريبة) و 69 (98.58 جنيه) للاستخدامات الأساسية، حكاية ميكسات 92 (131.44) و 120 (171.44) تضيف خط عائلة وفيسبوك/واتساب بلا حد، وحكاية ميكسات 180 (257.15) و 270 (385.72) تضيف الإنترنت المنزلي وأكثر من خط عائلة. ما هو الرقم المفضل في حكاية ميكسات؟\nالرقم المفضل في حكاية ميكسات من إي آند مصر هو رقم يختاره العميل، تحاسب المكالمات إليه بنصف ميكس فقط بدلًا من ميكس كامل. عدد الأرقام المفضلة يختلف حسب الباقة (1 في حكاية ميكسات 52 و 69، و 2 في حكاية ميكسات 92 و 120، و 3 في حكاية ميكسات 180 و 270). هل يمكن إضافة خط عائلة في كل باقات حكاية ميكسات؟\nلا. خطوط العائلة في حكاية ميكسات تبدأ من باقة 92 (خط واحد) ثم 120 (خط واحد)، ثم 180 (خطان)، ثم 270 (3 خطوط). باقتا حكاية ميكسات 52 و 69 لا تتيحان خطوط عائلة إضافية. كيف يحصل عميل حكاية ميكسات على الإنترنت المنزلي؟\nالإنترنت المنزلي متاح حصريًا لعملاء حكاية ميكسات 180 و 270 من إي آند مصر، من خلال استبدال الميكسات: 5,800 ميكس مقابل 100 جيجابايت (متاحة للباقتين)، أو 7,000 ميكس مقابل 150 جيجابايت (متاحة لحكاية ميكسات 270 فقط). ما الفرق بين سوبر كونكت العادي وسوبر كونكت لحكاية ميكسات؟\nباقات سوبر كونكت الحصرية لحكاية ميكسات من إي آند مصر بأسعار أقل من باقات سوبر كونكت العادية مع نفس حجم الإنترنت. مثلًا، 350 ميجابايت بـ 9 جنيه في حكاية ميكسات مقابل 10.5 جنيه في سوبر كونكت العادي، و 48,000 ميجابايت بـ 520 جنيه في حكاية ميكسات مقابل 600 جنيه في سوبر كونكت العادي. ماذا يحدث إذا تأخر عميل حكاية ميكسات في تجديد الباقة؟\nإذا تأخر التجديد عن الميعاد في حكاية ميكسات، لا يتم ترحيل الميكسات المتبقية للشهر القادم. كذلك بعد انتهاء الميكسات، يتم محاسبة العميل بسعر موحد قدره 19 قرشًا لكل دقيقة أو ميجابايت إلى أن يتم التجديد. هل يمكن لعميل حكاية ميكسات الاستفادة من برنامج الكوينز؟\nنعم. عملاء حكاية ميكسات مؤهلون لبرنامج الكوينز من إي آند مصر، ويحصلون على كوينز تلقائيًا مع كل تجديد للباقة الشهرية: 104 كوينز لحكاية ميكسات 52، 138 كوينز لحكاية ميكسات 69، 184 لحكاية ميكسات 92، 240 لحكاية ميكسات 120، 360 لحكاية ميكسات 180، و 540 لحكاية ميكسات 270. ما هو الكود الرئيسي لإدارة حكاية ميكسات؟\nالكود الرئيسي لإدارة باقة حكاية ميكسات من إي آند مصر هو *319#. من خلاله يستطيع العميل إضافة وإزالة خطوط العائلة، الاستعلام عن الرصيد، نقل الوحدات، التغيير بين الباقات، وتجديد الباقة الشهرية أو شحنة حكاية ميني.']","باقة **حكاية ميكسات 52** تحتوي على **1,900 ميكس**. يمكنك الاشتراك في الباقة عبر الكود `*319*45#`، والرسوم الشهرية شاملة الضريبة هي **74.29 جنيه**[1][3].",1.0,0.9131194335298152
قارن بين أكوا كارد 15 وأكوا كارد 19.,"['الشحنة:   أقوى كارت 19\nأقوى كارت 19 هي إحدى شحنات أقوى كارت من إي آند مصر بسعر 19 جنيه. تمنح العميل 425 ميكس أو ميجابايت أو دقائق لكل الشبكات، بالإضافة إلى 300 دقيقة على مواقع الفيديو أو التسلية أو السوشيال، وشحنة حكاية ميني بقيمة 400 ميكس + فيسبوك وواتساب، وصلاحيتها 6 أيام. الاشتراك من خلال الكود *811#.', 'الشحنة:   أقوى كارت 19\nاسم الشحنة:   أقوى كارت 19 ضمن شحنات أقوى كارت من إي آند مصر. سعر   أقوى كارت 19: 19 جنيه. المحتوى الأساسي لـ   أقوى كارت 19: 425 ميكس أو ميجابايت أو دقائق لكل الشبكات. دقائق الفيديو أو التسلية أو السوشيال في   أقوى كارت 19: 300 دقيقة. شحنة حكاية ميني المضمّنة في   أقوى كارت 19: 400 ميكس + فيسبوك وواتساب. صلاحية   أقوى كارت 19: 6 أيام. كود الاشتراك في   أقوى كارت 19: *811# لعملاء أقوى كارت من إي آند مصر.', 'الباقة: اكسترا 15\nاكسترا 15 هي إحدى باقات حكاية ميكسات الإضافية من إي آند مصر، بسعر 21.43 جنيه شاملة الضريبة، وتمنح العميل 300 ميكس إضافي. اسم الباقة: اكسترا 15 ضمن باقات حكاية ميكسات الإضافية من إي آند مصر. الرسوم الشهرية لـ اكسترا 15 شاملة الضريبة: 21.43 جنيه. الميكسات الإضافية في اكسترا 15: 300 ميكس.', 'الباقة: شحنة حكاية ميني 19\nشحنة حكاية ميني 19 هي إحدى باقات شحنة حكاية ميني من إي آند مصر. الرصيد المضاف: 13.3 جنيه. تحتوي على 400 ميكس، وصلاحيتها 6 أيام. اسم الباقة: شحنة حكاية ميني 19 ضمن باقات شحنة حكاية ميني من إي آند مصر. الرصيد المضاف عند شراء شحنة حكاية ميني 19: 13.3 جنيه. عدد الميكسات في شحنة حكاية ميني 19: 400 ميكس. فيسبوك وواتساب في شحنة حكاية ميني 19: متاحان بحد 12.5 ميجابايت ضمن سياسة الاستخدام العادل. صلاحية شحنة حكاية ميني 19: 6 أيام.', 'الشحنة:   أقوى كارت 15\nأقوى كارت 15 هي إحدى شحنات أقوى كارت من إي آند مصر بسعر 15 جنيه. تمنح العميل 300 ميكس أو ميجابايت أو دقائق لكل الشبكات، بالإضافة إلى 210 دقيقة على مواقع الفيديو أو التسلية أو السوشيال، وصلاحيتها يومان. الاشتراك من خلال الكود *811#. اسم الشحنة:   أقوى كارت 15 ضمن شحنات أقوى كارت من إي آند مصر. سعر   أقوى كارت 15: 15 جنيه. المحتوى الأساسي لـ   أقوى كارت 15: 300 ميكس أو ميجابايت أو دقائق لكل الشبكات. دقائق الفيديو أو التسلية أو السوشيال في   أقوى كارت 15: 210 دقيقة. لا تشمل   أقوى كارت 15 شحنة حكاية ميني.', 'الشحنة:   أقوى كارت 15\nصلاحية   أقوى كارت 15: يومان. كود الاشتراك في   أقوى كارت 15: *811# لعملاء أقوى كارت من إي آند مصر.', 'الباقة: سوبر كونكت 20 (حصري لحكاية ميكسات)\nصلاحية سوبر كونكت 20: 28 يومًا، منفصلة عن صلاحية باقة حكاية ميكسات الأساسية. الاشتراك في سوبر كونكت 20: من خلال الكود *566# أو تطبيق ماي إي آند مصر.', 'الباقة: ميني حكاية انترنت 15\nالوحدات للمكالمات والرسائل في ميني حكاية انترنت 15: 60 وحدة. صلاحية ميني حكاية انترنت 15: 7 أيام. الاشتراك في ميني حكاية انترنت 15: من خلال الكود *200# أو عن طريق تطبيق ماي إي آند مصر. التجديد التلقائي لـ ميني حكاية انترنت 15: تتجدد الباقة تلقائيًا في حال وجود رصيد كافٍ في حساب العميل.', 'الشحنة:   أقوى كارت 22.5\nأقوى كارت 22.5 هي إحدى شحنات أقوى كارت من إي آند مصر بسعر 22.5 جنيه. تمنح العميل 550 ميكس أو ميجابايت أو دقائق لكل الشبكات، بالإضافة إلى 320 دقيقة على مواقع الفيديو أو التسلية أو السوشيال، وشحنة حكاية ميني بقيمة 525 ميكس + فيسبوك وواتساب، وصلاحيتها 7 أيام. الاشتراك من خلال الكود *811#.', 'الباقة: خط الداتا 14 جيجا\nخط الداتا 14 جيجا هي إحدى باقات خط الداتا من إي آند مصر. سعرها 225 جنيه قبل الضريبة. الباقة الأساسية 14 جيجابايت، ومع عرض ""ضعف الباقة"" يحصل العميل على إجمالي 28 جيجابايت في أول شحنة. صلاحية الباقة: ثلاثة أشهر.', 'الباقة: ميني حكاية انترنت 15\nميني حكاية انترنت 15 هي إحدى باقات ميني حكاية انترنت من إي آند مصر. سعرها 15 جنيه، تمنح العميل 500 ميجابايت من الإنترنت و 60 وحدة للمكالمات والرسائل، وصلاحيتها 7 أيام. اسم الباقة: ميني حكاية انترنت 15 ضمن باقات ميني حكاية انترنت من إي آند مصر. سعر ميني حكاية انترنت 15: 15 جنيه. الإنترنت في ميني حكاية انترنت 15: 500 ميجابايت.', '9. إجابات شائعة عن أنظمة الـ prepaid البسيطة\nالأسئلة الشائعة التالية مصاغة بحيث يمكن لنظام الاسترجاع جلب الإجابة كاملة بمفردها:\nما الفرق بين أقوى كارت وحكاية ميكسات من إي آند مصر؟\nأقوى كارت من إي آند مصر هو نظام شحن prepaid بسيط لا يشترط الاشتراك في باقة شهرية، يحصل العميل فيه على ميكسات ودقائق إنترنت/فيديو/سوشيال مع كل شحنة من 5 جنيه إلى 75 جنيه. أما حكاية ميكسات فهو نظام أكبر بباقات شهرية ثابتة وخيارات أوسع مثل الإنترنت المنزلي وخطوط العائلة. ما هو نظام أهلا super yes من إي آند مصر؟\nنظام أهلا super yes من إي آند مصر هو خطة أسعار prepaid تعتمد على الأرقام المفضلة. الدقيقة المحلية بـ 15 قرشًا، والرسالة بـ 30 قرشًا، والدقيقة للشبكات الأخرى بـ 25 قرشًا، أما الأرقام المفضلة (حتى 10 أرقام يحددها العميل) فالدقيقة والرسالة لها بـ 7 قروش فقط. كيف يضبط العميل الأرقام المفضلة في أهلا super yes؟\nفي نظام أهلا super yes من إي آند مصر، يضبط العميل أرقامه المفضلة بأحد طريقتين: اتصال بالرقم 535 بتكلفة 60 قرشًا للمكالمة واتباع التعليمات، أو إرسال الرقم في رسالة قصيرة إلى الرقم 535 بتكلفة 7 قروش. التغيير أو التعديل مجاني مرة واحدة كل شهر.', 'الباقة: اكسترا 15\nكود الاشتراك في اكسترا 15: *626#.', 'الشحنة:   أقوى كارت 45\nصلاحية   أقوى كارت 45: 28 يومًا. كود الاشتراك في   أقوى كارت 45: *811# لعملاء أقوى كارت من إي آند مصر.', 'الباقة: خط الداتا 25 جيجا\nخط الداتا 25 جيجا هي إحدى باقات خط الداتا من إي آند مصر. سعرها 375 جنيه قبل الضريبة. الباقة الأساسية 25 جيجابايت، ومع عرض ""ضعف الباقة"" يحصل العميل على إجمالي 50 جيجابايت في أول شحنة. صلاحية الباقة: ثلاثة أشهر.']","### مقارنة بين **أقوى كارت 15** و **أقوى كارت 19** من إي آند مصر:

| الميزة                  | أقوى كارت 15                         | أقوى كارت 19                         |
|-------------------------|------------------------------------|------------------------------------|
| **السعر**               | 15 جنيه                           | 19 جنيه                           |
| **الميكسات أو الميجابايت أو الدقائق لكل الشبكات** | 300 ميكس أو ميجابايت أو دقائق     | 425 ميكس أو ميجابايت أو دقائق     |
| **دقائق الفيديو أو التسلية أو السوشيال** | 210 دقيقة                         | 300 دقيقة                         |
| **شحنة حكاية ميني**    | غير متضمنة                        | 400 ميكس + فيسبوك وواتساب         |
| **صلاحية الباقة**       | يومان                             | 6 أيام                            |
| **كود الاشتراك**        | `*811#`                          | `*811#`                          |

### ملخص:
- **أقوى كارت 19** أغلى بسعر 19 جنيه لكنه يمنحك حصة أكبر من الميكسات والدقائق وصلاحية أطول (6 أيام)، بالإضافة إلى شحنة حكاية ميني بقيمة 400 ميكس مع فيسبوك وواتساب.
- **أقوى كارت 15** أرخص بسعر 15 جنيه مع صلاحية يومين فقط، ويحتوي على كمية أقل من الميكسات والدقائق ولا يشمل شحنة حكاية ميني.

إذا كنت تحتاج فترة صلاحية أطول وحصة أكبر من الدقائق والإنترنت مع خدمات فيسبوك وواتساب، فـ **أقوى كارت 19** هو الخيار الأفضل. أما إذا كنت تبحث عن باقة أرخص لفترة قصيرة، فـ **أقوى كارت 15** مناسب لك  [1][2].",0.9130434782608695,0.9134432355645922
ما هو كود الاشتراك في حكاية مكسات 52؟,"[""Bundle: Hekaya Mixat 52\nHekaya Mixat 52 is one of the monthly bundles from e& Egypt. Monthly fee including tax:\n74.29 EGP. It includes 1,900 Mixes and 1 favorite number (calls charged at 0.5 Mix/min). Upon renewal, the customer receives 104 Coins. Subscription code: *319*45#. • Bundle Name: Hekaya Mixat 52 (Monthly Hekaya Mixat Bundles from e& Egypt). • Monthly Fee (incl. tax): 74.29 EGP. • Mixes Count: 1,900 Mixes. • Favorite Numbers: 1 number (charged at 0.5 Mix/minute). • Coins upon Renewal: 104 Coins added to the customer's balance in the e& Egypt\nCoins program. • Facebook & WhatsApp: Included up to 200 MB under the Fair Usage Policy (FUP). • Family Lines: No additional family lines."", ""Bundle: Hekaya Mixat 120\nHekaya Mixat 120 is one of the monthly bundles from e& Egypt. Monthly fee including tax:\n171.44 EGP. It includes 5,375 Mixes and 2 favorite numbers (calls charged at 0.5 Mix/min). Upon renewal, the customer receives 240 Coins. Subscription code: *319*105#. • Bundle Name: Hekaya Mixat 120 (Monthly Hekaya Mixat Bundles from e& Egypt). • Monthly Fee (incl. tax): 171.44 EGP. • Mixes Count: 5,375 Mixes. • Favorite Numbers: 2 numbers (charged at 0.5 Mix/minute). • Coins upon Renewal: 240 Coins added to the customer's balance in the e& Egypt\nCoins program. • Facebook & WhatsApp: Available throughout the bundle validity."", ""Bundle: Hekaya Mixat 92\nHekaya Mixat 92 is one of the monthly bundles from e& Egypt. Monthly fee including tax:\n131.44 EGP. It includes 3,750 Mixes and 2 favorite numbers (calls charged at 0.5 Mix/min). Upon renewal, the customer receives 184 Coins. Subscription code: *319*80#. • Bundle Name: Hekaya Mixat 92 (Monthly Hekaya Mixat Bundles from e& Egypt). • Monthly Fee (incl. tax): 131.44 EGP. • Mixes Count: 3,750 Mixes. • Favorite Numbers: 2 numbers (charged at 0.5 Mix/minute). • Coins upon Renewal: 184 Coins added to the customer's balance in the e& Egypt\nCoins program. • Facebook & WhatsApp: Available throughout the bundle validity."", ""Bundle: Hekaya Mixat 69\nHekaya Mixat 69 is one of the monthly bundles from e& Egypt. Monthly fee including tax:\n98.58 EGP. It includes 2,800 Mixes and 1 favorite number (calls charged at 0.5 Mix/min). Upon renewal, the customer receives 138 Coins. Subscription code: *319*60#. • Bundle Name: Hekaya Mixat 69 (Monthly Hekaya Mixat Bundles from e& Egypt). • Monthly Fee (incl. tax): 98.58 EGP. • Mixes Count: 2,800 Mixes. • Favorite Numbers: 1 number (charged at 0.5 Mix/minute). • Coins upon Renewal: 138 Coins added to the customer's balance in the e& Egypt\nCoins program. • Facebook & WhatsApp: Included up to 200 MB under the Fair Usage Policy (FUP). • Family Lines: No additional family lines."", 'الباقة: حكاية ميكسات 52\nحكاية ميكسات 52 هي إحدى باقات حكاية ميكسات الشهرية من إي آند مصر. الرسوم الشهرية شاملة الضريبة: 74.29 جنيه. تحتوي على 1,900 ميكس، و 1 رقم مفضل (تكلم رقمك المفضل بنصف ميكس)، ومع كل تجديد يحصل العميل على 104 كوينز يستبدلها بهدايا. كود الاشتراك: *319*45#. اسم الباقة: حكاية ميكسات 52 ضمن باقات حكاية ميكسات الشهرية من إي آند مصر. الرسوم الشهرية لباقة حكاية ميكسات 52 شاملة ضريبة الشحن: 74.29 جنيه. عدد الميكسات في باقة حكاية ميكسات 52: 1,900 ميكس. عدد الأرقام المفضلة في باقة حكاية ميكسات 52: 1 رقم (المكالمات للرقم المفضل تحاسب بنصف ميكس فقط). الكوينز عند تجديد باقة حكاية ميكسات 52: 104 كوينز تُضاف إلى رصيد العميل في برنامج الكوينز من إي آند مصر. فيسبوك وواتساب في باقة حكاية ميكسات 52: فيسبوك وواتساب بحد 200 ميجابايت ضمن سياسة الاستخدام العادل.', 'الباقة: حكاية ميكسات 52\nخطوط العائلة في باقة حكاية ميكسات 52: لا توجد خطوط عائلة إضافية. الإنترنت المنزلي في باقة حكاية ميكسات 52: لا يشمل خدمة الإنترنت المنزلي. الاشتراكات الترفيهية المتاحة جوة باقة حكاية ميكسات 52: VIU، وTwist Music، وشاهد موبايل. كود الاشتراك في باقة حكاية ميكسات 52: *319*45#.', '14. مسرد المصطلحات\nمتاحة بثلاث فئات (4.5، 7.5، 15) من خلال الكود *626#. سياسة الاستخدام العادل\nسياسة في حكاية ميكسات تحدد سقفًا لاستخدام تطبيقات السوشيال (فيسبوك وواتساب) في الباقات الصغيرة (200 ميجابايت في حكاية ميكسات 52 و 69، و 12.5 ميجابايت في شحنات ميني). النظام المؤقت\nحالة مؤقتة لعميل حكاية ميكسات بعد انتهاء صلاحية باقة شحنة ميني، يعود فيها العميل إلى الباقة الشهرية ويستطيع تجديدها أو تجديد شحنة ميني. التجديد المبكر\nخدمة في حكاية ميكسات تتيح للعميل تجديد باقته قبل ميعادها بعد انتهاء ميكساتها، من خلال الكود *807#. الكود *319#\nالكود الرئيسي لعميل حكاية ميكسات لإدارة باقته، إضافة وإزالة خطوط العائلة، نقل الوحدات، الاستعلام عن الرصيد، والتغيير بين الباقات. الكود *566#\nالكود الذي يستخدمه عميل حكاية ميكسات للاشتراك في باقات سوبر كونكت الحصرية. الكود *809#\nالكود المخصص للتجديد الأسبوعي في حكاية ميكسات. *809*1# لأسبوع، *809*2# لأسبوعين، *809*3# لثلاثة أسابيع. الكوينز\nنقاط برنامج المكافآت من إي آند مصر التي يجمعها عميل حكاية ميكسات تلقائيًا مع كل تجديد، يستبدلها لاحقًا بهدايا. المخالفون ذوو الاحتياجات الخاصة\nشريحة من عملاء حكاية ميكسات تحصل على خصم 50% مدى الحياة على جميع باقات حكاية ميكسات.', '12. الأكواد المهمة لعملاء حكاية ميكسات\nالأكواد التالية يستخدمها عميل حكاية ميكسات من إي آند مصر لإدارة باقاته والاستفادة من الخدمات المختلفة. كل كود موصوف هنا بشكل مستقل. الكود *319#\nالكود الرئيسي لحكاية ميكسات. يستخدم لإضافة فرد من العائلة، الاستعلام عن الرصيد، إزالة فرد من العائلة، نقل الوحدات بين الخطوط، التغيير بين الباقات، تجديد باقة حكاية ميكسات، تجديد شحنة حكاية ميني، أو التحول لأي باقة حكاية ميكسات. الكود *809#\nكود التجديد الأسبوعي لباقات حكاية ميكسات. *809*1# للتجديد لمدة أسبوع، *809*2# للتجديد لمدة أسبوعين، *809*3# للتجديد لمدة ثلاثة أسابيع. الكود *011#\nكود معرفة أفضل خطة حكاية ميكسات للعميل والاطلاع على العروض والمفاجآت. الكود *556*9*كود الشحن#\nكود شراء باقات شحنة حكاية ميني بالأكواد 12.5 و 15 من على كروت أقوى كارت. الكود *304#\nكود المكالمات الدولية لعملاء حكاية ميكسات.', '7. أكواد الأنظمة المختلفة\nلكل نظام من الأنظمة الأربعة كود خاص يستخدمه العميل للاشتراك أو التحكم. كل كود موصوف بشكل مستقل لتسهيل الاسترجاع:\nالكود *811# في إي آند مصر: للاشتراك في كل شحنات أقوى كارت من 5 جنيه إلى 75 جنيه. الكود *339# في إي آند مصر: للتحويل بين أنظمة أهلا حسب الاستخدام الثلاثة (15 قرش كل حاجة، super yes، أهلاً بالثانية). الكود *972# في إي آند مصر: للاشتراك في الباقة اليومية 55 ميكس بسعر 1.5 جنيه. الكود *973# في إي آند مصر: للاشتراك في الباقة اليومية 120 ميكس بسعر 2.5 جنيه. الكود *101# في إي آند مصر: للاشتراك في كل باقات منيو الجنيه الثلاث (منيو نص جنيه، منيو الجنيه، منيو الجنيه ونص). الكود *3333# في إي آند مصر: للتحويل بين الأنظمة المختلفة وللاستعلام عن أحدث العروض. الرقم 5250: الخدمة الصوتية لأنظمة أهلا حسب الاستخدام في إي آند مصر.', 'الباقة: الباقة اليومية 120 ميكس\nكود الاشتراك في الباقة اليومية 120 ميكس: *973#. شروط وأحكام الأنظمة اليومية\nفي الأنظمة اليومية من إي آند مصر، الدقيقة للشبكات الأخرى تحاسب بـ 5 ميكسات من الباقة. صلاحية الباقة اليومية في إي آند مصر تنتهي حتى منتصف الليل من نفس يوم الاشتراك. التحويل بين الباقات اليومية من إي آند مصر يتم بدون أي رسوم تحويل. يتم خصم سعر الباقة اليومية من رصيد العميل بعد أول استخدام (أول دقيقة أو ميجابايت) من الباقة. للتحويل بين الباقات اليومية في إي آند مصر، يطلب العميل الكود *3333# أو يستخدم تطبيق ماي إي آند مصر.', '12. الأكواد المهمة لعملاء حكاية ميكسات\nالكود *626#\nكود الاشتراك في باقات حكاية ميكسات الإضافية (اكسترا 4.5، اكسترا 7.5، اكسترا 15). الكود *3333#\nكود معرفة أحدث عروض حكاية ميكسات، خدمات الباقات، والاستعلام عن الرصيد وتغيير الباقة. الكود *808#\nكود معرفة استهلاك الإنترنت في باقة حكاية ميكسات. الكود *806#\nكود خدمات حد الدقائق في حكاية ميكسات. الكود *566#\nكود الاشتراك في باقات سوبر كونكت الإضافية في حكاية ميكسات.', '3. باقات حكاية ميكسات الشهرية\nتضم باقات حكاية ميكسات الشهرية 6 باقات متدرجة من حكاية ميكسات 52 إلى حكاية ميكسات 270 (الرقم في الاسم يعبّر عن السعر قبل الضريبة بالجنيه). كل باقة موصوفة هنا بشكل مستقل.', 'الباقة: ميني حكاية انترنت 46 (لمدة 3 أسابيع)\nالاشتراك في ميني حكاية انترنت 46 (لمدة 3 أسابيع): من خلال الكود *200# أو عن طريق تطبيق ماي إي آند مصر. التجديد التلقائي لـ ميني حكاية انترنت 46 (لمدة 3 أسابيع): تتجدد الباقة تلقائيًا في حال وجود رصيد كافٍ في حساب العميل.', 'الباقة: ميني حكاية انترنت 32 (لمدة 3 أسابيع)\nالاشتراك في ميني حكاية انترنت 32 (لمدة 3 أسابيع): من خلال الكود *200# أو عن طريق تطبيق ماي إي آند مصر. التجديد التلقائي لـ ميني حكاية انترنت 32 (لمدة 3 أسابيع): تتجدد الباقة تلقائيًا في حال وجود رصيد كافٍ في حساب العميل.', '8. خطوط العائلة في حكاية ميكسات\n50% من ميكسات باقة حكاية ميكسات الأساسية. بالإضافة إلى التوزيع الشهري الثابت، يستطيع الخط الأساسي تحويل ميكسات إضافية لأي خط من خطوط العائلة في أي وقت خلال الشهر، من خلال الكود *319# أو من خلال تطبيق ماي إي آند مصر.']",كود الاشتراك في باقة حكاية ميكسات 52 هو `*319*45#`  [1][5].,1.0,0.9911577502951258
هل يمكن استخدام شريحة الداتا لاين في الموبايل؟,"['3. عرض ضعف الباقة في خط الداتا\nعرض ""ضعف الباقة"" في خط الداتا من إي آند مصر هو عرض ترويجي لكل عميل جديد، يضاعف حجم الإنترنت في أول شحنة. شروط العرض\nعرض ضعف الباقة في خط الداتا من إي آند مصر متاح مع أول شحنة فقط لكل باقة من باقات خط الداتا.', '8. مسرد المصطلحات\nمناسب للاستخدام المتنقل لأنه يعمل ببطارية. جهاز USB Modem\nجهاز إنترنت محمول يتصل بمنفذ USB في الكمبيوتر، يستخدم شريحة خط الداتا من إي آند مصر لتوفير إنترنت لجهاز واحد فقط. عرض ضعف الباقة\nعرض ترويجي في خط الداتا من إي آند مصر يضاعف حجم الإنترنت في أول شحنة فقط لكل باقة. مثلًا، باقة 1.8 جيجا تصبح 3.6 جيجا في أول شهر، وباقة 72 جيجا تصبح 144 جيجا في أول 6 شهور. باقات أكسترا\nباقتان إضافيتان في خط الداتا من إي آند مصر: أكسترا 500 ميجا (15 جنيه) وأكسترا 1 جيجا (29 جنيه)، يستخدمها العميل عند الحاجة لإنترنت إضافي. الكود *130#\nالكود الرئيسي للتحكم في خط الداتا من إي آند مصر، يستخدمه العميل للاستعلام عن باقته وتجديدها. الرقم 130\nالرقم الذي يرسل إليه عميل خط الداتا من إي آند مصر رسالة نصية تحتوي على الرقم 1 لتجديد باقته. الرقم 138\nالرقم الذي يرسل إليه عميل خط الداتا من إي آند مصر رسالة نصية لشراء الباقات الإضافية: الرقم 1 لباقة أكسترا 500 ميجا، والرقم 2 لباقة أكسترا 1 جيجا.', '1. نظرة عامة على باقات خط الداتا\nيستطيع عميل خط الداتا التحكم في باقته من خلال تطبيق ماي إي آند مصر أو الاتصال بالكود *130#. تجديد باقة خط الداتا من إي آند مصر يتم بإرسال الرقم 1 إلى الرقم 130، أو الاتصال بالكود *130#، أو عبر تطبيق ماي إي آند مصر.', '9. إجابات شائعة عن باقات خط الداتا\nالأسئلة الشائعة التالية مصاغة بحيث يمكن لنظام الاسترجاع جلب الإجابة كاملة بمفردها:\nما هي باقات خط الداتا من إي آند مصر؟\nخط الداتا من إي آند مصر هو شريحة إنترنت مخصصة لأجهزة MiFi و USB Modem. تضم 8 باقات بأحجام من 1.8 جيجا إلى 72 جيجا، وأسعار من 46 جنيه إلى 900 جنيه، وصلاحيات تتراوح بين شهر و 6 شهور. هل يعمل خط الداتا على الموبايل؟\nلا. باقات خط الداتا من إي آند مصر مخصصة حصريًا لأجهزة MiFi و USB Modem فقط، ولا تعمل على هاتف المحمول. ما هو عرض ضعف الباقة؟\nعرض ضعف الباقة في خط الداتا من إي آند مصر يضاعف حجم الإنترنت في أول شحنة فقط لكل عميل. مثلًا، باقة 25 جيجا تصبح 50 جيجا في أول شحنة.', '5. الأجهزة المدعومة في خط الداتا\nجهاز USB Modem يقبل شريحة خط الداتا من إي آند مصر. جهاز USB Modem يوفر اتصال إنترنت لجهاز واحد فقط (عادةً الكمبيوتر المتصل به). جهاز USB Modem يحصل على الطاقة من منفذ USB، ولا يحتاج إلى بطارية منفصلة.', '5. الأجهزة المدعومة في خط الداتا\nخط الداتا من إي آند مصر مخصص حصريًا لنوعين من أجهزة الإنترنت المحمولة:\nجهاز MiFi\nجهاز MiFi (Mobile Wi-Fi) هو راوتر إنترنت محمول صغير الحجم يعمل بشريحة خط الداتا من إي آند مصر، ويوزّع إشارة Wi-Fi لعدة أجهزة في نفس الوقت. مناسب للاستخدام في السفر أو في الأماكن التي لا يتوفر فيها إنترنت ثابت. جهاز MiFi يقبل شريحة خط الداتا من إي آند مصر. جهاز MiFi يوزّع شبكة Wi-Fi محلية تقبل اتصال عدة أجهزة (هاتف، لابتوب، تابلت). جهاز MiFi يعمل ببطارية داخلية، مما يجعله مناسبًا للاستخدام المتنقل. جهاز USB Modem\nجهاز USB Modem هو جهاز إنترنت محمول صغير يتم توصيله بمنفذ USB في الكمبيوتر أو اللابتوب، ويستخدم شريحة خط الداتا من إي آند مصر لتوفير إنترنت لجهاز واحد فقط.', '6. التحكم في باقات خط الداتا والاشتراك\nللتحكم في باقات خط الداتا من إي آند مصر، يستخدم العميل القنوات التالية:\nالكود *130# من خط الداتا للتحكم في الباقة والاستعلام والتجديد. إرسال الرقم 1 في رسالة نصية إلى الرقم 130 لتجديد باقة خط الداتا من إي آند مصر.', 'مرجع باقات حكاية انترنت من إي آند مصر\nالموضوع: نظام حكاية انترنت لباقات المحمول المتمحورة حول الإنترنت من شركة إي آند مصر\nنطاق التغطية: 12 باقة شهرية رئيسية، 12 تطبيقًا قابلة للاختيار، 4 باقات وحدات إضافية، 9 باقات ميني على 3 صلاحيات مختلفة (أسبوع، أسبوعين، 3 أسابيع)، نظام الكاش باك في محفظة e& money، الأكواد، و 10 شروط رئيسية. .', '9. إجابات شائعة عن باقات خط الداتا\nالعرض لا يتكرر مع التجديد. ما الفرق بين الباقات بصلاحية شهر و 3 شهور و 6 شهور؟\nفي خط الداتا من إي آند مصر، توجد 3 شرائح صلاحية: شهر واحد (باقتان: 1.8 و 2.5 جيجا)، 3 شهور (5 باقات من 3.5 إلى 45 جيجا)، و 6 شهور (باقة واحدة 72 جيجا). كلما طالت الصلاحية، زاد حجم الإنترنت ومقدار التوفير. كيف يجدد العميل باقة خط الداتا؟\nلتجديد باقة خط الداتا من إي آند مصر، يستخدم العميل إحدى الطرق التالية: إرسال الرقم 1 في رسالة نصية إلى الرقم 130، أو الاتصال بالكود *130#، أو التجديد من خلال تطبيق ماي إي آند مصر. ما هي الباقات الإضافية في خط الداتا؟\nفي خط الداتا من إي آند مصر، توجد باقتان إضافيتان: أكسترا 500 ميجا بسعر 15 جنيه (إرسال 1 إلى 138)، وأكسترا 1 جيجا بسعر 29 جنيه (إرسال 2 إلى 138). كلتاهما صالحة لمدة شهر واحد. ما هي أكبر باقة في خط الداتا؟\nأكبر باقة في خط الداتا من إي آند مصر هي خط الداتا 72 جيجا بسعر 900 جنيه قبل الضريبة، الباقة الأساسية 72 جيجا و مع عرض ضعف الباقة تصبح 144 جيجا في أول شحنة، بصلاحية 6 شهور. ما هي أرخص باقة في خط الداتا؟\nأرخص باقة في خط الداتا من إي آند مصر هي خط الداتا 1.8 جيجا بسعر 46 جنيه قبل الضريبة، الباقة الأساسية 1.8 جيجا و مع عرض ضعف الباقة تصبح 3.6 جيجا في أول شحنة، بصلاحية شهر واحد. ما الفرق بين خط الداتا و eHome Wireless؟\nخط الداتا من إي آند مصر هو شريحة إنترنت متنقّلة لأجهزة MiFi و USB Modem، بأحجام صغيرة نسبيًا وصلاحيات قصيرة. أما eHome Wireless فهو خدمة إنترنت منزلي لاسلكي ثابت بسرعات أعلى وراوتر مخصص. خط الداتا للاستخدام المتنقل والظرفي، بينما eHome Wireless لاستخدام منزلي/مكتبي دائم. هل يحتاج جهاز MiFi إلى شريحة خاصة؟\nنعم. جهاز MiFi يحتاج إلى شريحة خط الداتا من إي آند مصر للعمل. الشريحة هي التي تحدد نوع الباقة وحجم الإنترنت المتاح. هل يمكن استخدام جيجابايتس عرض ضعف الباقة بأي طريقة؟\nنعم. في خط الداتا من إي آند مصر، جيجابايتس عرض ضعف الباقة تُستخدم بنفس طريقة الباقة الأساسية بدون قيود إضافية، وصلاحيتها تتبع صلاحية الباقة الأساسية نفسها.', 'مرجع باقات خط الداتا من إي آند مصر\nالموضوع: باقات خط الداتا (شريحة الإنترنت لأجهزة MiFi و USB Modem) من شركة إي آند مصر\nنطاق التغطية: 8 باقات أساسية لخط الداتا (من 1.8 إلى 72 جيجا)، عرض ""ضعف الباقة""، باقتان إضافيتان، الأكواد وطرق التجديد، الأجهزة المتوافقة، والشروط والأحكام.', '1. نظرة عامة على باقات خط الداتا\nخط الداتا من إي آند مصر هو شريحة إنترنت مخصصة لأجهزة الإنترنت المحمولة مثل أجهزة MiFi و USB Modem، وليست لاستخدام الهاتف المحمول. تأتي بـ 8 باقات أساسية بأحجام مختلفة وصلاحيات متعددة (شهر، 3 شهور، 6 شهور)، وتميزها ميزة ""ضعف الباقة"" التي تضاعف حجم الإنترنت في أول شحنة فقط. الخصائص الرئيسية لخط الداتا\nخط الداتا من إي آند مصر مخصص حصريًا لأجهزة الإنترنت المحمولة (MiFi) وأجهزة USB Modem، ولا يعمل على هاتف المحمول. في خط الداتا من إي آند مصر، عرض ""ضعف الباقة"" يضاعف حجم الإنترنت في أول شحنة فقط لكل عميل جديد. في خط الداتا من إي آند مصر تتوفر صلاحيات متعددة: شهر واحد، ثلاثة أشهر، أو ستة أشهر، حسب الباقة المختارة.', '8. مسرد المصطلحات\nخط الداتا\nشريحة إنترنت من إي آند مصر مخصصة حصريًا لأجهزة MiFi و USB Modem (وليست للموبايل). تضم 8 باقات بأسعار من 46 إلى 900 جنيه وصلاحيات من شهر إلى 6 شهور. جهاز MiFi\nجهاز Mobile Wi-Fi محمول صغير الحجم يستخدم شريحة خط الداتا من إي آند مصر ويوزّع إشارة Wi-Fi لعدة أجهزة.', '11. الاشتراك والأكواد في حكاية انترنت\nللاشتراك في باقات حكاية انترنت من إي آند مصر أو إدارتها، يستخدم العميل الطرق التالية:\nالكود *200#: يستخدم للاشتراك في باقات ميني حكاية انترنت من إي آند مصر. تطبيق ماي إي آند مصر: يستخدم للاشتراك في كل باقات حكاية انترنت (الشهرية والميني)، اختيار التطبيقات المفضّلة، تكبير الباقة، وإدارة الكاش باك.', '7. شروط وأحكام باقات خط الداتا\nتسري الشروط التالية على باقات خط الداتا من إي آند مصر. كل بند مكتوب كحقيقة مستقلة قابلة للاسترجاع:\nفي باقات خط الداتا من إي آند مصر، يستطيع العميل التحكم في الباقة عن طريق تطبيق ماي إي آند مصر أو الاتصال بالكود *130#. أسعار باقات خط الداتا من إي آند مصر غير شاملة الضريبة. في باقات خط الداتا من إي آند مصر، عرض ""ضعف الباقة"" متاح مع أول شحنة فقط لكل باقة من باقات خط الداتا، ولا يتكرر مع التجديد. باقات خط الداتا من إي آند مصر تعمل حصريًا على أجهزة MiFi و USB Modem، ولا تعمل على هاتف المحمول. يستطيع عميل خط الداتا تجديد الباقة عن طريق إرسال الرقم 1 في رسالة نصية إلى الرقم 130، أو الاتصال بالكود *130#.', '6. التحكم في باقات خط الداتا والاشتراك\nتطبيق ماي إي آند مصر للاشتراك في باقات خط الداتا وتجديدها في أي وقت. الكود (إرسال الرقم 1 إلى 138) لشراء باقة أكسترا 500 ميجا الإضافية في خط الداتا من إي آند مصر. الكود (إرسال الرقم 2 إلى 138) لشراء باقة أكسترا 1 جيجا الإضافية في خط الداتا من إي آند مصر.']",لا، باقات خط الداتا من إي آند مصر مخصصة حصريًا لأجهزة MiFi و USB Modem ولا تعمل على الهاتف المحمول إطلاقًا [4][11].,1.0,0.9149138626032748
أنا عندي ميزانية محدودة واستخدام بسيط، إيه الباقة المناسبة لي؟,"['1. نظرة عامة على أنظمة الـ prepaid البسيطة\nتقدّم إي آند مصر مجموعة من أنظمة الـ prepaid البسيطة المخصصة لشرائح مختلفة من العملاء، تختلف عن أنظمة حكاية ميكسات وحكاية انترنت في كونها أبسط وأقصر مدةً وأقل سعرًا في الغالب. تشمل هذه الأنظمة الأربعة التالية:\nنظام أقوى كارت من إي آند مصر: نظام prepaid قائم على الشحن، يضم 8 شحنات من 5 جنيه إلى 75 جنيه، صلاحيات من يومين إلى 28 يومًا، تمنح ميكسات ودقائق فيديو/تسلية/سوشيال وأحيانًا شحنة حكاية ميني مدمجة. نظام أهلا حسب الاستخدام من إي آند مصر: 3 خطط أسعار للمحاسبة لكل استخدام بدون باقات (15 قرش كل حاجة، super yes، أهلاً بالثانية).', '1. نظرة عامة على نظام حكاية ميكسات\nحكاية ميكسات هي مجموعة باقات المحمول مسبقة الدفع (prepaid) من إي آند مصر، تعتمد على وحدة ""الميكس"" بدلًا من الدقائق والميجابايت المنفصلة. الميكس يُستخدم للمكالمات، الرسائل، أو الإنترنت، ويصرفها العميل على حسب احتياجه.', '15. إجابات شائعة عن حكاية ميكسات\nهل يوجد خصم لذوي الاحتياجات الخاصة في حكاية ميكسات؟\nنعم. عملاء ذوو الاحتياجات الخاصة يحصلون على خصم 50% مدى الحياة على جميع باقات حكاية ميكسات من إي آند مصر.', '1. نظرة عامة على أنظمة الـ prepaid البسيطة\nالأنظمة اليومية من إي آند مصر: باقتان يوميتان سريعتان (55 ميكس و 120 ميكس) تنتهيان عند منتصف الليل، مرنة في التحويل بين الدقائق والإنترنت والرسائل. باقات منيو الجنيه من إي آند مصر: 3 باقات صغيرة (منيو نص جنيه، منيو الجنيه، منيو الجنيه ونص) تمنح دقائق مع رصيد محدود من الإنترنت.', '5. باقات منيو الجنيه من إي آند مصر\nمنيو الجنيه هي مجموعة من 3 باقات صغيرة جدًا من إي آند مصر تركّز على المكالمات لأرقام إي آند مصر مع جزء صغير من الإنترنت. كل باقة موصوفة هنا بشكل مستقل، والكود الموحد للاشتراك *101#.', 'مرجع أنظمة prepaid البسيطة من إي آند مصر\nالموضوع: أنظمة الـ prepaid البسيطة من شركة إي آند مصر، وتشمل أربعة أنظمة: أقوى كارت، أهلا حسب الاستخدام، الأنظمة اليومية، وباقات منيو الجنيه. نطاق التغطية: 8 شحنات أقوى كارت، 3 أنظمة أهلا حسب الاستخدام، 2 باقة يومية، 3 باقات منيو الجنيه — إجمالًا 16 خيار.', '13. مسرد المصطلحات\nميني حكاية انترنت\nباقات قصيرة المدى في حكاية انترنت من إي آند مصر، متاحة على 3 صلاحيات: 7 أيام، 14 يومًا، و 21 يومًا. تضم 9 باقات إجمالًا، تبدأ من 10.5 جنيه. e& money\nمحفظة الدفع الإلكتروني من إي آند مصر، تُستخدم لاستلام الكاش باك من باقات حكاية انترنت سواء عن الإنترنت غير المستخدم أو عن التجديد في الميعاد. الكاش باك\nميزة في حكاية انترنت من إي آند مصر، يحصل بها العميل على رصيد في محفظة e& money في حالتين: الإنترنت غير المستخدم في نهاية الشهر، أو تجديد الباقة في ميعادها أو قبله. الكود *200#\nالكود الذي يطلبه عميل حكاية انترنت من إي آند مصر للاشتراك في باقات ميني حكاية انترنت. تطبيق ماي إي آند مصر\nالتطبيق الرسمي للخدمة الذاتية من إي آند مصر، يستخدمه عميل حكاية انترنت للاشتراك في الباقات، اختيار التطبيقات، تكبير الباقة، تفعيل الاشتراكات الترفيهية، وإدارة الكاش باك.', '14. مسرد المصطلحات\nحكاية ميكسات\nنظام باقات المحمول مسبق الدفع من إي آند مصر. يضم 6 باقات شهرية و 3 شحنات أسبوعية ميني وباقات إضافية وباقات سوبر كونكت حصرية. الميكس\nالوحدة الأساسية في حكاية ميكسات. 1 ميكس يكفي لدقيقة مكالمة لشبكة إي آند مصر، أو 2 ميجابايت اجتماعية، أو 1 ميجابايت لباقي المواقع، أو 1/5 دقيقة لشبكات أخرى. الرقم المفضل\nرقم يختاره عميل حكاية ميكسات لتقليل تكلفة المكالمات؛ تحاسب المكالمة للرقم المفضل بنصف ميكس بدلًا من ميكس كامل. شحنة حكاية ميني\nثلاث شحنات أسبوعية في حكاية ميكسات من إي آند مصر تبدأ من 19 جنيه، صلاحيتها من 6 إلى 10 أيام، وتشمل فيسبوك وواتساب. سوبر كونكت الحصري لحكاية ميكسات\nباقات إنترنت إضافية بسعر مخفّض حصريًا لعملاء حكاية ميكسات. 10 باقات بأسعار من 9 جنيه إلى 520 جنيه قبل الضريبة. هذه الأسعار أقل من أسعار سوبر كونكت العادية المتاحة لعموم العملاء. اكسترا\nباقات إضافية في حكاية ميكسات لشراء ميكسات إضافية فوق الباقة الأساسية.', '4. الأنظمة اليومية من إي آند مصر\nالأنظمة اليومية هي باقتان قصيرتان جدًا من إي آند مصر، صلاحيتهما حتى منتصف الليل من يوم الاشتراك. كل باقة تمنح العميل عددًا من الميكسات يستخدمها في المكالمات أو الإنترنت أو الرسائل بمرونة.', '7. شروط وأحكام باقات خط الداتا\nيستطيع عميل خط الداتا تجديد باقته في أي وقت من خلال تطبيق ماي إي آند مصر. في باقات خط الداتا من إي آند مصر، صلاحية عرض ""ضعف الباقة"" تتبع صلاحية الباقة الأساسية نفسها (شهر، 3 شهور، أو 6 شهور).', '13. شروط وأحكام حكاية ميكسات\nتطبق سياسة الاستخدام العادل لفيسبوك على باقات حكاية ميكسات الصغيرة (بحد 200 ميجابايت للباقات الأصغر).', '8. مسرد المصطلحات\nاميرالد\nبرنامج باقات المحمول postpaid المميز من إي آند مصر، ويُسوَّق تحت اسم ""اميرالد العيلة"". يضم خمس باقات متدرجة هي: اميرالد 430، اميرالد 780، اميرالد 1120، اميرالد 1725، واميرالد 3450. خط العائلة\nخط إضافي يُضاف تحت حساب صاحب باقة اميرالد الأساسية. خطوط العائلة تشترك في باقة الحساب وتستفيد من 10,000 دقيقة مكالمات داخلية مجانية بين أفراد العائلة. Intra Minutes (دقائق داخل الحساب)\nهي دقائق المكالمات بين الخطوط المشتركة في نفس حساب اميرالد. كل باقات اميرالد تشمل 10,000 دقيقة شهريًا من هذا النوع. eHome DSL و eHome Wireless\nمنتجَا الإنترنت المنزلي من إي آند مصر. باقات اميرالد تشمل خصمًا على أحدهما، ولا يمكن الجمع بين الخصمين.', '4. برامج ومزايا اميرالد\nطريقة الاختيار: يستخدم المشترك رصيد النقاط الترفيهية لاختيار التطبيقات التي يرغب في الاشتراك بها. Internet Worthy (مرونة الإنترنت)\nميزة Internet Worthy في اميرالد تتيح ترحيل الإنترنت المتبقي إلى الشهر التالي، وإمكانية استخدام جزء من إنترنت الشهر القادم مقدمًا. ترحيل الإنترنت: يتم ترحيل ما تبقى من باقة الإنترنت المحلية إلى الشهر التالي لمدة شهر واحد. الاقتراض من الشهر القادم: يمكن لعميل اميرالد استخدام ما يصل إلى 50% من إنترنت الشهر التالي مقدمًا. توزيع الإنترنت: يمكن توزيع ونقل الإنترنت بين أفراد عائلة اميرالد عبر تطبيق ماي إي آند مصر أو من خلال الكود *800#. باقات إضافية: تتوفر باقات إنترنت اميرالد المتجددة شهريًا، وكذلك باقات إضافية عند الطلب. خصم نادي MOVE\nميزة صحية مشتركة بين جميع باقات اميرالد، تمنح المشترك خصم 25% على اشتراك نادي MOVE الرياضي. نسبة الخصم: 25% على اشتراك نادي MOVE. المؤهلون: جميع عملاء اميرالد بكل الباقات (430، 780، 1120، 1725، و 3450).', 'الباقة: الباقة اليومية 55 ميكس\nالباقة اليومية 55 ميكس هي إحدى الباقات اليومية من إي آند مصر بسعر 1.5 جنيه. تمنح العميل 55 ميكس لاستخدامها في المكالمات أو الإنترنت، وصلاحيتها حتى منتصف الليل من نفس اليوم. اسم الباقة: الباقة اليومية 55 ميكس ضمن الباقات اليومية من إي آند مصر. سعر الباقة اليومية 55 ميكس: 1.5 جنيه.', '2. مميزات باقات حكاية ميكسات\nتقدم باقات حكاية ميكسات من إي آند مصر المميزات الرئيسية التالية:\nباقات حكاية ميكسات أكبر بنفس السعر مقارنة بالباقات السابقة من إي آند مصر. اختيار الأرقام المفضلة في حكاية ميكسات: العميل يختار أرقامه المفضلة للحصول على نصف سعر الميكس عند الاتصال. في باقات حكاية ميكسات يتوفر فيسبوك، واتساب، VIU، Twist TV، و Twist Music.']","### باقات مناسبة لميزانية محدودة واستخدام بسيط

أنصحك باختيار إحدى باقات **أقوى كارت** أو **حكاية ميني** لأنها اقتصادية وبأسعار منخفضة مع صلاحيات مناسبة للاستخدام البسيط:

- **أقوى كارت 5 جنيه**: صلاحيتها يومين، مناسبة للاستخدام البسيط جدًا، وتشمل دقائق وميكسات للإنترنت وبعض خدمات الترفيه [1].
- **حكاية ميني 10.5 أو 15 جنيه**: باقات قصيرة المدى من حكاية انترنت، تبدأ من 10.5 جنيه، صالحة من 7 إلى 21 يومًا، مناسبة للاستخدام المحدود مع إمكانية اختيار التطبيقات الترفيهية [7].
- **الباقة اليومية 55 ميكس**: بسعر 1.5 جنيه تمنح 55 ميكس للاستخدام في المكالمات أو الإنترنت حتى منتصف الليل من نفس اليوم، خيار مرن جدًا للاستخدام البسيط جدًا [14].

هذه الخيارات توفر لك تكلفة منخفضة مع صلاحيات مناسبة للاستخدام المحدود، ويمكنك الاشتراك فيها بسهولة عبر الأكواد المخصصة.

هل تود معرفة أكواد الاشتراك في أي من هذه الباقات؟",0.7777777777777778,0.9194496531341145
كم ميجابايت إنترنت في باقة حكاية إنترنت 46؟,"['8. باقات ميني حكاية انترنت — صلاحية 3 أسابيع\nباقات ميني حكاية انترنت من إي آند مصر التي تستمر لمدة 21 يومًا. كل باقة تشمل إنترنت + 120 وحدة مكالمات ورسائل. ملاحظة: توجد باقتان باسم ""ميني حكاية انترنت 32"" بسعر 32 جنيه — واحدة في فئة أسبوعين (1,100 ميجا) وأخرى في فئة 3 أسابيع (850 ميجا).', 'الباقة: ميني حكاية انترنت 46 (لمدة 3 أسابيع)\nالاشتراك في ميني حكاية انترنت 46 (لمدة 3 أسابيع): من خلال الكود *200# أو عن طريق تطبيق ماي إي آند مصر. التجديد التلقائي لـ ميني حكاية انترنت 46 (لمدة 3 أسابيع): تتجدد الباقة تلقائيًا في حال وجود رصيد كافٍ في حساب العميل.', 'الباقة: ميني حكاية انترنت 32 (لمدة أسبوعين)\nميني حكاية انترنت 32 (لمدة أسبوعين) هي إحدى باقات ميني حكاية انترنت من إي آند مصر. سعرها 32 جنيه، تمنح العميل 1,100 ميجابايت من الإنترنت و 90 وحدة للمكالمات والرسائل، وصلاحيتها 14 يومًا. اسم الباقة: ميني حكاية انترنت 32 (لمدة أسبوعين) ضمن باقات ميني حكاية انترنت من إي آند مصر. سعر ميني حكاية انترنت 32 (لمدة أسبوعين): 32 جنيه. الإنترنت في ميني حكاية انترنت 32 (لمدة أسبوعين): 1,100 ميجابايت.', 'الباقة: ميني حكاية انترنت 41 (لمدة أسبوعين)\nميني حكاية انترنت 41 (لمدة أسبوعين) هي إحدى باقات ميني حكاية انترنت من إي آند مصر. سعرها 41 جنيه، تمنح العميل 1,750 ميجابايت من الإنترنت و 90 وحدة للمكالمات والرسائل، وصلاحيتها 14 يومًا. اسم الباقة: ميني حكاية انترنت 41 (لمدة أسبوعين) ضمن باقات ميني حكاية انترنت من إي آند مصر. سعر ميني حكاية انترنت 41 (لمدة أسبوعين): 41 جنيه. الإنترنت في ميني حكاية انترنت 41 (لمدة أسبوعين): 1,750 ميجابايت. الوحدات للمكالمات والرسائل في ميني حكاية انترنت 41 (لمدة أسبوعين): 90 وحدة. صلاحية ميني حكاية انترنت 41 (لمدة أسبوعين): 14 يومًا.', '7. باقات ميني حكاية انترنت — صلاحية أسبوعين\nباقات ميني حكاية انترنت من إي آند مصر التي تستمر لمدة 14 يومًا. كل باقة تشمل إنترنت + 90 وحدة مكالمات ورسائل.', 'الباقة: حكاية انترنت 58\nحكاية انترنت 58 هي إحدى باقات حكاية انترنت الشهرية من إي آند مصر. سعرها 58 جنيه، تمنح العميل 2,100 ميجابايت من الإنترنت و 300 وحدة للمكالمات والرسائل، بالإضافة إلى اختيار تطبيق واحد يفضّلها العميل من قائمة التطبيقات المتاحة، واشتراكات ترفيهية في Twist Sport، وTwist Music، وTwist TV، وShahid Mobile، وVIU. اسم الباقة: حكاية انترنت 58 ضمن باقات حكاية انترنت الشهرية من إي آند مصر. سعر باقة حكاية انترنت 58: 58 جنيه. الإنترنت في باقة حكاية انترنت 58: 2,100 ميجابايت.', '6. باقات ميني حكاية انترنت — صلاحية أسبوع\nباقات ميني حكاية انترنت من إي آند مصر التي تستمر لمدة 7 أيام. كل باقة تشمل إنترنت + 60 وحدة مكالمات ورسائل.', 'الباقة: ميني حكاية انترنت 46 (لمدة 3 أسابيع)\nميني حكاية انترنت 46 (لمدة 3 أسابيع) هي إحدى باقات ميني حكاية انترنت من إي آند مصر. سعرها 46 جنيه، تمنح العميل 1,500 ميجابايت من الإنترنت و 120 وحدة للمكالمات والرسائل، وصلاحيتها 21 يومًا. اسم الباقة: ميني حكاية انترنت 46 (لمدة 3 أسابيع) ضمن باقات ميني حكاية انترنت من إي آند مصر. سعر ميني حكاية انترنت 46 (لمدة 3 أسابيع): 46 جنيه. الإنترنت في ميني حكاية انترنت 46 (لمدة 3 أسابيع): 1,500 ميجابايت. الوحدات للمكالمات والرسائل في ميني حكاية انترنت 46 (لمدة 3 أسابيع): 120 وحدة. صلاحية ميني حكاية انترنت 46 (لمدة 3 أسابيع): 21 يومًا.', 'الباقة: حكاية انترنت 46\nحكاية انترنت 46 هي إحدى باقات حكاية انترنت الشهرية من إي آند مصر. سعرها 46 جنيه، تمنح العميل 1,250 ميجابايت من الإنترنت و 300 وحدة للمكالمات والرسائل، بالإضافة إلى اختيار تطبيق واحد يفضّلها العميل من قائمة التطبيقات المتاحة، واشتراكات ترفيهية في Twist Sport، وTwist Music، وTwist TV، وShahid Mobile، وVIU. اسم الباقة: حكاية انترنت 46 ضمن باقات حكاية انترنت الشهرية من إي آند مصر. سعر باقة حكاية انترنت 46: 46 جنيه. الإنترنت في باقة حكاية انترنت 46: 1,250 ميجابايت.', 'الباقة: حكاية انترنت 132\nحكاية انترنت 132 هي إحدى باقات حكاية انترنت الشهرية من إي آند مصر. سعرها 132 جنيه، تمنح العميل 6,750 ميجابايت من الإنترنت و 300 وحدة للمكالمات والرسائل، بالإضافة إلى اختيار حتى تطبيقين يفضّلها العميل من قائمة التطبيقات المتاحة، واشتراكات ترفيهية في Twist Sport، وTwist Music، وTwist TV، وStarzplay، وShahid Mobile، وVIU. اسم الباقة: حكاية انترنت 132 ضمن باقات حكاية انترنت الشهرية من إي آند مصر. سعر باقة حكاية انترنت 132: 132 جنيه. الإنترنت في باقة حكاية انترنت 132: 6,750 ميجابايت.', 'الباقة: حكاية انترنت 165\nحكاية انترنت 165 هي إحدى باقات حكاية انترنت الشهرية من إي آند مصر. سعرها 165 جنيه، تمنح العميل 8,750 ميجابايت من الإنترنت و 300 وحدة للمكالمات والرسائل، بالإضافة إلى اختيار حتى تطبيقين يفضّلها العميل من قائمة التطبيقات المتاحة، واشتراكات ترفيهية في Twist Sport، وTwist Music، وTwist TV، وStarzplay، وShahid Mobile، وVIU. اسم الباقة: حكاية انترنت 165 ضمن باقات حكاية انترنت الشهرية من إي آند مصر. سعر باقة حكاية انترنت 165: 165 جنيه. الإنترنت في باقة حكاية انترنت 165: 8,750 ميجابايت.', 'الباقة: ميني حكاية انترنت 63 (لمدة 3 أسابيع)\nميني حكاية انترنت 63 (لمدة 3 أسابيع) هي إحدى باقات ميني حكاية انترنت من إي آند مصر. سعرها 63 جنيه، تمنح العميل 2,500 ميجابايت من الإنترنت و 120 وحدة للمكالمات والرسائل، وصلاحيتها 21 يومًا. اسم الباقة: ميني حكاية انترنت 63 (لمدة 3 أسابيع) ضمن باقات ميني حكاية انترنت من إي آند مصر. سعر ميني حكاية انترنت 63 (لمدة 3 أسابيع): 63 جنيه. الإنترنت في ميني حكاية انترنت 63 (لمدة 3 أسابيع): 2,500 ميجابايت. الوحدات للمكالمات والرسائل في ميني حكاية انترنت 63 (لمدة 3 أسابيع): 120 وحدة. صلاحية ميني حكاية انترنت 63 (لمدة 3 أسابيع): 21 يومًا.', 'الباقة: حكاية انترنت 105\nحكاية انترنت 105 هي إحدى باقات حكاية انترنت الشهرية من إي آند مصر. سعرها 105 جنيه، تمنح العميل 4,750 ميجابايت من الإنترنت و 300 وحدة للمكالمات والرسائل، بالإضافة إلى اختيار حتى تطبيقين يفضّلها العميل من قائمة التطبيقات المتاحة، واشتراكات ترفيهية في Twist Sport، وTwist Music، وTwist TV، وShahid Mobile، وVIU. اسم الباقة: حكاية انترنت 105 ضمن باقات حكاية انترنت الشهرية من إي آند مصر. سعر باقة حكاية انترنت 105: 105 جنيه. الإنترنت في باقة حكاية انترنت 105: 4,750 ميجابايت.', 'الباقة: حكاية انترنت 415\nسعر باقة حكاية انترنت 415: 415 جنيه. الإنترنت في باقة حكاية انترنت 415: 25,000 ميجابايت. وحدات المكالمات والرسائل في باقة حكاية انترنت 415: 300 وحدة (الدقيقة لإي آند مصر = 1 وحدة، الدقيقة للشبكات الأخرى = 5 وحدات). عدد التطبيقات التي يختارها العميل في باقة حكاية انترنت 415: حتى ثلاثة تطبيقات من قائمة 12 تطبيقًا متاحًا (فيسبوك، واتساب، إنستجرام، تيليجرام، تيك توك، أنغامي، ساوندكلاود، شاهد، Netflix، Watchit، يوتيوب، PUBG). الخدمات الترفيهية الأساسية في باقة حكاية انترنت 415: Twist Sport، وTwist Music، وTwist TV، وStarzplay، وShahid VIP. الاشتراكات الترفيهية الإضافية في باقة حكاية انترنت 415: VIU (تتجدد تلقائيًا مع كل تجديد، ويجب تفعيلها أول مرة).', 'الباقة: حكاية انترنت 345\nحكاية انترنت 345 هي إحدى باقات حكاية انترنت الشهرية من إي آند مصر. سعرها 345 جنيه، تمنح العميل 20,000 ميجابايت من الإنترنت و 300 وحدة للمكالمات والرسائل، بالإضافة إلى اختيار حتى ثلاثة تطبيقات يفضّلها العميل من قائمة التطبيقات المتاحة، واشتراكات ترفيهية في Twist Sport، وTwist Music، وTwist TV، وStarzplay، وShahid VIP، وVIU. اسم الباقة: حكاية انترنت 345 ضمن باقات حكاية انترنت الشهرية من إي آند مصر. سعر باقة حكاية انترنت 345: 345 جنيه. الإنترنت في باقة حكاية انترنت 345: 20,000 ميجابايت.']","باقة **حكاية إنترنت 46** تمنحك **1,250 ميجابايت** من الإنترنت، بالإضافة إلى 300 وحدة للمكالمات والرسائل، بسعر 46 جنيه مع اشتراكات ترفيهية في تطبيقات مثل Twist Sport وTwist Music وShahid Mobile وغيرها [9].",1.0,0.95283501279215
ما هي كل الباقات المتاحة من إي آند مصر؟,"['Plan: Hekaya Internet 345 Hekaya Internet 345 is one of the monthly Hekaya Internet\nplans from e& Egypt. Its price is 345 EGP, granting the customer 20,000 MB of internet and\n300 units for calls and SMS, in addition to choosing up to 3 preferred apps from the list of\navailable apps, and entertainment subscriptions to Twist Sport, Twist Music, Twist TV,\nStarzplay, Shahid VIP, and VIU. • Plan Name: Hekaya Internet 345 within the monthly Hekaya Internet plans from e&\nEgypt. • Price of Hekaya Internet 345: 345 EGP. • Internet in Hekaya Internet 345: 20,000 MB. • Call/SMS Units in Hekaya Internet 345: 300 units (1 min to e& Egypt = 1 unit, 1 min\nto other networks = 5 units). • Number of apps the customer chooses in Hekaya Internet 345: Up to 3 apps\nfrom a list of 12 available apps (Facebook, WhatsApp, Instagram, Telegram, TikTok,\nAnghami, SoundCloud, Shahid, Netflix, Watchit, YouTube, PUBG).', 'Plan: Hekaya Internet 58 Hekaya Internet 58 is one of the monthly Hekaya Internet plans\nfrom e& Egypt. Its price is 58 EGP, granting the customer 2,100 MB of internet and 300\nunits for calls and SMS, in addition to choosing 1 preferred app from the list of available\napps, and entertainment subscriptions to Twist Sport, Twist Music, Twist TV, Shahid\nMobile, and VIU. • Plan Name: Hekaya Internet 58 within the monthly Hekaya Internet plans from e&\nEgypt. • Price of Hekaya Internet 58: 58 EGP. • Internet in Hekaya Internet 58: 2,100 MB. • Call/SMS Units in Hekaya Internet 58: 300 units (1 min to e& Egypt = 1 unit, 1 min\nto other networks = 5 units). • Number of apps the customer chooses in Hekaya Internet 58: 1 app from a list of\n12 available apps (Facebook, WhatsApp, Instagram, Telegram, TikTok, Anghami,\nSoundCloud, Shahid, Netflix, Watchit, YouTube, PUBG).', ""Aqwa Card 75 does not include a Hekaya Mini recharge.\nAhlan Pay As You Go Plan from e& Egypt\nAhlan Pay As You Go is a collection of 3 prepaid tariff plans on e& Egypt based on pay-per-\nuse rather than purchasing bundles. No Mixes or megabytes are included; each minute or\nSMS is billed individually according to the plan's rate."", 'Package: Data Line 45 GB The Data Line 45 GB is one of the e& Egypt Data Line packages.\n• Total Internet in Data Line 45 GB with Double Offer (first recharge): 90 GB. • Validity of Data Line 45 GB: Three months. • Renewal of Data Line 45 GB: By sending the number 1 to 130, dialing *130#, or\nthrough the My e& Egypt app. • Compatible Devices for Data Line 45 GB: Portable MiFi devices and USB Modems\nonly. Six-Month Validity Package\nThe 6-month validity package in the e& Egypt Data Line is the largest and most valuable,\ndedicated to customers who need heavy internet usage over a long term.', 'Aqwa Card 15 is one of the Aqwa Card recharges from e& Egypt priced at 15 EGP. It\nprovides the customer with 300 Mixes, megabytes, or minutes to all networks, in addition\nto 210 minutes for video, entertainment, or social websites, and is valid for 2 days. Subscription is via the code *811#.', 'Package: Emerald 780 The Emerald 780 package is one of the Emerald postpaid packages\nfrom e& Egypt, with a monthly price of 780 EGP before taxes. The package includes 25 GB\nof local internet, 4,500 local minutes, 2,000 SMS per month, and allows the addition of two\nextra lines to the same account. • Package Name: Emerald 780. • Monthly Price for Emerald 780: 780 EGP, before adding 8% schedule tax, 14% VAT,\nand a 10 EGP State Resource Development fee. • Local Internet in Emerald 780: 25 GB per month. • Local Minutes in Emerald 780: 4,500 minutes per month. • SMS in Emerald 780: 2,000 messages per month. • Extra Family Lines in Emerald 780: 2 extra lines on the same Emerald account. • Intra-Family Call Minutes in Emerald 780: 10,000 free minutes per month\nbetween lines on the same account. • eHome DSL Discount in Emerald 780: 210 EGP per month. • eHome Wireless Discount in Emerald 780: 225 EGP per month (cannot be\ncombined with the eHome DSL discount). • International Minutes in Emerald 780: 30 minutes.', 'Package: Data Line 25 GB The Data Line 25 GB is one of the e& Egypt Data Line packages.\nIts price is 375 EGP before tax. The basic package is 25 GB, and with the ""Double the\nPackage"" offer, the customer gets a total of 50 GB on the first recharge. Package validity:\nthree months. • Package Name: Data Line 25 GB within the e& Egypt Data Line packages. • Price of Data Line 25 GB: 375 EGP before tax. • Basic Quota in Data Line 25 GB: 25 GB.', 'Bundle: Super Connect 520 (Exclusive for Hekaya Mixat)\n• Bundle Name: Super Connect 520. • Price: 520 EGP before tax (exclusive discounted rate). • Quota (Renewed Base Bundle): 48,000 MB. • Quota (Non-Renewed Base Bundle): 45,000 MB. • Minutes Included: 30 minutes to e& Egypt numbers. • Validity: 28 days (independent of the main Hekaya Mixat validity). • Subscription: Via *566# or the My e& Egypt app.', 'Bundle: Super Connect 105 (Exclusive for Hekaya Mixat)\n• Validity: 28 days (independent of the main Hekaya Mixat validity). • Subscription: Via *566# or the My e& Egypt app.', 'Emerald 3450.\nTerms & Conditions\nThe following conditions apply to all Emerald packages unless otherwise stated. Each\npoint here is written as an independent retrievable fact:\n• All announced prices for Emerald packages are exclusive of taxes. • Taxes added to the monthly price of Emerald packages include: an 8% schedule tax,\na 14% Value Added Tax (VAT), and a 10 EGP State Resource Development fee per\nmonth. • Local call rates outside the Emerald package: 19 piasters per local minute, and 30\npiasters per local SMS. • International call rates outside the Emerald package: 8 EGP per international\nminute, and 5 EGP per international SMS. • The eHome DSL discount with Emerald is deducted in exchange for a portion of the\nlocal internet quota: 2 GB for Emerald 430; 3 GB for Emerald 780; 5 GB for Emerald\n1120; and 10 GB for Emerald 1725 and Emerald 3450. • The eHome DSL discount and eHome Wireless discount cannot be combined; the\nEmerald customer must choose only one of them. • The maximum intra-family minutes in Emerald: 10,000 minutes per month between\nlines on the same account. • The maximum SMS limit: 500 messages for Emerald 430, and 2,000 messages for', '4. برامج ومزايا اميرالد\nيشمل برنامج اميرالد عدة مزايا وبرامج تسري على أكثر من باقة. كل ميزة موصوفة هنا بشكل مستقل بحيث يمكن استرجاعها وحدها. برنامج Emerald Savings\nبرنامج Emerald Savings هو برنامج استرداد نقدي حصري لعملاء اميرالد، حيث يحصل المشترك على 25% من قيمة مصاريفه اليومية كرصيد يستخدمه في السفر. المستفيدون: جميع عملاء اميرالد بكل الباقات. نسبة الاسترداد: 25% من قيمة المصاريف اليومية المؤهلة. أنواع المصاريف المؤهلة: المطاعم، التسوق، والمصاريف اليومية الأخرى. طريقة الاستخدام: الرصيد المسترد يُستخدم كخصومات على السفر. كيفية التفعيل: تحميل تطبيق PoshSaver من متجر App Store أو Google Play. خصومات الفنادق من Emerald GTO\nميزة حصرية لعملاء اميرالد توفّر خصمًا فوريًا مضمونًا يصل إلى 30% على أقل سعر للفنادق المتاح على الإنترنت في جميع أنحاء العالم. المستفيدون: عملاء اميرالد الحاليون والجدد. نسبة الخصم القصوى: تصل إلى 30% على أقل سعر إنترنت للفندق. نسب الخصم حسب باقة اميرالد: 10% لباقتي اميرالد 430 و 780، و 15% لباقة اميرالد 1120، و 20% لباقة اميرالد 1725، و 30% لباقة اميرالد 3450. نطاق التغطية: فنادق حول العالم. طريقة الحجز: من خلال منصة GTO الشريكة لشركة إي آند مصر. خطوط العائلة في اميرالد\nميزة العائلة في اميرالد تتيح إضافة عدة خطوط لأفراد العائلة تحت حساب واحد، مع مشاركة الباقة والتحكم المركزي في الفاتورة. العدد الأقصى للخطوط الإضافية: خط واحد في اميرالد 430، وخطّان في اميرالد 780، وأربعة خطوط في اميرالد 1120، وخمسة خطوط في اميرالد 1725، وسبعة خطوط في اميرالد 3450. المكالمات بين أفراد العائلة: 10,000 دقيقة مجانية شهريًا بين الخطوط المشتركة في نفس حساب اميرالد. إدارة الباقة: يمكن توزيع وتحويل الإنترنت والوحدات بين أفراد العائلة من خلال تطبيق ماي إي آند مصر أو عبر الكود *800#. الفاتورة: فاتورة موحدة لكل الخطوط، مع إمكانية تحديد حد أقصى للفاتورة لكل خط عائلي. إضافة الخط الأرضي: يمكن إضافة خط أرضي من إي آند مصر كخط من خطوط العائلة في حساب اميرالد. تكلفة الخطوط الإضافية بعد استنفاد العدد المسموح: 50 جنيهًا شهريًا لكل خط داتا، و 100 جنيه شهريًا لكل خط مكالمات، و 10 جنيهات شهريًا لإضافة خط أرضي. Emerald Exclusive Privileges\nمزايا حصرية لعملاء اميرالد تشمل الوصول إلى صالات المطارات الدولية وخدمة مدير حساب شخصي على مدار الساعة. صالات VIP في المطارات: وصول مجاني فوري إلى ما يصل إلى 840 صالة مطار حول العالم، من خلال بطاقة مصرف أبوظبي الإسلامي–إي آند مصر المشتركة. مدير حساب شخصي: متاح على مدار الساعة لعملاء اميرالد لتلبية أي طلبات، أينما كان العميل حول العالم.', '1. نظرة عامة على باقات خط الداتا\nخط الداتا من إي آند مصر هو شريحة إنترنت مخصصة لأجهزة الإنترنت المحمولة مثل أجهزة MiFi و USB Modem، وليست لاستخدام الهاتف المحمول. تأتي بـ 8 باقات أساسية بأحجام مختلفة وصلاحيات متعددة (شهر، 3 شهور، 6 شهور)، وتميزها ميزة ""ضعف الباقة"" التي تضاعف حجم الإنترنت في أول شحنة فقط. الخصائص الرئيسية لخط الداتا\nخط الداتا من إي آند مصر مخصص حصريًا لأجهزة الإنترنت المحمولة (MiFi) وأجهزة USB Modem، ولا يعمل على هاتف المحمول. في خط الداتا من إي آند مصر، عرض ""ضعف الباقة"" يضاعف حجم الإنترنت في أول شحنة فقط لكل عميل جديد. في خط الداتا من إي آند مصر تتوفر صلاحيات متعددة: شهر واحد، ثلاثة أشهر، أو ستة أشهر، حسب الباقة المختارة.', '8. مسرد المصطلحات\nأقوى كارت\nنظام شحن prepaid بسيط من إي آند مصر، يضم 8 شحنات بأسعار من 5 إلى 75 جنيه. أهلا حسب الاستخدام\nمجموعة 3 خطط أسعار من إي آند مصر للـ prepaid بدون باقات، تحاسب لكل استخدام: 15 قرش كل حاجة، super yes، وأهلاً بالثانية. super yes\nنظام أهلا للأرقام المفضلة من إي آند مصر، يتيح ضبط 10 أرقام مفضلة بسعر 7 قروش للدقيقة والرسالة. أهلاً بالثانية\nنظام أهلا الذي يحاسب بالثانية بدلًا من الدقيقة من إي آند مصر، بسعرين: 3 مليم/ثانية ليلي، 4 مليم/ثانية نهاري. الأنظمة اليومية\nباقتان قصيرتان جدًا من إي آند مصر (55 ميكس بـ 1.5 جنيه، و 120 ميكس بـ 2.5 جنيه)، تنتهيان عند منتصف الليل. منيو الجنيه\n3 باقات صغيرة من إي آند مصر تركّز على المكالمات لأرقام إي آند مصر، بأسعار 0.5 و 1 و 1.5 جنيه تقريبًا. الميكس\nالوحدة الموحّدة المستخدمة في أنظمة إي آند مصر للـ prepaid، تصلح للمكالمات والإنترنت والرسائل وفق معدلات محددة. شحنة حكاية ميني\nشحنة قصيرة من نظام حكاية ميكسات من إي آند مصر، تتضمن ميكسات وفيسبوك وواتساب، مدمجة أحيانًا داخل شحنات أقوى كارت. الأرقام المفضلة\nقائمة مكونة من 10 أرقام يضبطها العميل في نظام أهلا super yes من إي آند مصر للحصول على سعر مخفض (7 قروش) للمكالمات والرسائل لها. الكود *811#\nالكود الموحد للاشتراك في كل شحنات أقوى كارت من إي آند مصر.', '8. مسرد المصطلحات\nاميرالد\nبرنامج باقات المحمول postpaid المميز من إي آند مصر، ويُسوَّق تحت اسم ""اميرالد العيلة"". يضم خمس باقات متدرجة هي: اميرالد 430، اميرالد 780، اميرالد 1120، اميرالد 1725، واميرالد 3450. خط العائلة\nخط إضافي يُضاف تحت حساب صاحب باقة اميرالد الأساسية. خطوط العائلة تشترك في باقة الحساب وتستفيد من 10,000 دقيقة مكالمات داخلية مجانية بين أفراد العائلة. Intra Minutes (دقائق داخل الحساب)\nهي دقائق المكالمات بين الخطوط المشتركة في نفس حساب اميرالد. كل باقات اميرالد تشمل 10,000 دقيقة شهريًا من هذا النوع. eHome DSL و eHome Wireless\nمنتجَا الإنترنت المنزلي من إي آند مصر. باقات اميرالد تشمل خصمًا على أحدهما، ولا يمكن الجمع بين الخصمين.', 'الباقة: اميرالد 1725\nدقائق إرسال المكالمات أثناء التجوال في باقة اميرالد 1725: 60 دقيقة. دقائق استقبال المكالمات أثناء التجوال في باقة اميرالد 1725: 30 دقيقة. إنترنت التجوال في باقة اميرالد 1725: 50 ميجا شهريًا، بالإضافة إلى 10 جيجا ثلاث مرات في السنة. نقاط اميرالد الإضافية في باقة اميرالد 1725: 2,000 نقطة شهريًا، تُستخدم في برنامج المكافآت MORE. النقاط الترفيهية (Entertainment E-Coins) في باقة اميرالد 1725: 7,500 نقطة ترفيهية شهريًا، يختار بها العميل خدماته الترفيهية من Twist Sport و Twist Music و Twist TV و TOD و VIU و شاهد و Starzplay و Amazon Prime. خصم فنادق Emerald GTO في باقة اميرالد 1725: 20% على أقل سعر للفنادق المتاح على الإنترنت في جميع أنحاء العالم. الحد الأقصى لتقسيط الهاتف المحمول في باقة اميرالد 1725: حتى 75,000 جنيه. المزايا الخاصة في باقة اميرالد 1725: لا توجد مزايا خاصة إضافية، عدا خصم 25% على نادي MOVE.']","### باقات إي آند مصر المتاحة مقسمة حسب العائلات:

---

#### 1. **باقات خط الداتا (DataLine)**
- مخصصة لأجهزة الإنترنت المحمولة (MiFi و USB Modem)، لا تعمل على الهاتف المحمول.
- صلاحيات متعددة: شهر، 3 شهور، 6 شهور.
- ميزة ""ضعف الباقة"" تضاعف حجم الإنترنت في أول شحنة فقط.
- أمثلة:
  - **Data Line 25 GB**: بسعر 375 جنيه قبل الضريبة، صلاحية 3 شهور، مع ضعف الباقة يصبح 50 جيجابايت.
  - **Data Line 45 GB**: صلاحية 3 شهور، مع ضعف الباقة يصبح 90 جيجابايت  [4][7].

---

#### 2. **باقات إمرالد (Emerald) - باقات ما بعد الدفع (Postpaid)**
- خمس باقات متدرجة: 430، 780، 1120، 1725، 3450 جنيه (الأسعار قبل الضرائب).
- تشمل إنترنت، دقائق، رسائل، إمكانية إضافة خطوط عائلية، مزايا حصرية مثل خصومات الفنادق، استرداد نقدي، صالات VIP، مدير حساب شخصي.
- مثال:
  - **Emerald 780**: 780 جنيه شهريًا قبل الضرائب، 25 جيجابايت إنترنت، 4500 دقيقة محلية، 2000 رسالة، إمكانية إضافة خطين عائليين، مزايا أخرى  [6][10].

---

#### 3. **باقات حكاية إنترنت (Hekaya Internet) - باقات شهرية**
- تمنح إنترنت، وحدات مكالمات ورسائل، اختيار تطبيقات مفضلة، اشتراكات ترفيهية.
- أمثلة:
  - **Hekaya Internet 58**: 58 جنيه، 2100 ميجابايت، 300 وحدة مكالمات ورسائل، اختيار تطبيق واحد، اشتراكات ترفيهية [2].
  - **Hekaya Internet 345**: 345 جنيه، 20,000 ميجابايت، 300 وحدة، اختيار حتى 3 تطبيقات، اشتراكات ترفيهية [1].

---

#### 4. **باقات حكاية مكسات (Hekaya Mixat)**
- باقات مخصصة مع صلاحية 28 يوم.
- أمثلة:
  - **Super Connect 520**: 520 جنيه قبل الضريبة، 48,000 ميجابايت، 30 دقيقة مكالمات، صلاحية 28 يوم [8].
  - **Super Connect 105**: صلاحية 28 يوم [9].

---

#### 5. **باقات أقوى كارت (Aqwa Card) - أنظمة الدفع المسبق (Prepaid)**
- شحنات بأسعار مختلفة من 5 إلى 75 جنيه.
- تشمل ميكسات، دقائق، إنترنت، صلاحيات قصيرة.
- أمثلة:
  - **Aqwa Card 5**: أرخص باقة، صلاحية يومين.
  - **Aqwa Card 15**: 15 جنيه، 300 ميكس أو دقائق أو إنترنت، 210 دقيقة لمواقع الفيديو والترفيه، صلاحية يومين، الاشتراك عبر `*811#` [5][13].

---

إذا كنت تريد مقارنة أو توصية حسب استخدامك أو ميزانيتك، يمكنني مساعدتك في اختيار الأنسب لك.",0.9583333333333334,0.9352945811665849
